2026-09-02T19:47:24.004+05:30  INFO 15748 --- [smartwatch-leaderboard] [main] c.s.leaderboard.SmartwatchLeaderboard    : Starting SmartwatchLeaderboard using Java 21.0.2 with PID 15748 (C:\Users\PC\smartwatch_application\target\classes started by PC in C:\Users\PC\smartwatch_application)
2026-09-02T19:47:24.006+05:30  INFO 15748 --- [smartwatch-leaderboard] [main] c.s.leaderboard.SmartwatchLeaderboard    : The following 1 profile is active: "local"
2026-09-02T19:47:27.569+05:30  INFO 15748 --- [smartwatch-leaderboard] [main] .s.d.r.c.RepositoryConfigurationDelegate : Bootstrapping Spring Data JPA repositories in DEFAULT mode.
2026-09-02T19:47:27.855+05:30  INFO 15748 --- [smartwatch-leaderboard] [main] .s.d.r.c.RepositoryConfigurationDelegate : Finished Spring Data repository scanning in 224 ms. Found 11 JPA repository interfaces.
2026-09-02T19:47:29.364+05:30  WARN 15748 --- [smartwatch-leaderboard] [main] trationDelegate$BeanPostProcessorChecker : Bean 'org.springframework.boot.autoconfigure.jdbc.DataSourceConfiguration$Hikari' of type [org.springframework.boot.autoconfigure.jdbc.DataSourceConfiguration$Hikari] is not eligible for getting processed by all BeanPostProcessors (for example: not eligible for auto-proxying). Is this bean getting eagerly injected into a currently created BeanPostProcessor [jobRegistryBeanPostProcessor]? Check the corresponding BeanPostProcessor declaration and its dependencies.
2026-09-02T19:47:29.379+05:30  WARN 15748 --- [smartwatch-leaderboard] [main] trationDelegate$BeanPostProcessorChecker : Bean 'spring.datasource-org.springframework.boot.autoconfigure.jdbc.DataSourceProperties' of type [org.springframework.boot.autoconfigure.jdbc.DataSourceProperties] is not eligible for getting processed by all BeanPostProcessors (for example: not eligible for auto-proxying). Is this bean getting eagerly injected into a currently created BeanPostProcessor [jobRegistryBeanPostProcessor]? Check the corresponding BeanPostProcessor declaration and its dependencies.
2026-09-02T19:47:29.385+05:30  WARN 15748 --- [smartwatch-leaderboard] [main] trationDelegate$BeanPostProcessorChecker : Bean 'org.springframework.boot.autoconfigure.jdbc.DataSourceAutoConfiguration$PooledDataSourceConfiguration' of type [org.springframework.boot.autoconfigure.jdbc.DataSourceAutoConfiguration$PooledDataSourceConfiguration] is not eligible for getting processed by all BeanPostProcessors (for example: not eligible for auto-proxying). Is this bean getting eagerly injected into a currently created BeanPostProcessor [jobRegistryBeanPostProcessor]? Check the corresponding BeanPostProcessor declaration and its dependencies.
2026-09-02T19:47:29.389+05:30  WARN 15748 --- [smartwatch-leaderboard] [main] trationDelegate$BeanPostProcessorChecker : Bean 'jdbcConnectionDetails' of type [org.springframework.boot.autoconfigure.jdbc.PropertiesJdbcConnectionDetails] is not eligible for getting processed by all BeanPostProcessors (for example: not eligible for auto-proxying). Is this bean getting eagerly injected into a currently created BeanPostProcessor [jobRegistryBeanPostProcessor]? Check the corresponding BeanPostProcessor declaration and its dependencies.
2026-09-02T19:47:29.431+05:30  WARN 15748 --- [smartwatch-leaderboard] [main] trationDelegate$BeanPostProcessorChecker : Bean 'dataSource' of type [com.zaxxer.hikari.HikariDataSource] is not eligible for getting processed by all BeanPostProcessors (for example: not eligible for auto-proxying). Is this bean getting eagerly injected into a currently created BeanPostProcessor [jobRegistryBeanPostProcessor]? Check the corresponding BeanPostProcessor declaration and its dependencies.
2026-09-02T19:47:29.452+05:30  WARN 15748 --- [smartwatch-leaderboard] [main] trationDelegate$BeanPostProcessorChecker : Bean 'spring.jpa-org.springframework.boot.autoconfigure.orm.jpa.JpaProperties' of type [org.springframework.boot.autoconfigure.orm.jpa.JpaProperties] is not eligible for getting processed by all BeanPostProcessors (for example: not eligible for auto-proxying). Is this bean getting eagerly injected into a currently created BeanPostProcessor [jobRegistryBeanPostProcessor]? Check the corresponding BeanPostProcessor declaration and its dependencies.
2026-09-02T19:47:29.457+05:30  WARN 15748 --- [smartwatch-leaderboard] [main] trationDelegate$BeanPostProcessorChecker : Bean 'spring.jpa.hibernate-org.springframework.boot.autoconfigure.orm.jpa.HibernateProperties' of type [org.springframework.boot.autoconfigure.orm.jpa.HibernateProperties] is not eligible for getting processed by all BeanPostProcessors (for example: not eligible for auto-proxying). Is this bean getting eagerly injected into a currently created BeanPostProcessor [jobRegistryBeanPostProcessor]? Check the corresponding BeanPostProcessor declaration and its dependencies.
2026-09-02T19:47:29.467+05:30  WARN 15748 --- [smartwatch-leaderboard] [main] trationDelegate$BeanPostProcessorChecker : Bean 'org.springframework.boot.autoconfigure.jdbc.metadata.DataSourcePoolMetadataProvidersConfiguration$HikariPoolDataSourceMetadataProviderConfiguration' of type [org.springframework.boot.autoconfigure.jdbc.metadata.DataSourcePoolMetadataProvidersConfiguration$HikariPoolDataSourceMetadataProviderConfiguration] is not eligible for getting processed by all BeanPostProcessors (for example: not eligible for auto-proxying). Is this bean getting eagerly injected into a currently created BeanPostProcessor [jobRegistryBeanPostProcessor]? Check the corresponding BeanPostProcessor declaration and its dependencies.
2026-09-02T19:47:29.469+05:30  WARN 15748 --- [smartwatch-leaderboard] [main] trationDelegate$BeanPostProcessorChecker : Bean 'hikariPoolDataSourceMetadataProvider' of type [org.springframework.boot.autoconfigure.jdbc.metadata.DataSourcePoolMetadataProvidersConfiguration$HikariPoolDataSourceMetadataProviderConfiguration$$Lambda/0x000001e101446f10] is not eligible for getting processed by all BeanPostProcessors (for example: not eligible for auto-proxying). Is this bean getting eagerly injected into a currently created BeanPostProcessor [jobRegistryBeanPostProcessor]? Check the corresponding BeanPostProcessor declaration and its dependencies.
2026-09-02T19:47:29.475+05:30  WARN 15748 --- [smartwatch-leaderboard] [main] trationDelegate$BeanPostProcessorChecker : Bean 'org.springframework.boot.autoconfigure.orm.jpa.HibernateJpaConfiguration' of type [org.springframework.boot.autoconfigure.orm.jpa.HibernateJpaConfiguration] is not eligible for getting processed by all BeanPostProcessors (for example: not eligible for auto-proxying). Is this bean getting eagerly injected into a currently created BeanPostProcessor [jobRegistryBeanPostProcessor]? Check the corresponding BeanPostProcessor declaration and its dependencies.
2026-09-02T19:47:29.502+05:30  WARN 15748 --- [smartwatch-leaderboard] [main] trationDelegate$BeanPostProcessorChecker : Bean 'org.springframework.boot.autoconfigure.transaction.TransactionManagerCustomizationAutoConfiguration' of type [org.springframework.boot.autoconfigure.transaction.TransactionManagerCustomizationAutoConfiguration] is not eligible for getting processed by all BeanPostProcessors (for example: not eligible for auto-proxying). Is this bean getting eagerly injected into a currently created BeanPostProcessor [jobRegistryBeanPostProcessor]? Check the corresponding BeanPostProcessor declaration and its dependencies.
2026-09-02T19:47:29.508+05:30  WARN 15748 --- [smartwatch-leaderboard] [main] trationDelegate$BeanPostProcessorChecker : Bean 'transactionExecutionListeners' of type [org.springframework.boot.autoconfigure.transaction.ExecutionListenersTransactionManagerCustomizer] is not eligible for getting processed by all BeanPostProcessors (for example: not eligible for auto-proxying). Is this bean getting eagerly injected into a currently created BeanPostProcessor [jobRegistryBeanPostProcessor]? Check the corresponding BeanPostProcessor declaration and its dependencies.
2026-09-02T19:47:29.512+05:30  WARN 15748 --- [smartwatch-leaderboard] [main] trationDelegate$BeanPostProcessorChecker : Bean 'spring.transaction-org.springframework.boot.autoconfigure.transaction.TransactionProperties' of type [org.springframework.boot.autoconfigure.transaction.TransactionProperties] is not eligible for getting processed by all BeanPostProcessors (for example: not eligible for auto-proxying). Is this bean getting eagerly injected into a currently created BeanPostProcessor [jobRegistryBeanPostProcessor]? Check the corresponding BeanPostProcessor declaration and its dependencies.
2026-09-02T19:47:29.515+05:30  WARN 15748 --- [smartwatch-leaderboard] [main] trationDelegate$BeanPostProcessorChecker : Bean 'platformTransactionManagerCustomizers' of type [org.springframework.boot.autoconfigure.transaction.TransactionManagerCustomizers] is not eligible for getting processed by all BeanPostProcessors (for example: not eligible for auto-proxying). Is this bean getting eagerly injected into a currently created BeanPostProcessor [jobRegistryBeanPostProcessor]? Check the corresponding BeanPostProcessor declaration and its dependencies.
2026-09-02T19:47:29.549+05:30  WARN 15748 --- [smartwatch-leaderboard] [main] trationDelegate$BeanPostProcessorChecker : Bean 'org.springframework.boot.autoconfigure.sql.init.DataSourceInitializationConfiguration' of type [org.springframework.boot.autoconfigure.sql.init.DataSourceInitializationConfiguration] is not eligible for getting processed by all BeanPostProcessors (for example: not eligible for auto-proxying). Is this bean getting eagerly injected into a currently created BeanPostProcessor [jobRegistryBeanPostProcessor]? Check the corresponding BeanPostProcessor declaration and its dependencies.
2026-09-02T19:47:29.553+05:30  WARN 15748 --- [smartwatch-leaderboard] [main] trationDelegate$BeanPostProcessorChecker : Bean 'spring.sql.init-org.springframework.boot.autoconfigure.sql.init.SqlInitializationProperties' of type [org.springframework.boot.autoconfigure.sql.init.SqlInitializationProperties] is not eligible for getting processed by all BeanPostProcessors (for example: not eligible for auto-proxying). Is this bean getting eagerly injected into a currently created BeanPostProcessor [jobRegistryBeanPostProcessor]? Check the corresponding BeanPostProcessor declaration and its dependencies.
2026-09-02T19:47:29.567+05:30  WARN 15748 --- [smartwatch-leaderboard] [main] trationDelegate$BeanPostProcessorChecker : Bean 'dataSourceScriptDatabaseInitializer' of type [org.springframework.boot.autoconfigure.sql.init.SqlDataSourceScriptDatabaseInitializer] is not eligible for getting processed by all BeanPostProcessors (for example: not eligible for auto-proxying). Is this bean getting eagerly injected into a currently created BeanPostProcessor [jobRegistryBeanPostProcessor]? Check the corresponding BeanPostProcessor declaration and its dependencies.
2026-09-02T19:47:29.569+05:30  WARN 15748 --- [smartwatch-leaderboard] [main] trationDelegate$BeanPostProcessorChecker : Bean 'org.springframework.boot.autoconfigure.batch.BatchAutoConfiguration$DataSourceInitializerConfiguration' of type [org.springframework.boot.autoconfigure.batch.BatchAutoConfiguration$DataSourceInitializerConfiguration] is not eligible for getting processed by all BeanPostProcessors (for example: not eligible for auto-proxying). Is this bean getting eagerly injected into a currently created BeanPostProcessor [jobRegistryBeanPostProcessor]? Check the corresponding BeanPostProcessor declaration and its dependencies.
2026-09-02T19:47:29.581+05:30  WARN 15748 --- [smartwatch-leaderboard] [main] trationDelegate$BeanPostProcessorChecker : Bean 'spring.batch-org.springframework.boot.autoconfigure.batch.BatchProperties' of type [org.springframework.boot.autoconfigure.batch.BatchProperties] is not eligible for getting processed by all BeanPostProcessors (for example: not eligible for auto-proxying). Is this bean getting eagerly injected into a currently created BeanPostProcessor [jobRegistryBeanPostProcessor]? Check the corresponding BeanPostProcessor declaration and its dependencies.
2026-09-02T19:47:29.609+05:30  INFO 15748 --- [smartwatch-leaderboard] [main] com.zaxxer.hikari.HikariDataSource       : HikariPool-1 - Starting...
2026-09-02T19:47:31.510+05:30 ERROR 15748 --- [smartwatch-leaderboard] [main] com.zaxxer.hikari.pool.HikariPool        : HikariPool-1 - Exception during pool initialization.

java.sql.SQLException: Access denied for user 'root'@'localhost' (using password: YES)
	at com.mysql.cj.jdbc.exceptions.SQLError.createSQLException(SQLError.java:130) ~[mysql-connector-j-8.3.0.jar:8.3.0]
	at com.mysql.cj.jdbc.exceptions.SQLExceptionsMapping.translateException(SQLExceptionsMapping.java:122) ~[mysql-connector-j-8.3.0.jar:8.3.0]
	at com.mysql.cj.jdbc.ConnectionImpl.createNewIO(ConnectionImpl.java:815) ~[mysql-connector-j-8.3.0.jar:8.3.0]
	at com.mysql.cj.jdbc.ConnectionImpl.<init>(ConnectionImpl.java:438) ~[mysql-connector-j-8.3.0.jar:8.3.0]
	at com.mysql.cj.jdbc.ConnectionImpl.getInstance(ConnectionImpl.java:241) ~[mysql-connector-j-8.3.0.jar:8.3.0]
	at com.mysql.cj.jdbc.NonRegisteringDriver.connect(NonRegisteringDriver.java:189) ~[mysql-connector-j-8.3.0.jar:8.3.0]
	at com.zaxxer.hikari.util.DriverDataSource.getConnection(DriverDataSource.java:138) ~[HikariCP-5.0.1.jar:na]
	at com.zaxxer.hikari.pool.PoolBase.newConnection(PoolBase.java:359) ~[HikariCP-5.0.1.jar:na]
	at com.zaxxer.hikari.pool.PoolBase.newPoolEntry(PoolBase.java:201) ~[HikariCP-5.0.1.jar:na]
	at com.zaxxer.hikari.pool.HikariPool.createPoolEntry(HikariPool.java:470) ~[HikariCP-5.0.1.jar:na]
	at com.zaxxer.hikari.pool.HikariPool.checkFailFast(HikariPool.java:561) ~[HikariCP-5.0.1.jar:na]
	at com.zaxxer.hikari.pool.HikariPool.<init>(HikariPool.java:100) ~[HikariCP-5.0.1.jar:na]
	at com.zaxxer.hikari.HikariDataSource.getConnection(HikariDataSource.java:112) ~[HikariCP-5.0.1.jar:na]
	at org.springframework.jdbc.datasource.DataSourceUtils.fetchConnection(DataSourceUtils.java:160) ~[spring-jdbc-6.1.5.jar:6.1.5]
	at org.springframework.jdbc.datasource.DataSourceUtils.doGetConnection(DataSourceUtils.java:118) ~[spring-jdbc-6.1.5.jar:6.1.5]
	at org.springframework.jdbc.datasource.DataSourceUtils.getConnection(DataSourceUtils.java:81) ~[spring-jdbc-6.1.5.jar:6.1.5]
	at org.springframework.jdbc.support.JdbcUtils.extractDatabaseMetaData(JdbcUtils.java:331) ~[spring-jdbc-6.1.5.jar:6.1.5]
	at org.springframework.boot.jdbc.init.PlatformPlaceholderDatabaseDriverResolver.getDatabaseDriver(PlatformPlaceholderDatabaseDriverResolver.java:140) ~[spring-boot-3.2.4.jar:3.2.4]
	at org.springframework.boot.jdbc.init.PlatformPlaceholderDatabaseDriverResolver.determinePlatform(PlatformPlaceholderDatabaseDriverResolver.java:132) ~[spring-boot-3.2.4.jar:3.2.4]
	at org.springframework.boot.jdbc.init.PlatformPlaceholderDatabaseDriverResolver.lambda$resolveAll$0(PlatformPlaceholderDatabaseDriverResolver.java:97) ~[spring-boot-3.2.4.jar:3.2.4]
	at org.springframework.boot.jdbc.init.PlatformPlaceholderDatabaseDriverResolver.resolveAll(PlatformPlaceholderDatabaseDriverResolver.java:122) ~[spring-boot-3.2.4.jar:3.2.4]
	at org.springframework.boot.jdbc.init.PlatformPlaceholderDatabaseDriverResolver.resolveAll(PlatformPlaceholderDatabaseDriverResolver.java:97) ~[spring-boot-3.2.4.jar:3.2.4]
	at org.springframework.boot.autoconfigure.batch.BatchDataSourceScriptDatabaseInitializer.resolveSchemaLocations(BatchDataSourceScriptDatabaseInitializer.java:83) ~[spring-boot-autoconfigure-3.2.4.jar:3.2.4]
	at org.springframework.boot.autoconfigure.batch.BatchDataSourceScriptDatabaseInitializer.getSettings(BatchDataSourceScriptDatabaseInitializer.java:72) ~[spring-boot-autoconfigure-3.2.4.jar:3.2.4]
	at org.springframework.boot.autoconfigure.batch.BatchDataSourceScriptDatabaseInitializer.<init>(BatchDataSourceScriptDatabaseInitializer.java:47) ~[spring-boot-autoconfigure-3.2.4.jar:3.2.4]
	at org.springframework.boot.autoconfigure.batch.BatchAutoConfiguration$DataSourceInitializerConfiguration.batchDataSourceInitializer(BatchAutoConfiguration.java:156) ~[spring-boot-autoconfigure-3.2.4.jar:3.2.4]
	at java.base/jdk.internal.reflect.DirectMethodHandleAccessor.invoke(DirectMethodHandleAccessor.java:103) ~[na:na]
	at java.base/java.lang.reflect.Method.invoke(Method.java:580) ~[na:na]
	at org.springframework.beans.factory.support.SimpleInstantiationStrategy.instantiate(SimpleInstantiationStrategy.java:140) ~[spring-beans-6.1.5.jar:6.1.5]
	at org.springframework.beans.factory.support.ConstructorResolver.instantiate(ConstructorResolver.java:644) ~[spring-beans-6.1.5.jar:6.1.5]
	at org.springframework.beans.factory.support.ConstructorResolver.instantiateUsingFactoryMethod(ConstructorResolver.java:636) ~[spring-beans-6.1.5.jar:6.1.5]
	at org.springframework.beans.factory.support.AbstractAutowireCapableBeanFactory.instantiateUsingFactoryMethod(AbstractAutowireCapableBeanFactory.java:1335) ~[spring-beans-6.1.5.jar:6.1.5]
	at org.springframework.beans.factory.support.AbstractAutowireCapableBeanFactory.createBeanInstance(AbstractAutowireCapableBeanFactory.java:1165) ~[spring-beans-6.1.5.jar:6.1.5]
	at org.springframework.beans.factory.support.AbstractAutowireCapableBeanFactory.doCreateBean(AbstractAutowireCapableBeanFactory.java:562) ~[spring-beans-6.1.5.jar:6.1.5]
	at org.springframework.beans.factory.support.AbstractAutowireCapableBeanFactory.createBean(AbstractAutowireCapableBeanFactory.java:522) ~[spring-beans-6.1.5.jar:6.1.5]
	at org.springframework.beans.factory.support.AbstractBeanFactory.lambda$doGetBean$0(AbstractBeanFactory.java:326) ~[spring-beans-6.1.5.jar:6.1.5]
	at org.springframework.beans.factory.support.DefaultSingletonBeanRegistry.getSingleton(DefaultSingletonBeanRegistry.java:234) ~[spring-beans-6.1.5.jar:6.1.5]
	at org.springframework.beans.factory.support.AbstractBeanFactory.doGetBean(AbstractBeanFactory.java:324) ~[spring-beans-6.1.5.jar:6.1.5]
	at org.springframework.beans.factory.support.AbstractBeanFactory.getBean(AbstractBeanFactory.java:200) ~[spring-beans-6.1.5.jar:6.1.5]
	at org.springframework.beans.factory.support.AbstractBeanFactory.doGetBean(AbstractBeanFactory.java:313) ~[spring-beans-6.1.5.jar:6.1.5]
	at org.springframework.beans.factory.support.AbstractBeanFactory.getBean(AbstractBeanFactory.java:225) ~[spring-beans-6.1.5.jar:6.1.5]
	at org.springframework.beans.factory.support.DefaultListableBeanFactory.resolveNamedBean(DefaultListableBeanFactory.java:1323) ~[spring-beans-6.1.5.jar:6.1.5]
	at org.springframework.beans.factory.support.DefaultListableBeanFactory.resolveNamedBean(DefaultListableBeanFactory.java:1284) ~[spring-beans-6.1.5.jar:6.1.5]
	at org.springframework.beans.factory.support.DefaultListableBeanFactory.resolveBean(DefaultListableBeanFactory.java:486) ~[spring-beans-6.1.5.jar:6.1.5]
	at org.springframework.beans.factory.support.DefaultListableBeanFactory.getBean(DefaultListableBeanFactory.java:341) ~[spring-beans-6.1.5.jar:6.1.5]
	at org.springframework.beans.factory.support.DefaultListableBeanFactory.getBean(DefaultListableBeanFactory.java:334) ~[spring-beans-6.1.5.jar:6.1.5]
	at org.springframework.orm.jpa.EntityManagerFactoryUtils.findEntityManagerFactory(EntityManagerFactoryUtils.java:120) ~[spring-orm-6.1.5.jar:6.1.5]
	at org.springframework.orm.jpa.JpaTransactionManager.setBeanFactory(JpaTransactionManager.java:333) ~[spring-orm-6.1.5.jar:6.1.5]
	at org.springframework.beans.factory.support.AbstractAutowireCapableBeanFactory.invokeAwareMethods(AbstractAutowireCapableBeanFactory.java:1807) ~[spring-beans-6.1.5.jar:6.1.5]
	at org.springframework.beans.factory.support.AbstractAutowireCapableBeanFactory.initializeBean(AbstractAutowireCapableBeanFactory.java:1774) ~[spring-beans-6.1.5.jar:6.1.5]
	at org.springframework.beans.factory.support.AbstractAutowireCapableBeanFactory.doCreateBean(AbstractAutowireCapableBeanFactory.java:600) ~[spring-beans-6.1.5.jar:6.1.5]
	at org.springframework.beans.factory.support.AbstractAutowireCapableBeanFactory.createBean(AbstractAutowireCapableBeanFactory.java:522) ~[spring-beans-6.1.5.jar:6.1.5]
	at org.springframework.beans.factory.support.AbstractBeanFactory.lambda$doGetBean$0(AbstractBeanFactory.java:326) ~[spring-beans-6.1.5.jar:6.1.5]
	at org.springframework.beans.factory.support.DefaultSingletonBeanRegistry.getSingleton(DefaultSingletonBeanRegistry.java:234) ~[spring-beans-6.1.5.jar:6.1.5]
	at org.springframework.beans.factory.support.AbstractBeanFactory.doGetBean(AbstractBeanFactory.java:324) ~[spring-beans-6.1.5.jar:6.1.5]
	at org.springframework.beans.factory.support.AbstractBeanFactory.getBean(AbstractBeanFactory.java:200) ~[spring-beans-6.1.5.jar:6.1.5]
	at org.springframework.beans.factory.config.DependencyDescriptor.resolveCandidate(DependencyDescriptor.java:254) ~[spring-beans-6.1.5.jar:6.1.5]
	at org.springframework.beans.factory.support.DefaultListableBeanFactory.doResolveDependency(DefaultListableBeanFactory.java:1443) ~[spring-beans-6.1.5.jar:6.1.5]
	at org.springframework.beans.factory.support.DefaultListableBeanFactory.resolveDependency(DefaultListableBeanFactory.java:1353) ~[spring-beans-6.1.5.jar:6.1.5]
	at org.springframework.beans.factory.support.ConstructorResolver.resolveAutowiredArgument(ConstructorResolver.java:904) ~[spring-beans-6.1.5.jar:6.1.5]
	at org.springframework.beans.factory.support.ConstructorResolver.createArgumentArray(ConstructorResolver.java:782) ~[spring-beans-6.1.5.jar:6.1.5]
	at org.springframework.beans.factory.support.ConstructorResolver.autowireConstructor(ConstructorResolver.java:237) ~[spring-beans-6.1.5.jar:6.1.5]
	at org.springframework.beans.factory.support.AbstractAutowireCapableBeanFactory.autowireConstructor(AbstractAutowireCapableBeanFactory.java:1355) ~[spring-beans-6.1.5.jar:6.1.5]
	at org.springframework.beans.factory.support.AbstractAutowireCapableBeanFactory.createBeanInstance(AbstractAutowireCapableBeanFactory.java:1192) ~[spring-beans-6.1.5.jar:6.1.5]
	at org.springframework.beans.factory.support.AbstractAutowireCapableBeanFactory.doCreateBean(AbstractAutowireCapableBeanFactory.java:562) ~[spring-beans-6.1.5.jar:6.1.5]
	at org.springframework.beans.factory.support.AbstractAutowireCapableBeanFactory.createBean(AbstractAutowireCapableBeanFactory.java:522) ~[spring-beans-6.1.5.jar:6.1.5]
	at org.springframework.beans.factory.support.AbstractBeanFactory.lambda$doGetBean$0(AbstractBeanFactory.java:326) ~[spring-beans-6.1.5.jar:6.1.5]
	at org.springframework.beans.factory.support.DefaultSingletonBeanRegistry.getSingleton(DefaultSingletonBeanRegistry.java:234) ~[spring-beans-6.1.5.jar:6.1.5]
	at org.springframework.beans.factory.support.AbstractBeanFactory.doGetBean(AbstractBeanFactory.java:324) ~[spring-beans-6.1.5.jar:6.1.5]
	at org.springframework.beans.factory.support.AbstractBeanFactory.getBean(AbstractBeanFactory.java:200) ~[spring-beans-6.1.5.jar:6.1.5]
	at org.springframework.beans.factory.support.ConstructorResolver.instantiateUsingFactoryMethod(ConstructorResolver.java:409) ~[spring-beans-6.1.5.jar:6.1.5]
	at org.springframework.beans.factory.support.AbstractAutowireCapableBeanFactory.instantiateUsingFactoryMethod(AbstractAutowireCapableBeanFactory.java:1335) ~[spring-beans-6.1.5.jar:6.1.5]
	at org.springframework.beans.factory.support.AbstractAutowireCapableBeanFactory.createBeanInstance(AbstractAutowireCapableBeanFactory.java:1165) ~[spring-beans-6.1.5.jar:6.1.5]
	at org.springframework.beans.factory.support.AbstractAutowireCapableBeanFactory.doCreateBean(AbstractAutowireCapableBeanFactory.java:562) ~[spring-beans-6.1.5.jar:6.1.5]
	at org.springframework.beans.factory.support.AbstractAutowireCapableBeanFactory.createBean(AbstractAutowireCapableBeanFactory.java:522) ~[spring-beans-6.1.5.jar:6.1.5]
	at org.springframework.beans.factory.support.AbstractBeanFactory.lambda$doGetBean$0(AbstractBeanFactory.java:326) ~[spring-beans-6.1.5.jar:6.1.5]
	at org.springframework.beans.factory.support.DefaultSingletonBeanRegistry.getSingleton(DefaultSingletonBeanRegistry.java:234) ~[spring-beans-6.1.5.jar:6.1.5]
	at org.springframework.beans.factory.support.AbstractBeanFactory.doGetBean(AbstractBeanFactory.java:324) ~[spring-beans-6.1.5.jar:6.1.5]
	at org.springframework.beans.factory.support.AbstractBeanFactory.getBean(AbstractBeanFactory.java:205) ~[spring-beans-6.1.5.jar:6.1.5]
	at org.springframework.context.support.PostProcessorRegistrationDelegate.registerBeanPostProcessors(PostProcessorRegistrationDelegate.java:277) ~[spring-context-6.1.5.jar:6.1.5]
	at org.springframework.context.support.AbstractApplicationContext.registerBeanPostProcessors(AbstractApplicationContext.java:805) ~[spring-context-6.1.5.jar:6.1.5]
	at org.springframework.context.support.AbstractApplicationContext.refresh(AbstractApplicationContext.java:608) ~[spring-context-6.1.5.jar:6.1.5]
	at org.springframework.boot.web.servlet.context.ServletWebServerApplicationContext.refresh(ServletWebServerApplicationContext.java:146) ~[spring-boot-3.2.4.jar:3.2.4]
	at org.springframework.boot.SpringApplication.refresh(SpringApplication.java:754) ~[spring-boot-3.2.4.jar:3.2.4]
	at org.springframework.boot.SpringApplication.refreshContext(SpringApplication.java:456) ~[spring-boot-3.2.4.jar:3.2.4]
	at org.springframework.boot.SpringApplication.run(SpringApplication.java:334) ~[spring-boot-3.2.4.jar:3.2.4]
	at org.springframework.boot.SpringApplication.run(SpringApplication.java:1354) ~[spring-boot-3.2.4.jar:3.2.4]
	at org.springframework.boot.SpringApplication.run(SpringApplication.java:1343) ~[spring-boot-3.2.4.jar:3.2.4]
	at com.smartwatch.leaderboard.SmartwatchLeaderboard.main(SmartwatchLeaderboard.java:10) ~[classes/:na]

2026-09-02T19:47:31.580+05:30  WARN 15748 --- [smartwatch-leaderboard] [main] ConfigServletWebServerApplicationContext : Exception encountered during context initialization - cancelling refresh attempt: org.springframework.beans.factory.UnsatisfiedDependencyException: Error creating bean with name 'org.springframework.boot.autoconfigure.batch.BatchAutoConfiguration$SpringBootBatchConfiguration': Unsatisfied dependency expressed through constructor parameter 2: Error creating bean with name 'transactionManager' defined in class path resource [org/springframework/boot/autoconfigure/orm/jpa/HibernateJpaConfiguration.class]: Error creating bean with name 'batchDataSourceInitializer' defined in class path resource [org/springframework/boot/autoconfigure/batch/BatchAutoConfiguration$DataSourceInitializerConfiguration.class]: Failed to instantiate [org.springframework.boot.autoconfigure.batch.BatchDataSourceScriptDatabaseInitializer]: Factory method 'batchDataSourceInitializer' threw exception with message: Failed to determine DatabaseDriver
2026-09-02T19:47:31.608+05:30  INFO 15748 --- [smartwatch-leaderboard] [main] .s.b.a.l.ConditionEvaluationReportLogger : 

Error starting ApplicationContext. To display the condition evaluation report re-run your application with 'debug' enabled.
2026-09-02T19:47:31.699+05:30 ERROR 15748 --- [smartwatch-leaderboard] [main] o.s.boot.SpringApplication               : Application run failed

org.springframework.beans.factory.UnsatisfiedDependencyException: Error creating bean with name 'org.springframework.boot.autoconfigure.batch.BatchAutoConfiguration$SpringBootBatchConfiguration': Unsatisfied dependency expressed through constructor parameter 2: Error creating bean with name 'transactionManager' defined in class path resource [org/springframework/boot/autoconfigure/orm/jpa/HibernateJpaConfiguration.class]: Error creating bean with name 'batchDataSourceInitializer' defined in class path resource [org/springframework/boot/autoconfigure/batch/BatchAutoConfiguration$DataSourceInitializerConfiguration.class]: Failed to instantiate [org.springframework.boot.autoconfigure.batch.BatchDataSourceScriptDatabaseInitializer]: Factory method 'batchDataSourceInitializer' threw exception with message: Failed to determine DatabaseDriver
	at org.springframework.beans.factory.support.ConstructorResolver.createArgumentArray(ConstructorResolver.java:795) ~[spring-beans-6.1.5.jar:6.1.5]
	at org.springframework.beans.factory.support.ConstructorResolver.autowireConstructor(ConstructorResolver.java:237) ~[spring-beans-6.1.5.jar:6.1.5]
	at org.springframework.beans.factory.support.AbstractAutowireCapableBeanFactory.autowireConstructor(AbstractAutowireCapableBeanFactory.java:1355) ~[spring-beans-6.1.5.jar:6.1.5]
	at org.springframework.beans.factory.support.AbstractAutowireCapableBeanFactory.createBeanInstance(AbstractAutowireCapableBeanFactory.java:1192) ~[spring-beans-6.1.5.jar:6.1.5]
	at org.springframework.beans.factory.support.AbstractAutowireCapableBeanFactory.doCreateBean(AbstractAutowireCapableBeanFactory.java:562) ~[spring-beans-6.1.5.jar:6.1.5]
	at org.springframework.beans.factory.support.AbstractAutowireCapableBeanFactory.createBean(AbstractAutowireCapableBeanFactory.java:522) ~[spring-beans-6.1.5.jar:6.1.5]
	at org.springframework.beans.factory.support.AbstractBeanFactory.lambda$doGetBean$0(AbstractBeanFactory.java:326) ~[spring-beans-6.1.5.jar:6.1.5]
	at org.springframework.beans.factory.support.DefaultSingletonBeanRegistry.getSingleton(DefaultSingletonBeanRegistry.java:234) ~[spring-beans-6.1.5.jar:6.1.5]
	at org.springframework.beans.factory.support.AbstractBeanFactory.doGetBean(AbstractBeanFactory.java:324) ~[spring-beans-6.1.5.jar:6.1.5]
	at org.springframework.beans.factory.support.AbstractBeanFactory.getBean(AbstractBeanFactory.java:200) ~[spring-beans-6.1.5.jar:6.1.5]
	at org.springframework.beans.factory.support.ConstructorResolver.instantiateUsingFactoryMethod(ConstructorResolver.java:409) ~[spring-beans-6.1.5.jar:6.1.5]
	at org.springframework.beans.factory.support.AbstractAutowireCapableBeanFactory.instantiateUsingFactoryMethod(AbstractAutowireCapableBeanFactory.java:1335) ~[spring-beans-6.1.5.jar:6.1.5]
	at org.springframework.beans.factory.support.AbstractAutowireCapableBeanFactory.createBeanInstance(AbstractAutowireCapableBeanFactory.java:1165) ~[spring-beans-6.1.5.jar:6.1.5]
	at org.springframework.beans.factory.support.AbstractAutowireCapableBeanFactory.doCreateBean(AbstractAutowireCapableBeanFactory.java:562) ~[spring-beans-6.1.5.jar:6.1.5]
	at org.springframework.beans.factory.support.AbstractAutowireCapableBeanFactory.createBean(AbstractAutowireCapableBeanFactory.java:522) ~[spring-beans-6.1.5.jar:6.1.5]
	at org.springframework.beans.factory.support.AbstractBeanFactory.lambda$doGetBean$0(AbstractBeanFactory.java:326) ~[spring-beans-6.1.5.jar:6.1.5]
	at org.springframework.beans.factory.support.DefaultSingletonBeanRegistry.getSingleton(DefaultSingletonBeanRegistry.java:234) ~[spring-beans-6.1.5.jar:6.1.5]
	at org.springframework.beans.factory.support.AbstractBeanFactory.doGetBean(AbstractBeanFactory.java:324) ~[spring-beans-6.1.5.jar:6.1.5]
	at org.springframework.beans.factory.support.AbstractBeanFactory.getBean(AbstractBeanFactory.java:205) ~[spring-beans-6.1.5.jar:6.1.5]
	at org.springframework.context.support.PostProcessorRegistrationDelegate.registerBeanPostProcessors(PostProcessorRegistrationDelegate.java:277) ~[spring-context-6.1.5.jar:6.1.5]
	at org.springframework.context.support.AbstractApplicationContext.registerBeanPostProcessors(AbstractApplicationContext.java:805) ~[spring-context-6.1.5.jar:6.1.5]
	at org.springframework.context.support.AbstractApplicationContext.refresh(AbstractApplicationContext.java:608) ~[spring-context-6.1.5.jar:6.1.5]
	at org.springframework.boot.web.servlet.context.ServletWebServerApplicationContext.refresh(ServletWebServerApplicationContext.java:146) ~[spring-boot-3.2.4.jar:3.2.4]
	at org.springframework.boot.SpringApplication.refresh(SpringApplication.java:754) ~[spring-boot-3.2.4.jar:3.2.4]
	at org.springframework.boot.SpringApplication.refreshContext(SpringApplication.java:456) ~[spring-boot-3.2.4.jar:3.2.4]
	at org.springframework.boot.SpringApplication.run(SpringApplication.java:334) ~[spring-boot-3.2.4.jar:3.2.4]
	at org.springframework.boot.SpringApplication.run(SpringApplication.java:1354) ~[spring-boot-3.2.4.jar:3.2.4]
	at org.springframework.boot.SpringApplication.run(SpringApplication.java:1343) ~[spring-boot-3.2.4.jar:3.2.4]
	at com.smartwatch.leaderboard.SmartwatchLeaderboard.main(SmartwatchLeaderboard.java:10) ~[classes/:na]
Caused by: org.springframework.beans.factory.BeanCreationException: Error creating bean with name 'transactionManager' defined in class path resource [org/springframework/boot/autoconfigure/orm/jpa/HibernateJpaConfiguration.class]: Error creating bean with name 'batchDataSourceInitializer' defined in class path resource [org/springframework/boot/autoconfigure/batch/BatchAutoConfiguration$DataSourceInitializerConfiguration.class]: Failed to instantiate [org.springframework.boot.autoconfigure.batch.BatchDataSourceScriptDatabaseInitializer]: Factory method 'batchDataSourceInitializer' threw exception with message: Failed to determine DatabaseDriver
	at org.springframework.beans.factory.support.AbstractAutowireCapableBeanFactory.doCreateBean(AbstractAutowireCapableBeanFactory.java:607) ~[spring-beans-6.1.5.jar:6.1.5]
	at org.springframework.beans.factory.support.AbstractAutowireCapableBeanFactory.createBean(AbstractAutowireCapableBeanFactory.java:522) ~[spring-beans-6.1.5.jar:6.1.5]
	at org.springframework.beans.factory.support.AbstractBeanFactory.lambda$doGetBean$0(AbstractBeanFactory.java:326) ~[spring-beans-6.1.5.jar:6.1.5]
	at org.springframework.beans.factory.support.DefaultSingletonBeanRegistry.getSingleton(DefaultSingletonBeanRegistry.java:234) ~[spring-beans-6.1.5.jar:6.1.5]
	at org.springframework.beans.factory.support.AbstractBeanFactory.doGetBean(AbstractBeanFactory.java:324) ~[spring-beans-6.1.5.jar:6.1.5]
	at org.springframework.beans.factory.support.AbstractBeanFactory.getBean(AbstractBeanFactory.java:200) ~[spring-beans-6.1.5.jar:6.1.5]
	at org.springframework.beans.factory.config.DependencyDescriptor.resolveCandidate(DependencyDescriptor.java:254) ~[spring-beans-6.1.5.jar:6.1.5]
	at org.springframework.beans.factory.support.DefaultListableBeanFactory.doResolveDependency(DefaultListableBeanFactory.java:1443) ~[spring-beans-6.1.5.jar:6.1.5]
	at org.springframework.beans.factory.support.DefaultListableBeanFactory.resolveDependency(DefaultListableBeanFactory.java:1353) ~[spring-beans-6.1.5.jar:6.1.5]
	at org.springframework.beans.factory.support.ConstructorResolver.resolveAutowiredArgument(ConstructorResolver.java:904) ~[spring-beans-6.1.5.jar:6.1.5]
	at org.springframework.beans.factory.support.ConstructorResolver.createArgumentArray(ConstructorResolver.java:782) ~[spring-beans-6.1.5.jar:6.1.5]
	... 28 common frames omitted
Caused by: org.springframework.beans.factory.BeanCreationException: Error creating bean with name 'batchDataSourceInitializer' defined in class path resource [org/springframework/boot/autoconfigure/batch/BatchAutoConfiguration$DataSourceInitializerConfiguration.class]: Failed to instantiate [org.springframework.boot.autoconfigure.batch.BatchDataSourceScriptDatabaseInitializer]: Factory method 'batchDataSourceInitializer' threw exception with message: Failed to determine DatabaseDriver
	at org.springframework.beans.factory.support.ConstructorResolver.instantiate(ConstructorResolver.java:648) ~[spring-beans-6.1.5.jar:6.1.5]
	at org.springframework.beans.factory.support.ConstructorResolver.instantiateUsingFactoryMethod(ConstructorResolver.java:636) ~[spring-beans-6.1.5.jar:6.1.5]
	at org.springframework.beans.factory.support.AbstractAutowireCapableBeanFactory.instantiateUsingFactoryMethod(AbstractAutowireCapableBeanFactory.java:1335) ~[spring-beans-6.1.5.jar:6.1.5]
	at org.springframework.beans.factory.support.AbstractAutowireCapableBeanFactory.createBeanInstance(AbstractAutowireCapableBeanFactory.java:1165) ~[spring-beans-6.1.5.jar:6.1.5]
	at org.springframework.beans.factory.support.AbstractAutowireCapableBeanFactory.doCreateBean(AbstractAutowireCapableBeanFactory.java:562) ~[spring-beans-6.1.5.jar:6.1.5]
	at org.springframework.beans.factory.support.AbstractAutowireCapableBeanFactory.createBean(AbstractAutowireCapableBeanFactory.java:522) ~[spring-beans-6.1.5.jar:6.1.5]
	at org.springframework.beans.factory.support.AbstractBeanFactory.lambda$doGetBean$0(AbstractBeanFactory.java:326) ~[spring-beans-6.1.5.jar:6.1.5]
	at org.springframework.beans.factory.support.DefaultSingletonBeanRegistry.getSingleton(DefaultSingletonBeanRegistry.java:234) ~[spring-beans-6.1.5.jar:6.1.5]
	at org.springframework.beans.factory.support.AbstractBeanFactory.doGetBean(AbstractBeanFactory.java:324) ~[spring-beans-6.1.5.jar:6.1.5]
	at org.springframework.beans.factory.support.AbstractBeanFactory.getBean(AbstractBeanFactory.java:200) ~[spring-beans-6.1.5.jar:6.1.5]
	at org.springframework.beans.factory.support.AbstractBeanFactory.doGetBean(AbstractBeanFactory.java:313) ~[spring-beans-6.1.5.jar:6.1.5]
	at org.springframework.beans.factory.support.AbstractBeanFactory.getBean(AbstractBeanFactory.java:225) ~[spring-beans-6.1.5.jar:6.1.5]
	at org.springframework.beans.factory.support.DefaultListableBeanFactory.resolveNamedBean(DefaultListableBeanFactory.java:1323) ~[spring-beans-6.1.5.jar:6.1.5]
	at org.springframework.beans.factory.support.DefaultListableBeanFactory.resolveNamedBean(DefaultListableBeanFactory.java:1284) ~[spring-beans-6.1.5.jar:6.1.5]
	at org.springframework.beans.factory.support.DefaultListableBeanFactory.resolveBean(DefaultListableBeanFactory.java:486) ~[spring-beans-6.1.5.jar:6.1.5]
	at org.springframework.beans.factory.support.DefaultListableBeanFactory.getBean(DefaultListableBeanFactory.java:341) ~[spring-beans-6.1.5.jar:6.1.5]
	at org.springframework.beans.factory.support.DefaultListableBeanFactory.getBean(DefaultListableBeanFactory.java:334) ~[spring-beans-6.1.5.jar:6.1.5]
	at org.springframework.orm.jpa.EntityManagerFactoryUtils.findEntityManagerFactory(EntityManagerFactoryUtils.java:120) ~[spring-orm-6.1.5.jar:6.1.5]
	at org.springframework.orm.jpa.JpaTransactionManager.setBeanFactory(JpaTransactionManager.java:333) ~[spring-orm-6.1.5.jar:6.1.5]
	at org.springframework.beans.factory.support.AbstractAutowireCapableBeanFactory.invokeAwareMethods(AbstractAutowireCapableBeanFactory.java:1807) ~[spring-beans-6.1.5.jar:6.1.5]
	at org.springframework.beans.factory.support.AbstractAutowireCapableBeanFactory.initializeBean(AbstractAutowireCapableBeanFactory.java:1774) ~[spring-beans-6.1.5.jar:6.1.5]
	at org.springframework.beans.factory.support.AbstractAutowireCapableBeanFactory.doCreateBean(AbstractAutowireCapableBeanFactory.java:600) ~[spring-beans-6.1.5.jar:6.1.5]
	... 38 common frames omitted
Caused by: org.springframework.beans.BeanInstantiationException: Failed to instantiate [org.springframework.boot.autoconfigure.batch.BatchDataSourceScriptDatabaseInitializer]: Factory method 'batchDataSourceInitializer' threw exception with message: Failed to determine DatabaseDriver
	at org.springframework.beans.factory.support.SimpleInstantiationStrategy.instantiate(SimpleInstantiationStrategy.java:177) ~[spring-beans-6.1.5.jar:6.1.5]
	at org.springframework.beans.factory.support.ConstructorResolver.instantiate(ConstructorResolver.java:644) ~[spring-beans-6.1.5.jar:6.1.5]
	... 59 common frames omitted
Caused by: java.lang.IllegalStateException: Failed to determine DatabaseDriver
	at org.springframework.boot.jdbc.init.PlatformPlaceholderDatabaseDriverResolver.getDatabaseDriver(PlatformPlaceholderDatabaseDriverResolver.java:144) ~[spring-boot-3.2.4.jar:3.2.4]
	at org.springframework.boot.jdbc.init.PlatformPlaceholderDatabaseDriverResolver.determinePlatform(PlatformPlaceholderDatabaseDriverResolver.java:132) ~[spring-boot-3.2.4.jar:3.2.4]
	at org.springframework.boot.jdbc.init.PlatformPlaceholderDatabaseDriverResolver.lambda$resolveAll$0(PlatformPlaceholderDatabaseDriverResolver.java:97) ~[spring-boot-3.2.4.jar:3.2.4]
	at org.springframework.boot.jdbc.init.PlatformPlaceholderDatabaseDriverResolver.resolveAll(PlatformPlaceholderDatabaseDriverResolver.java:122) ~[spring-boot-3.2.4.jar:3.2.4]
	at org.springframework.boot.jdbc.init.PlatformPlaceholderDatabaseDriverResolver.resolveAll(PlatformPlaceholderDatabaseDriverResolver.java:97) ~[spring-boot-3.2.4.jar:3.2.4]
	at org.springframework.boot.autoconfigure.batch.BatchDataSourceScriptDatabaseInitializer.resolveSchemaLocations(BatchDataSourceScriptDatabaseInitializer.java:83) ~[spring-boot-autoconfigure-3.2.4.jar:3.2.4]
	at org.springframework.boot.autoconfigure.batch.BatchDataSourceScriptDatabaseInitializer.getSettings(BatchDataSourceScriptDatabaseInitializer.java:72) ~[spring-boot-autoconfigure-3.2.4.jar:3.2.4]
	at org.springframework.boot.autoconfigure.batch.BatchDataSourceScriptDatabaseInitializer.<init>(BatchDataSourceScriptDatabaseInitializer.java:47) ~[spring-boot-autoconfigure-3.2.4.jar:3.2.4]
	at org.springframework.boot.autoconfigure.batch.BatchAutoConfiguration$DataSourceInitializerConfiguration.batchDataSourceInitializer(BatchAutoConfiguration.java:156) ~[spring-boot-autoconfigure-3.2.4.jar:3.2.4]
	at java.base/jdk.internal.reflect.DirectMethodHandleAccessor.invoke(DirectMethodHandleAccessor.java:103) ~[na:na]
	at java.base/java.lang.reflect.Method.invoke(Method.java:580) ~[na:na]
	at org.springframework.beans.factory.support.SimpleInstantiationStrategy.instantiate(SimpleInstantiationStrategy.java:140) ~[spring-beans-6.1.5.jar:6.1.5]
	... 60 common frames omitted
Caused by: org.springframework.jdbc.support.MetaDataAccessException: Could not get Connection for extracting meta-data
	at org.springframework.jdbc.support.JdbcUtils.extractDatabaseMetaData(JdbcUtils.java:357) ~[spring-jdbc-6.1.5.jar:6.1.5]
	at org.springframework.boot.jdbc.init.PlatformPlaceholderDatabaseDriverResolver.getDatabaseDriver(PlatformPlaceholderDatabaseDriverResolver.java:140) ~[spring-boot-3.2.4.jar:3.2.4]
	... 71 common frames omitted
Caused by: org.springframework.jdbc.CannotGetJdbcConnectionException: Failed to obtain JDBC Connection
	at org.springframework.jdbc.datasource.DataSourceUtils.getConnection(DataSourceUtils.java:84) ~[spring-jdbc-6.1.5.jar:6.1.5]
	at org.springframework.jdbc.support.JdbcUtils.extractDatabaseMetaData(JdbcUtils.java:331) ~[spring-jdbc-6.1.5.jar:6.1.5]
	... 72 common frames omitted
Caused by: java.sql.SQLException: Access denied for user 'root'@'localhost' (using password: YES)
	at com.mysql.cj.jdbc.exceptions.SQLError.createSQLException(SQLError.java:130) ~[mysql-connector-j-8.3.0.jar:8.3.0]
	at com.mysql.cj.jdbc.exceptions.SQLExceptionsMapping.translateException(SQLExceptionsMapping.java:122) ~[mysql-connector-j-8.3.0.jar:8.3.0]
	at com.mysql.cj.jdbc.ConnectionImpl.createNewIO(ConnectionImpl.java:815) ~[mysql-connector-j-8.3.0.jar:8.3.0]
	at com.mysql.cj.jdbc.ConnectionImpl.<init>(ConnectionImpl.java:438) ~[mysql-connector-j-8.3.0.jar:8.3.0]
	at com.mysql.cj.jdbc.ConnectionImpl.getInstance(ConnectionImpl.java:241) ~[mysql-connector-j-8.3.0.jar:8.3.0]
	at com.mysql.cj.jdbc.NonRegisteringDriver.connect(NonRegisteringDriver.java:189) ~[mysql-connector-j-8.3.0.jar:8.3.0]
	at com.zaxxer.hikari.util.DriverDataSource.getConnection(DriverDataSource.java:138) ~[HikariCP-5.0.1.jar:na]
	at com.zaxxer.hikari.pool.PoolBase.newConnection(PoolBase.java:359) ~[HikariCP-5.0.1.jar:na]
	at com.zaxxer.hikari.pool.PoolBase.newPoolEntry(PoolBase.java:201) ~[HikariCP-5.0.1.jar:na]
	at com.zaxxer.hikari.pool.HikariPool.createPoolEntry(HikariPool.java:470) ~[HikariCP-5.0.1.jar:na]
	at com.zaxxer.hikari.pool.HikariPool.checkFailFast(HikariPool.java:561) ~[HikariCP-5.0.1.jar:na]
	at com.zaxxer.hikari.pool.HikariPool.<init>(HikariPool.java:100) ~[HikariCP-5.0.1.jar:na]
	at com.zaxxer.hikari.HikariDataSource.getConnection(HikariDataSource.java:112) ~[HikariCP-5.0.1.jar:na]
	at org.springframework.jdbc.datasource.DataSourceUtils.fetchConnection(DataSourceUtils.java:160) ~[spring-jdbc-6.1.5.jar:6.1.5]
	at org.springframework.jdbc.datasource.DataSourceUtils.doGetConnection(DataSourceUtils.java:118) ~[spring-jdbc-6.1.5.jar:6.1.5]
	at org.springframework.jdbc.datasource.DataSourceUtils.getConnection(DataSourceUtils.java:81) ~[spring-jdbc-6.1.5.jar:6.1.5]
	... 73 common frames omitted

2026-09-02T19:48:42.845+05:30  INFO 2732 --- [smartwatch-leaderboard] [main] c.s.leaderboard.SmartwatchLeaderboard    : Starting SmartwatchLeaderboard using Java 21.0.2 with PID 2732 (C:\Users\PC\smartwatch_application\target\classes started by PC in C:\Users\PC\smartwatch_application)
2026-09-02T19:48:42.865+05:30  INFO 2732 --- [smartwatch-leaderboard] [main] c.s.leaderboard.SmartwatchLeaderboard    : The following 1 profile is active: "local"
2026-09-02T19:48:46.133+05:30  INFO 2732 --- [smartwatch-leaderboard] [main] .s.d.r.c.RepositoryConfigurationDelegate : Bootstrapping Spring Data JPA repositories in DEFAULT mode.
2026-09-02T19:48:46.285+05:30  INFO 2732 --- [smartwatch-leaderboard] [main] .s.d.r.c.RepositoryConfigurationDelegate : Finished Spring Data repository scanning in 137 ms. Found 11 JPA repository interfaces.
2026-09-02T19:48:47.084+05:30  WARN 2732 --- [smartwatch-leaderboard] [main] trationDelegate$BeanPostProcessorChecker : Bean 'org.springframework.boot.autoconfigure.jdbc.DataSourceConfiguration$Hikari' of type [org.springframework.boot.autoconfigure.jdbc.DataSourceConfiguration$Hikari] is not eligible for getting processed by all BeanPostProcessors (for example: not eligible for auto-proxying). Is this bean getting eagerly injected into a currently created BeanPostProcessor [jobRegistryBeanPostProcessor]? Check the corresponding BeanPostProcessor declaration and its dependencies.
2026-09-02T19:48:47.120+05:30  WARN 2732 --- [smartwatch-leaderboard] [main] trationDelegate$BeanPostProcessorChecker : Bean 'spring.datasource-org.springframework.boot.autoconfigure.jdbc.DataSourceProperties' of type [org.springframework.boot.autoconfigure.jdbc.DataSourceProperties] is not eligible for getting processed by all BeanPostProcessors (for example: not eligible for auto-proxying). Is this bean getting eagerly injected into a currently created BeanPostProcessor [jobRegistryBeanPostProcessor]? Check the corresponding BeanPostProcessor declaration and its dependencies.
2026-09-02T19:48:47.137+05:30  WARN 2732 --- [smartwatch-leaderboard] [main] trationDelegate$BeanPostProcessorChecker : Bean 'org.springframework.boot.autoconfigure.jdbc.DataSourceAutoConfiguration$PooledDataSourceConfiguration' of type [org.springframework.boot.autoconfigure.jdbc.DataSourceAutoConfiguration$PooledDataSourceConfiguration] is not eligible for getting processed by all BeanPostProcessors (for example: not eligible for auto-proxying). Is this bean getting eagerly injected into a currently created BeanPostProcessor [jobRegistryBeanPostProcessor]? Check the corresponding BeanPostProcessor declaration and its dependencies.
2026-09-02T19:48:47.144+05:30  WARN 2732 --- [smartwatch-leaderboard] [main] trationDelegate$BeanPostProcessorChecker : Bean 'jdbcConnectionDetails' of type [org.springframework.boot.autoconfigure.jdbc.PropertiesJdbcConnectionDetails] is not eligible for getting processed by all BeanPostProcessors (for example: not eligible for auto-proxying). Is this bean getting eagerly injected into a currently created BeanPostProcessor [jobRegistryBeanPostProcessor]? Check the corresponding BeanPostProcessor declaration and its dependencies.
2026-09-02T19:48:47.192+05:30  WARN 2732 --- [smartwatch-leaderboard] [main] trationDelegate$BeanPostProcessorChecker : Bean 'dataSource' of type [com.zaxxer.hikari.HikariDataSource] is not eligible for getting processed by all BeanPostProcessors (for example: not eligible for auto-proxying). Is this bean getting eagerly injected into a currently created BeanPostProcessor [jobRegistryBeanPostProcessor]? Check the corresponding BeanPostProcessor declaration and its dependencies.
2026-09-02T19:48:47.257+05:30  WARN 2732 --- [smartwatch-leaderboard] [main] trationDelegate$BeanPostProcessorChecker : Bean 'spring.jpa-org.springframework.boot.autoconfigure.orm.jpa.JpaProperties' of type [org.springframework.boot.autoconfigure.orm.jpa.JpaProperties] is not eligible for getting processed by all BeanPostProcessors (for example: not eligible for auto-proxying). Is this bean getting eagerly injected into a currently created BeanPostProcessor [jobRegistryBeanPostProcessor]? Check the corresponding BeanPostProcessor declaration and its dependencies.
2026-09-02T19:48:47.282+05:30  WARN 2732 --- [smartwatch-leaderboard] [main] trationDelegate$BeanPostProcessorChecker : Bean 'spring.jpa.hibernate-org.springframework.boot.autoconfigure.orm.jpa.HibernateProperties' of type [org.springframework.boot.autoconfigure.orm.jpa.HibernateProperties] is not eligible for getting processed by all BeanPostProcessors (for example: not eligible for auto-proxying). Is this bean getting eagerly injected into a currently created BeanPostProcessor [jobRegistryBeanPostProcessor]? Check the corresponding BeanPostProcessor declaration and its dependencies.
2026-09-02T19:48:47.303+05:30  WARN 2732 --- [smartwatch-leaderboard] [main] trationDelegate$BeanPostProcessorChecker : Bean 'org.springframework.boot.autoconfigure.jdbc.metadata.DataSourcePoolMetadataProvidersConfiguration$HikariPoolDataSourceMetadataProviderConfiguration' of type [org.springframework.boot.autoconfigure.jdbc.metadata.DataSourcePoolMetadataProvidersConfiguration$HikariPoolDataSourceMetadataProviderConfiguration] is not eligible for getting processed by all BeanPostProcessors (for example: not eligible for auto-proxying). Is this bean getting eagerly injected into a currently created BeanPostProcessor [jobRegistryBeanPostProcessor]? Check the corresponding BeanPostProcessor declaration and its dependencies.
2026-09-02T19:48:47.306+05:30  WARN 2732 --- [smartwatch-leaderboard] [main] trationDelegate$BeanPostProcessorChecker : Bean 'hikariPoolDataSourceMetadataProvider' of type [org.springframework.boot.autoconfigure.jdbc.metadata.DataSourcePoolMetadataProvidersConfiguration$HikariPoolDataSourceMetadataProviderConfiguration$$Lambda/0x000001c8d1456d10] is not eligible for getting processed by all BeanPostProcessors (for example: not eligible for auto-proxying). Is this bean getting eagerly injected into a currently created BeanPostProcessor [jobRegistryBeanPostProcessor]? Check the corresponding BeanPostProcessor declaration and its dependencies.
2026-09-02T19:48:47.321+05:30  WARN 2732 --- [smartwatch-leaderboard] [main] trationDelegate$BeanPostProcessorChecker : Bean 'org.springframework.boot.autoconfigure.orm.jpa.HibernateJpaConfiguration' of type [org.springframework.boot.autoconfigure.orm.jpa.HibernateJpaConfiguration] is not eligible for getting processed by all BeanPostProcessors (for example: not eligible for auto-proxying). Is this bean getting eagerly injected into a currently created BeanPostProcessor [jobRegistryBeanPostProcessor]? Check the corresponding BeanPostProcessor declaration and its dependencies.
2026-09-02T19:48:47.357+05:30  WARN 2732 --- [smartwatch-leaderboard] [main] trationDelegate$BeanPostProcessorChecker : Bean 'org.springframework.boot.autoconfigure.transaction.TransactionManagerCustomizationAutoConfiguration' of type [org.springframework.boot.autoconfigure.transaction.TransactionManagerCustomizationAutoConfiguration] is not eligible for getting processed by all BeanPostProcessors (for example: not eligible for auto-proxying). Is this bean getting eagerly injected into a currently created BeanPostProcessor [jobRegistryBeanPostProcessor]? Check the corresponding BeanPostProcessor declaration and its dependencies.
2026-09-02T19:48:47.370+05:30  WARN 2732 --- [smartwatch-leaderboard] [main] trationDelegate$BeanPostProcessorChecker : Bean 'transactionExecutionListeners' of type [org.springframework.boot.autoconfigure.transaction.ExecutionListenersTransactionManagerCustomizer] is not eligible for getting processed by all BeanPostProcessors (for example: not eligible for auto-proxying). Is this bean getting eagerly injected into a currently created BeanPostProcessor [jobRegistryBeanPostProcessor]? Check the corresponding BeanPostProcessor declaration and its dependencies.
2026-09-02T19:48:47.380+05:30  WARN 2732 --- [smartwatch-leaderboard] [main] trationDelegate$BeanPostProcessorChecker : Bean 'spring.transaction-org.springframework.boot.autoconfigure.transaction.TransactionProperties' of type [org.springframework.boot.autoconfigure.transaction.TransactionProperties] is not eligible for getting processed by all BeanPostProcessors (for example: not eligible for auto-proxying). Is this bean getting eagerly injected into a currently created BeanPostProcessor [jobRegistryBeanPostProcessor]? Check the corresponding BeanPostProcessor declaration and its dependencies.
2026-09-02T19:48:47.387+05:30  WARN 2732 --- [smartwatch-leaderboard] [main] trationDelegate$BeanPostProcessorChecker : Bean 'platformTransactionManagerCustomizers' of type [org.springframework.boot.autoconfigure.transaction.TransactionManagerCustomizers] is not eligible for getting processed by all BeanPostProcessors (for example: not eligible for auto-proxying). Is this bean getting eagerly injected into a currently created BeanPostProcessor [jobRegistryBeanPostProcessor]? Check the corresponding BeanPostProcessor declaration and its dependencies.
2026-09-02T19:48:47.417+05:30  WARN 2732 --- [smartwatch-leaderboard] [main] trationDelegate$BeanPostProcessorChecker : Bean 'org.springframework.boot.autoconfigure.sql.init.DataSourceInitializationConfiguration' of type [org.springframework.boot.autoconfigure.sql.init.DataSourceInitializationConfiguration] is not eligible for getting processed by all BeanPostProcessors (for example: not eligible for auto-proxying). Is this bean getting eagerly injected into a currently created BeanPostProcessor [jobRegistryBeanPostProcessor]? Check the corresponding BeanPostProcessor declaration and its dependencies.
2026-09-02T19:48:47.426+05:30  WARN 2732 --- [smartwatch-leaderboard] [main] trationDelegate$BeanPostProcessorChecker : Bean 'spring.sql.init-org.springframework.boot.autoconfigure.sql.init.SqlInitializationProperties' of type [org.springframework.boot.autoconfigure.sql.init.SqlInitializationProperties] is not eligible for getting processed by all BeanPostProcessors (for example: not eligible for auto-proxying). Is this bean getting eagerly injected into a currently created BeanPostProcessor [jobRegistryBeanPostProcessor]? Check the corresponding BeanPostProcessor declaration and its dependencies.
2026-09-02T19:48:47.439+05:30  WARN 2732 --- [smartwatch-leaderboard] [main] trationDelegate$BeanPostProcessorChecker : Bean 'dataSourceScriptDatabaseInitializer' of type [org.springframework.boot.autoconfigure.sql.init.SqlDataSourceScriptDatabaseInitializer] is not eligible for getting processed by all BeanPostProcessors (for example: not eligible for auto-proxying). Is this bean getting eagerly injected into a currently created BeanPostProcessor [jobRegistryBeanPostProcessor]? Check the corresponding BeanPostProcessor declaration and its dependencies.
2026-09-02T19:48:47.449+05:30  WARN 2732 --- [smartwatch-leaderboard] [main] trationDelegate$BeanPostProcessorChecker : Bean 'org.springframework.boot.autoconfigure.batch.BatchAutoConfiguration$DataSourceInitializerConfiguration' of type [org.springframework.boot.autoconfigure.batch.BatchAutoConfiguration$DataSourceInitializerConfiguration] is not eligible for getting processed by all BeanPostProcessors (for example: not eligible for auto-proxying). Is this bean getting eagerly injected into a currently created BeanPostProcessor [jobRegistryBeanPostProcessor]? Check the corresponding BeanPostProcessor declaration and its dependencies.
2026-09-02T19:48:47.462+05:30  WARN 2732 --- [smartwatch-leaderboard] [main] trationDelegate$BeanPostProcessorChecker : Bean 'spring.batch-org.springframework.boot.autoconfigure.batch.BatchProperties' of type [org.springframework.boot.autoconfigure.batch.BatchProperties] is not eligible for getting processed by all BeanPostProcessors (for example: not eligible for auto-proxying). Is this bean getting eagerly injected into a currently created BeanPostProcessor [jobRegistryBeanPostProcessor]? Check the corresponding BeanPostProcessor declaration and its dependencies.
2026-09-02T19:48:47.478+05:30  INFO 2732 --- [smartwatch-leaderboard] [main] com.zaxxer.hikari.HikariDataSource       : HikariPool-1 - Starting...
2026-09-02T19:48:49.020+05:30 ERROR 2732 --- [smartwatch-leaderboard] [main] com.zaxxer.hikari.pool.HikariPool        : HikariPool-1 - Exception during pool initialization.

java.sql.SQLException: Access denied for user 'root'@'localhost' (using password: YES)
	at com.mysql.cj.jdbc.exceptions.SQLError.createSQLException(SQLError.java:130) ~[mysql-connector-j-8.3.0.jar:8.3.0]
	at com.mysql.cj.jdbc.exceptions.SQLExceptionsMapping.translateException(SQLExceptionsMapping.java:122) ~[mysql-connector-j-8.3.0.jar:8.3.0]
	at com.mysql.cj.jdbc.ConnectionImpl.createNewIO(ConnectionImpl.java:815) ~[mysql-connector-j-8.3.0.jar:8.3.0]
	at com.mysql.cj.jdbc.ConnectionImpl.<init>(ConnectionImpl.java:438) ~[mysql-connector-j-8.3.0.jar:8.3.0]
	at com.mysql.cj.jdbc.ConnectionImpl.getInstance(ConnectionImpl.java:241) ~[mysql-connector-j-8.3.0.jar:8.3.0]
	at com.mysql.cj.jdbc.NonRegisteringDriver.connect(NonRegisteringDriver.java:189) ~[mysql-connector-j-8.3.0.jar:8.3.0]
	at com.zaxxer.hikari.util.DriverDataSource.getConnection(DriverDataSource.java:138) ~[HikariCP-5.0.1.jar:na]
	at com.zaxxer.hikari.pool.PoolBase.newConnection(PoolBase.java:359) ~[HikariCP-5.0.1.jar:na]
	at com.zaxxer.hikari.pool.PoolBase.newPoolEntry(PoolBase.java:201) ~[HikariCP-5.0.1.jar:na]
	at com.zaxxer.hikari.pool.HikariPool.createPoolEntry(HikariPool.java:470) ~[HikariCP-5.0.1.jar:na]
	at com.zaxxer.hikari.pool.HikariPool.checkFailFast(HikariPool.java:561) ~[HikariCP-5.0.1.jar:na]
	at com.zaxxer.hikari.pool.HikariPool.<init>(HikariPool.java:100) ~[HikariCP-5.0.1.jar:na]
	at com.zaxxer.hikari.HikariDataSource.getConnection(HikariDataSource.java:112) ~[HikariCP-5.0.1.jar:na]
	at org.springframework.jdbc.datasource.DataSourceUtils.fetchConnection(DataSourceUtils.java:160) ~[spring-jdbc-6.1.5.jar:6.1.5]
	at org.springframework.jdbc.datasource.DataSourceUtils.doGetConnection(DataSourceUtils.java:118) ~[spring-jdbc-6.1.5.jar:6.1.5]
	at org.springframework.jdbc.datasource.DataSourceUtils.getConnection(DataSourceUtils.java:81) ~[spring-jdbc-6.1.5.jar:6.1.5]
	at org.springframework.jdbc.support.JdbcUtils.extractDatabaseMetaData(JdbcUtils.java:331) ~[spring-jdbc-6.1.5.jar:6.1.5]
	at org.springframework.boot.jdbc.init.PlatformPlaceholderDatabaseDriverResolver.getDatabaseDriver(PlatformPlaceholderDatabaseDriverResolver.java:140) ~[spring-boot-3.2.4.jar:3.2.4]
	at org.springframework.boot.jdbc.init.PlatformPlaceholderDatabaseDriverResolver.determinePlatform(PlatformPlaceholderDatabaseDriverResolver.java:132) ~[spring-boot-3.2.4.jar:3.2.4]
	at org.springframework.boot.jdbc.init.PlatformPlaceholderDatabaseDriverResolver.lambda$resolveAll$0(PlatformPlaceholderDatabaseDriverResolver.java:97) ~[spring-boot-3.2.4.jar:3.2.4]
	at org.springframework.boot.jdbc.init.PlatformPlaceholderDatabaseDriverResolver.resolveAll(PlatformPlaceholderDatabaseDriverResolver.java:122) ~[spring-boot-3.2.4.jar:3.2.4]
	at org.springframework.boot.jdbc.init.PlatformPlaceholderDatabaseDriverResolver.resolveAll(PlatformPlaceholderDatabaseDriverResolver.java:97) ~[spring-boot-3.2.4.jar:3.2.4]
	at org.springframework.boot.autoconfigure.batch.BatchDataSourceScriptDatabaseInitializer.resolveSchemaLocations(BatchDataSourceScriptDatabaseInitializer.java:83) ~[spring-boot-autoconfigure-3.2.4.jar:3.2.4]
	at org.springframework.boot.autoconfigure.batch.BatchDataSourceScriptDatabaseInitializer.getSettings(BatchDataSourceScriptDatabaseInitializer.java:72) ~[spring-boot-autoconfigure-3.2.4.jar:3.2.4]
	at org.springframework.boot.autoconfigure.batch.BatchDataSourceScriptDatabaseInitializer.<init>(BatchDataSourceScriptDatabaseInitializer.java:47) ~[spring-boot-autoconfigure-3.2.4.jar:3.2.4]
	at org.springframework.boot.autoconfigure.batch.BatchAutoConfiguration$DataSourceInitializerConfiguration.batchDataSourceInitializer(BatchAutoConfiguration.java:156) ~[spring-boot-autoconfigure-3.2.4.jar:3.2.4]
	at java.base/jdk.internal.reflect.DirectMethodHandleAccessor.invoke(DirectMethodHandleAccessor.java:103) ~[na:na]
	at java.base/java.lang.reflect.Method.invoke(Method.java:580) ~[na:na]
	at org.springframework.beans.factory.support.SimpleInstantiationStrategy.instantiate(SimpleInstantiationStrategy.java:140) ~[spring-beans-6.1.5.jar:6.1.5]
	at org.springframework.beans.factory.support.ConstructorResolver.instantiate(ConstructorResolver.java:644) ~[spring-beans-6.1.5.jar:6.1.5]
	at org.springframework.beans.factory.support.ConstructorResolver.instantiateUsingFactoryMethod(ConstructorResolver.java:636) ~[spring-beans-6.1.5.jar:6.1.5]
	at org.springframework.beans.factory.support.AbstractAutowireCapableBeanFactory.instantiateUsingFactoryMethod(AbstractAutowireCapableBeanFactory.java:1335) ~[spring-beans-6.1.5.jar:6.1.5]
	at org.springframework.beans.factory.support.AbstractAutowireCapableBeanFactory.createBeanInstance(AbstractAutowireCapableBeanFactory.java:1165) ~[spring-beans-6.1.5.jar:6.1.5]
	at org.springframework.beans.factory.support.AbstractAutowireCapableBeanFactory.doCreateBean(AbstractAutowireCapableBeanFactory.java:562) ~[spring-beans-6.1.5.jar:6.1.5]
	at org.springframework.beans.factory.support.AbstractAutowireCapableBeanFactory.createBean(AbstractAutowireCapableBeanFactory.java:522) ~[spring-beans-6.1.5.jar:6.1.5]
	at org.springframework.beans.factory.support.AbstractBeanFactory.lambda$doGetBean$0(AbstractBeanFactory.java:326) ~[spring-beans-6.1.5.jar:6.1.5]
	at org.springframework.beans.factory.support.DefaultSingletonBeanRegistry.getSingleton(DefaultSingletonBeanRegistry.java:234) ~[spring-beans-6.1.5.jar:6.1.5]
	at org.springframework.beans.factory.support.AbstractBeanFactory.doGetBean(AbstractBeanFactory.java:324) ~[spring-beans-6.1.5.jar:6.1.5]
	at org.springframework.beans.factory.support.AbstractBeanFactory.getBean(AbstractBeanFactory.java:200) ~[spring-beans-6.1.5.jar:6.1.5]
	at org.springframework.beans.factory.support.AbstractBeanFactory.doGetBean(AbstractBeanFactory.java:313) ~[spring-beans-6.1.5.jar:6.1.5]
	at org.springframework.beans.factory.support.AbstractBeanFactory.getBean(AbstractBeanFactory.java:225) ~[spring-beans-6.1.5.jar:6.1.5]
	at org.springframework.beans.factory.support.DefaultListableBeanFactory.resolveNamedBean(DefaultListableBeanFactory.java:1323) ~[spring-beans-6.1.5.jar:6.1.5]
	at org.springframework.beans.factory.support.DefaultListableBeanFactory.resolveNamedBean(DefaultListableBeanFactory.java:1284) ~[spring-beans-6.1.5.jar:6.1.5]
	at org.springframework.beans.factory.support.DefaultListableBeanFactory.resolveBean(DefaultListableBeanFactory.java:486) ~[spring-beans-6.1.5.jar:6.1.5]
	at org.springframework.beans.factory.support.DefaultListableBeanFactory.getBean(DefaultListableBeanFactory.java:341) ~[spring-beans-6.1.5.jar:6.1.5]
	at org.springframework.beans.factory.support.DefaultListableBeanFactory.getBean(DefaultListableBeanFactory.java:334) ~[spring-beans-6.1.5.jar:6.1.5]
	at org.springframework.orm.jpa.EntityManagerFactoryUtils.findEntityManagerFactory(EntityManagerFactoryUtils.java:120) ~[spring-orm-6.1.5.jar:6.1.5]
	at org.springframework.orm.jpa.JpaTransactionManager.setBeanFactory(JpaTransactionManager.java:333) ~[spring-orm-6.1.5.jar:6.1.5]
	at org.springframework.beans.factory.support.AbstractAutowireCapableBeanFactory.invokeAwareMethods(AbstractAutowireCapableBeanFactory.java:1807) ~[spring-beans-6.1.5.jar:6.1.5]
	at org.springframework.beans.factory.support.AbstractAutowireCapableBeanFactory.initializeBean(AbstractAutowireCapableBeanFactory.java:1774) ~[spring-beans-6.1.5.jar:6.1.5]
	at org.springframework.beans.factory.support.AbstractAutowireCapableBeanFactory.doCreateBean(AbstractAutowireCapableBeanFactory.java:600) ~[spring-beans-6.1.5.jar:6.1.5]
	at org.springframework.beans.factory.support.AbstractAutowireCapableBeanFactory.createBean(AbstractAutowireCapableBeanFactory.java:522) ~[spring-beans-6.1.5.jar:6.1.5]
	at org.springframework.beans.factory.support.AbstractBeanFactory.lambda$doGetBean$0(AbstractBeanFactory.java:326) ~[spring-beans-6.1.5.jar:6.1.5]
	at org.springframework.beans.factory.support.DefaultSingletonBeanRegistry.getSingleton(DefaultSingletonBeanRegistry.java:234) ~[spring-beans-6.1.5.jar:6.1.5]
	at org.springframework.beans.factory.support.AbstractBeanFactory.doGetBean(AbstractBeanFactory.java:324) ~[spring-beans-6.1.5.jar:6.1.5]
	at org.springframework.beans.factory.support.AbstractBeanFactory.getBean(AbstractBeanFactory.java:200) ~[spring-beans-6.1.5.jar:6.1.5]
	at org.springframework.beans.factory.config.DependencyDescriptor.resolveCandidate(DependencyDescriptor.java:254) ~[spring-beans-6.1.5.jar:6.1.5]
	at org.springframework.beans.factory.support.DefaultListableBeanFactory.doResolveDependency(DefaultListableBeanFactory.java:1443) ~[spring-beans-6.1.5.jar:6.1.5]
	at org.springframework.beans.factory.support.DefaultListableBeanFactory.resolveDependency(DefaultListableBeanFactory.java:1353) ~[spring-beans-6.1.5.jar:6.1.5]
	at org.springframework.beans.factory.support.ConstructorResolver.resolveAutowiredArgument(ConstructorResolver.java:904) ~[spring-beans-6.1.5.jar:6.1.5]
	at org.springframework.beans.factory.support.ConstructorResolver.createArgumentArray(ConstructorResolver.java:782) ~[spring-beans-6.1.5.jar:6.1.5]
	at org.springframework.beans.factory.support.ConstructorResolver.autowireConstructor(ConstructorResolver.java:237) ~[spring-beans-6.1.5.jar:6.1.5]
	at org.springframework.beans.factory.support.AbstractAutowireCapableBeanFactory.autowireConstructor(AbstractAutowireCapableBeanFactory.java:1355) ~[spring-beans-6.1.5.jar:6.1.5]
	at org.springframework.beans.factory.support.AbstractAutowireCapableBeanFactory.createBeanInstance(AbstractAutowireCapableBeanFactory.java:1192) ~[spring-beans-6.1.5.jar:6.1.5]
	at org.springframework.beans.factory.support.AbstractAutowireCapableBeanFactory.doCreateBean(AbstractAutowireCapableBeanFactory.java:562) ~[spring-beans-6.1.5.jar:6.1.5]
	at org.springframework.beans.factory.support.AbstractAutowireCapableBeanFactory.createBean(AbstractAutowireCapableBeanFactory.java:522) ~[spring-beans-6.1.5.jar:6.1.5]
	at org.springframework.beans.factory.support.AbstractBeanFactory.lambda$doGetBean$0(AbstractBeanFactory.java:326) ~[spring-beans-6.1.5.jar:6.1.5]
	at org.springframework.beans.factory.support.DefaultSingletonBeanRegistry.getSingleton(DefaultSingletonBeanRegistry.java:234) ~[spring-beans-6.1.5.jar:6.1.5]
	at org.springframework.beans.factory.support.AbstractBeanFactory.doGetBean(AbstractBeanFactory.java:324) ~[spring-beans-6.1.5.jar:6.1.5]
	at org.springframework.beans.factory.support.AbstractBeanFactory.getBean(AbstractBeanFactory.java:200) ~[spring-beans-6.1.5.jar:6.1.5]
	at org.springframework.beans.factory.support.ConstructorResolver.instantiateUsingFactoryMethod(ConstructorResolver.java:409) ~[spring-beans-6.1.5.jar:6.1.5]
	at org.springframework.beans.factory.support.AbstractAutowireCapableBeanFactory.instantiateUsingFactoryMethod(AbstractAutowireCapableBeanFactory.java:1335) ~[spring-beans-6.1.5.jar:6.1.5]
	at org.springframework.beans.factory.support.AbstractAutowireCapableBeanFactory.createBeanInstance(AbstractAutowireCapableBeanFactory.java:1165) ~[spring-beans-6.1.5.jar:6.1.5]
	at org.springframework.beans.factory.support.AbstractAutowireCapableBeanFactory.doCreateBean(AbstractAutowireCapableBeanFactory.java:562) ~[spring-beans-6.1.5.jar:6.1.5]
	at org.springframework.beans.factory.support.AbstractAutowireCapableBeanFactory.createBean(AbstractAutowireCapableBeanFactory.java:522) ~[spring-beans-6.1.5.jar:6.1.5]
	at org.springframework.beans.factory.support.AbstractBeanFactory.lambda$doGetBean$0(AbstractBeanFactory.java:326) ~[spring-beans-6.1.5.jar:6.1.5]
	at org.springframework.beans.factory.support.DefaultSingletonBeanRegistry.getSingleton(DefaultSingletonBeanRegistry.java:234) ~[spring-beans-6.1.5.jar:6.1.5]
	at org.springframework.beans.factory.support.AbstractBeanFactory.doGetBean(AbstractBeanFactory.java:324) ~[spring-beans-6.1.5.jar:6.1.5]
	at org.springframework.beans.factory.support.AbstractBeanFactory.getBean(AbstractBeanFactory.java:205) ~[spring-beans-6.1.5.jar:6.1.5]
	at org.springframework.context.support.PostProcessorRegistrationDelegate.registerBeanPostProcessors(PostProcessorRegistrationDelegate.java:277) ~[spring-context-6.1.5.jar:6.1.5]
	at org.springframework.context.support.AbstractApplicationContext.registerBeanPostProcessors(AbstractApplicationContext.java:805) ~[spring-context-6.1.5.jar:6.1.5]
	at org.springframework.context.support.AbstractApplicationContext.refresh(AbstractApplicationContext.java:608) ~[spring-context-6.1.5.jar:6.1.5]
	at org.springframework.boot.web.servlet.context.ServletWebServerApplicationContext.refresh(ServletWebServerApplicationContext.java:146) ~[spring-boot-3.2.4.jar:3.2.4]
	at org.springframework.boot.SpringApplication.refresh(SpringApplication.java:754) ~[spring-boot-3.2.4.jar:3.2.4]
	at org.springframework.boot.SpringApplication.refreshContext(SpringApplication.java:456) ~[spring-boot-3.2.4.jar:3.2.4]
	at org.springframework.boot.SpringApplication.run(SpringApplication.java:334) ~[spring-boot-3.2.4.jar:3.2.4]
	at org.springframework.boot.SpringApplication.run(SpringApplication.java:1354) ~[spring-boot-3.2.4.jar:3.2.4]
	at org.springframework.boot.SpringApplication.run(SpringApplication.java:1343) ~[spring-boot-3.2.4.jar:3.2.4]
	at com.smartwatch.leaderboard.SmartwatchLeaderboard.main(SmartwatchLeaderboard.java:10) ~[classes/:na]

2026-09-02T19:48:49.027+05:30  WARN 2732 --- [smartwatch-leaderboard] [main] ConfigServletWebServerApplicationContext : Exception encountered during context initialization - cancelling refresh attempt: org.springframework.beans.factory.UnsatisfiedDependencyException: Error creating bean with name 'org.springframework.boot.autoconfigure.batch.BatchAutoConfiguration$SpringBootBatchConfiguration': Unsatisfied dependency expressed through constructor parameter 2: Error creating bean with name 'transactionManager' defined in class path resource [org/springframework/boot/autoconfigure/orm/jpa/HibernateJpaConfiguration.class]: Error creating bean with name 'batchDataSourceInitializer' defined in class path resource [org/springframework/boot/autoconfigure/batch/BatchAutoConfiguration$DataSourceInitializerConfiguration.class]: Failed to instantiate [org.springframework.boot.autoconfigure.batch.BatchDataSourceScriptDatabaseInitializer]: Factory method 'batchDataSourceInitializer' threw exception with message: Failed to determine DatabaseDriver
2026-09-02T19:48:49.044+05:30  INFO 2732 --- [smartwatch-leaderboard] [main] .s.b.a.l.ConditionEvaluationReportLogger : 

Error starting ApplicationContext. To display the condition evaluation report re-run your application with 'debug' enabled.
2026-09-02T19:48:49.067+05:30 ERROR 2732 --- [smartwatch-leaderboard] [main] o.s.boot.SpringApplication               : Application run failed

org.springframework.beans.factory.UnsatisfiedDependencyException: Error creating bean with name 'org.springframework.boot.autoconfigure.batch.BatchAutoConfiguration$SpringBootBatchConfiguration': Unsatisfied dependency expressed through constructor parameter 2: Error creating bean with name 'transactionManager' defined in class path resource [org/springframework/boot/autoconfigure/orm/jpa/HibernateJpaConfiguration.class]: Error creating bean with name 'batchDataSourceInitializer' defined in class path resource [org/springframework/boot/autoconfigure/batch/BatchAutoConfiguration$DataSourceInitializerConfiguration.class]: Failed to instantiate [org.springframework.boot.autoconfigure.batch.BatchDataSourceScriptDatabaseInitializer]: Factory method 'batchDataSourceInitializer' threw exception with message: Failed to determine DatabaseDriver
	at org.springframework.beans.factory.support.ConstructorResolver.createArgumentArray(ConstructorResolver.java:795) ~[spring-beans-6.1.5.jar:6.1.5]
	at org.springframework.beans.factory.support.ConstructorResolver.autowireConstructor(ConstructorResolver.java:237) ~[spring-beans-6.1.5.jar:6.1.5]
	at org.springframework.beans.factory.support.AbstractAutowireCapableBeanFactory.autowireConstructor(AbstractAutowireCapableBeanFactory.java:1355) ~[spring-beans-6.1.5.jar:6.1.5]
	at org.springframework.beans.factory.support.AbstractAutowireCapableBeanFactory.createBeanInstance(AbstractAutowireCapableBeanFactory.java:1192) ~[spring-beans-6.1.5.jar:6.1.5]
	at org.springframework.beans.factory.support.AbstractAutowireCapableBeanFactory.doCreateBean(AbstractAutowireCapableBeanFactory.java:562) ~[spring-beans-6.1.5.jar:6.1.5]
	at org.springframework.beans.factory.support.AbstractAutowireCapableBeanFactory.createBean(AbstractAutowireCapableBeanFactory.java:522) ~[spring-beans-6.1.5.jar:6.1.5]
	at org.springframework.beans.factory.support.AbstractBeanFactory.lambda$doGetBean$0(AbstractBeanFactory.java:326) ~[spring-beans-6.1.5.jar:6.1.5]
	at org.springframework.beans.factory.support.DefaultSingletonBeanRegistry.getSingleton(DefaultSingletonBeanRegistry.java:234) ~[spring-beans-6.1.5.jar:6.1.5]
	at org.springframework.beans.factory.support.AbstractBeanFactory.doGetBean(AbstractBeanFactory.java:324) ~[spring-beans-6.1.5.jar:6.1.5]
	at org.springframework.beans.factory.support.AbstractBeanFactory.getBean(AbstractBeanFactory.java:200) ~[spring-beans-6.1.5.jar:6.1.5]
	at org.springframework.beans.factory.support.ConstructorResolver.instantiateUsingFactoryMethod(ConstructorResolver.java:409) ~[spring-beans-6.1.5.jar:6.1.5]
	at org.springframework.beans.factory.support.AbstractAutowireCapableBeanFactory.instantiateUsingFactoryMethod(AbstractAutowireCapableBeanFactory.java:1335) ~[spring-beans-6.1.5.jar:6.1.5]
	at org.springframework.beans.factory.support.AbstractAutowireCapableBeanFactory.createBeanInstance(AbstractAutowireCapableBeanFactory.java:1165) ~[spring-beans-6.1.5.jar:6.1.5]
	at org.springframework.beans.factory.support.AbstractAutowireCapableBeanFactory.doCreateBean(AbstractAutowireCapableBeanFactory.java:562) ~[spring-beans-6.1.5.jar:6.1.5]
	at org.springframework.beans.factory.support.AbstractAutowireCapableBeanFactory.createBean(AbstractAutowireCapableBeanFactory.java:522) ~[spring-beans-6.1.5.jar:6.1.5]
	at org.springframework.beans.factory.support.AbstractBeanFactory.lambda$doGetBean$0(AbstractBeanFactory.java:326) ~[spring-beans-6.1.5.jar:6.1.5]
	at org.springframework.beans.factory.support.DefaultSingletonBeanRegistry.getSingleton(DefaultSingletonBeanRegistry.java:234) ~[spring-beans-6.1.5.jar:6.1.5]
	at org.springframework.beans.factory.support.AbstractBeanFactory.doGetBean(AbstractBeanFactory.java:324) ~[spring-beans-6.1.5.jar:6.1.5]
	at org.springframework.beans.factory.support.AbstractBeanFactory.getBean(AbstractBeanFactory.java:205) ~[spring-beans-6.1.5.jar:6.1.5]
	at org.springframework.context.support.PostProcessorRegistrationDelegate.registerBeanPostProcessors(PostProcessorRegistrationDelegate.java:277) ~[spring-context-6.1.5.jar:6.1.5]
	at org.springframework.context.support.AbstractApplicationContext.registerBeanPostProcessors(AbstractApplicationContext.java:805) ~[spring-context-6.1.5.jar:6.1.5]
	at org.springframework.context.support.AbstractApplicationContext.refresh(AbstractApplicationContext.java:608) ~[spring-context-6.1.5.jar:6.1.5]
	at org.springframework.boot.web.servlet.context.ServletWebServerApplicationContext.refresh(ServletWebServerApplicationContext.java:146) ~[spring-boot-3.2.4.jar:3.2.4]
	at org.springframework.boot.SpringApplication.refresh(SpringApplication.java:754) ~[spring-boot-3.2.4.jar:3.2.4]
	at org.springframework.boot.SpringApplication.refreshContext(SpringApplication.java:456) ~[spring-boot-3.2.4.jar:3.2.4]
	at org.springframework.boot.SpringApplication.run(SpringApplication.java:334) ~[spring-boot-3.2.4.jar:3.2.4]
	at org.springframework.boot.SpringApplication.run(SpringApplication.java:1354) ~[spring-boot-3.2.4.jar:3.2.4]
	at org.springframework.boot.SpringApplication.run(SpringApplication.java:1343) ~[spring-boot-3.2.4.jar:3.2.4]
	at com.smartwatch.leaderboard.SmartwatchLeaderboard.main(SmartwatchLeaderboard.java:10) ~[classes/:na]
Caused by: org.springframework.beans.factory.BeanCreationException: Error creating bean with name 'transactionManager' defined in class path resource [org/springframework/boot/autoconfigure/orm/jpa/HibernateJpaConfiguration.class]: Error creating bean with name 'batchDataSourceInitializer' defined in class path resource [org/springframework/boot/autoconfigure/batch/BatchAutoConfiguration$DataSourceInitializerConfiguration.class]: Failed to instantiate [org.springframework.boot.autoconfigure.batch.BatchDataSourceScriptDatabaseInitializer]: Factory method 'batchDataSourceInitializer' threw exception with message: Failed to determine DatabaseDriver
	at org.springframework.beans.factory.support.AbstractAutowireCapableBeanFactory.doCreateBean(AbstractAutowireCapableBeanFactory.java:607) ~[spring-beans-6.1.5.jar:6.1.5]
	at org.springframework.beans.factory.support.AbstractAutowireCapableBeanFactory.createBean(AbstractAutowireCapableBeanFactory.java:522) ~[spring-beans-6.1.5.jar:6.1.5]
	at org.springframework.beans.factory.support.AbstractBeanFactory.lambda$doGetBean$0(AbstractBeanFactory.java:326) ~[spring-beans-6.1.5.jar:6.1.5]
	at org.springframework.beans.factory.support.DefaultSingletonBeanRegistry.getSingleton(DefaultSingletonBeanRegistry.java:234) ~[spring-beans-6.1.5.jar:6.1.5]
	at org.springframework.beans.factory.support.AbstractBeanFactory.doGetBean(AbstractBeanFactory.java:324) ~[spring-beans-6.1.5.jar:6.1.5]
	at org.springframework.beans.factory.support.AbstractBeanFactory.getBean(AbstractBeanFactory.java:200) ~[spring-beans-6.1.5.jar:6.1.5]
	at org.springframework.beans.factory.config.DependencyDescriptor.resolveCandidate(DependencyDescriptor.java:254) ~[spring-beans-6.1.5.jar:6.1.5]
	at org.springframework.beans.factory.support.DefaultListableBeanFactory.doResolveDependency(DefaultListableBeanFactory.java:1443) ~[spring-beans-6.1.5.jar:6.1.5]
	at org.springframework.beans.factory.support.DefaultListableBeanFactory.resolveDependency(DefaultListableBeanFactory.java:1353) ~[spring-beans-6.1.5.jar:6.1.5]
	at org.springframework.beans.factory.support.ConstructorResolver.resolveAutowiredArgument(ConstructorResolver.java:904) ~[spring-beans-6.1.5.jar:6.1.5]
	at org.springframework.beans.factory.support.ConstructorResolver.createArgumentArray(ConstructorResolver.java:782) ~[spring-beans-6.1.5.jar:6.1.5]
	... 28 common frames omitted
Caused by: org.springframework.beans.factory.BeanCreationException: Error creating bean with name 'batchDataSourceInitializer' defined in class path resource [org/springframework/boot/autoconfigure/batch/BatchAutoConfiguration$DataSourceInitializerConfiguration.class]: Failed to instantiate [org.springframework.boot.autoconfigure.batch.BatchDataSourceScriptDatabaseInitializer]: Factory method 'batchDataSourceInitializer' threw exception with message: Failed to determine DatabaseDriver
	at org.springframework.beans.factory.support.ConstructorResolver.instantiate(ConstructorResolver.java:648) ~[spring-beans-6.1.5.jar:6.1.5]
	at org.springframework.beans.factory.support.ConstructorResolver.instantiateUsingFactoryMethod(ConstructorResolver.java:636) ~[spring-beans-6.1.5.jar:6.1.5]
	at org.springframework.beans.factory.support.AbstractAutowireCapableBeanFactory.instantiateUsingFactoryMethod(AbstractAutowireCapableBeanFactory.java:1335) ~[spring-beans-6.1.5.jar:6.1.5]
	at org.springframework.beans.factory.support.AbstractAutowireCapableBeanFactory.createBeanInstance(AbstractAutowireCapableBeanFactory.java:1165) ~[spring-beans-6.1.5.jar:6.1.5]
	at org.springframework.beans.factory.support.AbstractAutowireCapableBeanFactory.doCreateBean(AbstractAutowireCapableBeanFactory.java:562) ~[spring-beans-6.1.5.jar:6.1.5]
	at org.springframework.beans.factory.support.AbstractAutowireCapableBeanFactory.createBean(AbstractAutowireCapableBeanFactory.java:522) ~[spring-beans-6.1.5.jar:6.1.5]
	at org.springframework.beans.factory.support.AbstractBeanFactory.lambda$doGetBean$0(AbstractBeanFactory.java:326) ~[spring-beans-6.1.5.jar:6.1.5]
	at org.springframework.beans.factory.support.DefaultSingletonBeanRegistry.getSingleton(DefaultSingletonBeanRegistry.java:234) ~[spring-beans-6.1.5.jar:6.1.5]
	at org.springframework.beans.factory.support.AbstractBeanFactory.doGetBean(AbstractBeanFactory.java:324) ~[spring-beans-6.1.5.jar:6.1.5]
	at org.springframework.beans.factory.support.AbstractBeanFactory.getBean(AbstractBeanFactory.java:200) ~[spring-beans-6.1.5.jar:6.1.5]
	at org.springframework.beans.factory.support.AbstractBeanFactory.doGetBean(AbstractBeanFactory.java:313) ~[spring-beans-6.1.5.jar:6.1.5]
	at org.springframework.beans.factory.support.AbstractBeanFactory.getBean(AbstractBeanFactory.java:225) ~[spring-beans-6.1.5.jar:6.1.5]
	at org.springframework.beans.factory.support.DefaultListableBeanFactory.resolveNamedBean(DefaultListableBeanFactory.java:1323) ~[spring-beans-6.1.5.jar:6.1.5]
	at org.springframework.beans.factory.support.DefaultListableBeanFactory.resolveNamedBean(DefaultListableBeanFactory.java:1284) ~[spring-beans-6.1.5.jar:6.1.5]
	at org.springframework.beans.factory.support.DefaultListableBeanFactory.resolveBean(DefaultListableBeanFactory.java:486) ~[spring-beans-6.1.5.jar:6.1.5]
	at org.springframework.beans.factory.support.DefaultListableBeanFactory.getBean(DefaultListableBeanFactory.java:341) ~[spring-beans-6.1.5.jar:6.1.5]
	at org.springframework.beans.factory.support.DefaultListableBeanFactory.getBean(DefaultListableBeanFactory.java:334) ~[spring-beans-6.1.5.jar:6.1.5]
	at org.springframework.orm.jpa.EntityManagerFactoryUtils.findEntityManagerFactory(EntityManagerFactoryUtils.java:120) ~[spring-orm-6.1.5.jar:6.1.5]
	at org.springframework.orm.jpa.JpaTransactionManager.setBeanFactory(JpaTransactionManager.java:333) ~[spring-orm-6.1.5.jar:6.1.5]
	at org.springframework.beans.factory.support.AbstractAutowireCapableBeanFactory.invokeAwareMethods(AbstractAutowireCapableBeanFactory.java:1807) ~[spring-beans-6.1.5.jar:6.1.5]
	at org.springframework.beans.factory.support.AbstractAutowireCapableBeanFactory.initializeBean(AbstractAutowireCapableBeanFactory.java:1774) ~[spring-beans-6.1.5.jar:6.1.5]
	at org.springframework.beans.factory.support.AbstractAutowireCapableBeanFactory.doCreateBean(AbstractAutowireCapableBeanFactory.java:600) ~[spring-beans-6.1.5.jar:6.1.5]
	... 38 common frames omitted
Caused by: org.springframework.beans.BeanInstantiationException: Failed to instantiate [org.springframework.boot.autoconfigure.batch.BatchDataSourceScriptDatabaseInitializer]: Factory method 'batchDataSourceInitializer' threw exception with message: Failed to determine DatabaseDriver
	at org.springframework.beans.factory.support.SimpleInstantiationStrategy.instantiate(SimpleInstantiationStrategy.java:177) ~[spring-beans-6.1.5.jar:6.1.5]
	at org.springframework.beans.factory.support.ConstructorResolver.instantiate(ConstructorResolver.java:644) ~[spring-beans-6.1.5.jar:6.1.5]
	... 59 common frames omitted
Caused by: java.lang.IllegalStateException: Failed to determine DatabaseDriver
	at org.springframework.boot.jdbc.init.PlatformPlaceholderDatabaseDriverResolver.getDatabaseDriver(PlatformPlaceholderDatabaseDriverResolver.java:144) ~[spring-boot-3.2.4.jar:3.2.4]
	at org.springframework.boot.jdbc.init.PlatformPlaceholderDatabaseDriverResolver.determinePlatform(PlatformPlaceholderDatabaseDriverResolver.java:132) ~[spring-boot-3.2.4.jar:3.2.4]
	at org.springframework.boot.jdbc.init.PlatformPlaceholderDatabaseDriverResolver.lambda$resolveAll$0(PlatformPlaceholderDatabaseDriverResolver.java:97) ~[spring-boot-3.2.4.jar:3.2.4]
	at org.springframework.boot.jdbc.init.PlatformPlaceholderDatabaseDriverResolver.resolveAll(PlatformPlaceholderDatabaseDriverResolver.java:122) ~[spring-boot-3.2.4.jar:3.2.4]
	at org.springframework.boot.jdbc.init.PlatformPlaceholderDatabaseDriverResolver.resolveAll(PlatformPlaceholderDatabaseDriverResolver.java:97) ~[spring-boot-3.2.4.jar:3.2.4]
	at org.springframework.boot.autoconfigure.batch.BatchDataSourceScriptDatabaseInitializer.resolveSchemaLocations(BatchDataSourceScriptDatabaseInitializer.java:83) ~[spring-boot-autoconfigure-3.2.4.jar:3.2.4]
	at org.springframework.boot.autoconfigure.batch.BatchDataSourceScriptDatabaseInitializer.getSettings(BatchDataSourceScriptDatabaseInitializer.java:72) ~[spring-boot-autoconfigure-3.2.4.jar:3.2.4]
	at org.springframework.boot.autoconfigure.batch.BatchDataSourceScriptDatabaseInitializer.<init>(BatchDataSourceScriptDatabaseInitializer.java:47) ~[spring-boot-autoconfigure-3.2.4.jar:3.2.4]
	at org.springframework.boot.autoconfigure.batch.BatchAutoConfiguration$DataSourceInitializerConfiguration.batchDataSourceInitializer(BatchAutoConfiguration.java:156) ~[spring-boot-autoconfigure-3.2.4.jar:3.2.4]
	at java.base/jdk.internal.reflect.DirectMethodHandleAccessor.invoke(DirectMethodHandleAccessor.java:103) ~[na:na]
	at java.base/java.lang.reflect.Method.invoke(Method.java:580) ~[na:na]
	at org.springframework.beans.factory.support.SimpleInstantiationStrategy.instantiate(SimpleInstantiationStrategy.java:140) ~[spring-beans-6.1.5.jar:6.1.5]
	... 60 common frames omitted
Caused by: org.springframework.jdbc.support.MetaDataAccessException: Could not get Connection for extracting meta-data
	at org.springframework.jdbc.support.JdbcUtils.extractDatabaseMetaData(JdbcUtils.java:357) ~[spring-jdbc-6.1.5.jar:6.1.5]
	at org.springframework.boot.jdbc.init.PlatformPlaceholderDatabaseDriverResolver.getDatabaseDriver(PlatformPlaceholderDatabaseDriverResolver.java:140) ~[spring-boot-3.2.4.jar:3.2.4]
	... 71 common frames omitted
Caused by: org.springframework.jdbc.CannotGetJdbcConnectionException: Failed to obtain JDBC Connection
	at org.springframework.jdbc.datasource.DataSourceUtils.getConnection(DataSourceUtils.java:84) ~[spring-jdbc-6.1.5.jar:6.1.5]
	at org.springframework.jdbc.support.JdbcUtils.extractDatabaseMetaData(JdbcUtils.java:331) ~[spring-jdbc-6.1.5.jar:6.1.5]
	... 72 common frames omitted
Caused by: java.sql.SQLException: Access denied for user 'root'@'localhost' (using password: YES)
	at com.mysql.cj.jdbc.exceptions.SQLError.createSQLException(SQLError.java:130) ~[mysql-connector-j-8.3.0.jar:8.3.0]
	at com.mysql.cj.jdbc.exceptions.SQLExceptionsMapping.translateException(SQLExceptionsMapping.java:122) ~[mysql-connector-j-8.3.0.jar:8.3.0]
	at com.mysql.cj.jdbc.ConnectionImpl.createNewIO(ConnectionImpl.java:815) ~[mysql-connector-j-8.3.0.jar:8.3.0]
	at com.mysql.cj.jdbc.ConnectionImpl.<init>(ConnectionImpl.java:438) ~[mysql-connector-j-8.3.0.jar:8.3.0]
	at com.mysql.cj.jdbc.ConnectionImpl.getInstance(ConnectionImpl.java:241) ~[mysql-connector-j-8.3.0.jar:8.3.0]
	at com.mysql.cj.jdbc.NonRegisteringDriver.connect(NonRegisteringDriver.java:189) ~[mysql-connector-j-8.3.0.jar:8.3.0]
	at com.zaxxer.hikari.util.DriverDataSource.getConnection(DriverDataSource.java:138) ~[HikariCP-5.0.1.jar:na]
	at com.zaxxer.hikari.pool.PoolBase.newConnection(PoolBase.java:359) ~[HikariCP-5.0.1.jar:na]
	at com.zaxxer.hikari.pool.PoolBase.newPoolEntry(PoolBase.java:201) ~[HikariCP-5.0.1.jar:na]
	at com.zaxxer.hikari.pool.HikariPool.createPoolEntry(HikariPool.java:470) ~[HikariCP-5.0.1.jar:na]
	at com.zaxxer.hikari.pool.HikariPool.checkFailFast(HikariPool.java:561) ~[HikariCP-5.0.1.jar:na]
	at com.zaxxer.hikari.pool.HikariPool.<init>(HikariPool.java:100) ~[HikariCP-5.0.1.jar:na]
	at com.zaxxer.hikari.HikariDataSource.getConnection(HikariDataSource.java:112) ~[HikariCP-5.0.1.jar:na]
	at org.springframework.jdbc.datasource.DataSourceUtils.fetchConnection(DataSourceUtils.java:160) ~[spring-jdbc-6.1.5.jar:6.1.5]
	at org.springframework.jdbc.datasource.DataSourceUtils.doGetConnection(DataSourceUtils.java:118) ~[spring-jdbc-6.1.5.jar:6.1.5]
	at org.springframework.jdbc.datasource.DataSourceUtils.getConnection(DataSourceUtils.java:81) ~[spring-jdbc-6.1.5.jar:6.1.5]
	... 73 common frames omitted

2026-09-02T19:54:14.125+05:30  INFO 25964 --- [smartwatch-leaderboard] [main] c.s.leaderboard.SmartwatchLeaderboard    : Starting SmartwatchLeaderboard using Java 21.0.2 with PID 25964 (C:\Users\PC\smartwatch_application\target\classes started by PC in C:\Users\PC\smartwatch_application)
2026-09-02T19:54:14.127+05:30  INFO 25964 --- [smartwatch-leaderboard] [main] c.s.leaderboard.SmartwatchLeaderboard    : The following 1 profile is active: "local"
2026-09-02T19:54:17.512+05:30  INFO 25964 --- [smartwatch-leaderboard] [main] .s.d.r.c.RepositoryConfigurationDelegate : Bootstrapping Spring Data JPA repositories in DEFAULT mode.
2026-09-02T19:54:17.740+05:30  INFO 25964 --- [smartwatch-leaderboard] [main] .s.d.r.c.RepositoryConfigurationDelegate : Finished Spring Data repository scanning in 199 ms. Found 11 JPA repository interfaces.
2026-09-02T19:54:19.503+05:30  WARN 25964 --- [smartwatch-leaderboard] [main] trationDelegate$BeanPostProcessorChecker : Bean 'org.springframework.boot.autoconfigure.jdbc.DataSourceConfiguration$Hikari' of type [org.springframework.boot.autoconfigure.jdbc.DataSourceConfiguration$Hikari] is not eligible for getting processed by all BeanPostProcessors (for example: not eligible for auto-proxying). Is this bean getting eagerly injected into a currently created BeanPostProcessor [jobRegistryBeanPostProcessor]? Check the corresponding BeanPostProcessor declaration and its dependencies.
2026-09-02T19:54:19.535+05:30  WARN 25964 --- [smartwatch-leaderboard] [main] trationDelegate$BeanPostProcessorChecker : Bean 'spring.datasource-org.springframework.boot.autoconfigure.jdbc.DataSourceProperties' of type [org.springframework.boot.autoconfigure.jdbc.DataSourceProperties] is not eligible for getting processed by all BeanPostProcessors (for example: not eligible for auto-proxying). Is this bean getting eagerly injected into a currently created BeanPostProcessor [jobRegistryBeanPostProcessor]? Check the corresponding BeanPostProcessor declaration and its dependencies.
2026-09-02T19:54:19.541+05:30  WARN 25964 --- [smartwatch-leaderboard] [main] trationDelegate$BeanPostProcessorChecker : Bean 'org.springframework.boot.autoconfigure.jdbc.DataSourceAutoConfiguration$PooledDataSourceConfiguration' of type [org.springframework.boot.autoconfigure.jdbc.DataSourceAutoConfiguration$PooledDataSourceConfiguration] is not eligible for getting processed by all BeanPostProcessors (for example: not eligible for auto-proxying). Is this bean getting eagerly injected into a currently created BeanPostProcessor [jobRegistryBeanPostProcessor]? Check the corresponding BeanPostProcessor declaration and its dependencies.
2026-09-02T19:54:19.545+05:30  WARN 25964 --- [smartwatch-leaderboard] [main] trationDelegate$BeanPostProcessorChecker : Bean 'jdbcConnectionDetails' of type [org.springframework.boot.autoconfigure.jdbc.PropertiesJdbcConnectionDetails] is not eligible for getting processed by all BeanPostProcessors (for example: not eligible for auto-proxying). Is this bean getting eagerly injected into a currently created BeanPostProcessor [jobRegistryBeanPostProcessor]? Check the corresponding BeanPostProcessor declaration and its dependencies.
2026-09-02T19:54:19.580+05:30  WARN 25964 --- [smartwatch-leaderboard] [main] trationDelegate$BeanPostProcessorChecker : Bean 'dataSource' of type [com.zaxxer.hikari.HikariDataSource] is not eligible for getting processed by all BeanPostProcessors (for example: not eligible for auto-proxying). Is this bean getting eagerly injected into a currently created BeanPostProcessor [jobRegistryBeanPostProcessor]? Check the corresponding BeanPostProcessor declaration and its dependencies.
2026-09-02T19:54:19.604+05:30  WARN 25964 --- [smartwatch-leaderboard] [main] trationDelegate$BeanPostProcessorChecker : Bean 'spring.jpa-org.springframework.boot.autoconfigure.orm.jpa.JpaProperties' of type [org.springframework.boot.autoconfigure.orm.jpa.JpaProperties] is not eligible for getting processed by all BeanPostProcessors (for example: not eligible for auto-proxying). Is this bean getting eagerly injected into a currently created BeanPostProcessor [jobRegistryBeanPostProcessor]? Check the corresponding BeanPostProcessor declaration and its dependencies.
2026-09-02T19:54:19.609+05:30  WARN 25964 --- [smartwatch-leaderboard] [main] trationDelegate$BeanPostProcessorChecker : Bean 'spring.jpa.hibernate-org.springframework.boot.autoconfigure.orm.jpa.HibernateProperties' of type [org.springframework.boot.autoconfigure.orm.jpa.HibernateProperties] is not eligible for getting processed by all BeanPostProcessors (for example: not eligible for auto-proxying). Is this bean getting eagerly injected into a currently created BeanPostProcessor [jobRegistryBeanPostProcessor]? Check the corresponding BeanPostProcessor declaration and its dependencies.
2026-09-02T19:54:19.619+05:30  WARN 25964 --- [smartwatch-leaderboard] [main] trationDelegate$BeanPostProcessorChecker : Bean 'org.springframework.boot.autoconfigure.jdbc.metadata.DataSourcePoolMetadataProvidersConfiguration$HikariPoolDataSourceMetadataProviderConfiguration' of type [org.springframework.boot.autoconfigure.jdbc.metadata.DataSourcePoolMetadataProvidersConfiguration$HikariPoolDataSourceMetadataProviderConfiguration] is not eligible for getting processed by all BeanPostProcessors (for example: not eligible for auto-proxying). Is this bean getting eagerly injected into a currently created BeanPostProcessor [jobRegistryBeanPostProcessor]? Check the corresponding BeanPostProcessor declaration and its dependencies.
2026-09-02T19:54:19.622+05:30  WARN 25964 --- [smartwatch-leaderboard] [main] trationDelegate$BeanPostProcessorChecker : Bean 'hikariPoolDataSourceMetadataProvider' of type [org.springframework.boot.autoconfigure.jdbc.metadata.DataSourcePoolMetadataProvidersConfiguration$HikariPoolDataSourceMetadataProviderConfiguration$$Lambda/0x000001eb454566a0] is not eligible for getting processed by all BeanPostProcessors (for example: not eligible for auto-proxying). Is this bean getting eagerly injected into a currently created BeanPostProcessor [jobRegistryBeanPostProcessor]? Check the corresponding BeanPostProcessor declaration and its dependencies.
2026-09-02T19:54:19.632+05:30  WARN 25964 --- [smartwatch-leaderboard] [main] trationDelegate$BeanPostProcessorChecker : Bean 'org.springframework.boot.autoconfigure.orm.jpa.HibernateJpaConfiguration' of type [org.springframework.boot.autoconfigure.orm.jpa.HibernateJpaConfiguration] is not eligible for getting processed by all BeanPostProcessors (for example: not eligible for auto-proxying). Is this bean getting eagerly injected into a currently created BeanPostProcessor [jobRegistryBeanPostProcessor]? Check the corresponding BeanPostProcessor declaration and its dependencies.
2026-09-02T19:54:19.652+05:30  WARN 25964 --- [smartwatch-leaderboard] [main] trationDelegate$BeanPostProcessorChecker : Bean 'org.springframework.boot.autoconfigure.transaction.TransactionManagerCustomizationAutoConfiguration' of type [org.springframework.boot.autoconfigure.transaction.TransactionManagerCustomizationAutoConfiguration] is not eligible for getting processed by all BeanPostProcessors (for example: not eligible for auto-proxying). Is this bean getting eagerly injected into a currently created BeanPostProcessor [jobRegistryBeanPostProcessor]? Check the corresponding BeanPostProcessor declaration and its dependencies.
2026-09-02T19:54:19.657+05:30  WARN 25964 --- [smartwatch-leaderboard] [main] trationDelegate$BeanPostProcessorChecker : Bean 'transactionExecutionListeners' of type [org.springframework.boot.autoconfigure.transaction.ExecutionListenersTransactionManagerCustomizer] is not eligible for getting processed by all BeanPostProcessors (for example: not eligible for auto-proxying). Is this bean getting eagerly injected into a currently created BeanPostProcessor [jobRegistryBeanPostProcessor]? Check the corresponding BeanPostProcessor declaration and its dependencies.
2026-09-02T19:54:19.663+05:30  WARN 25964 --- [smartwatch-leaderboard] [main] trationDelegate$BeanPostProcessorChecker : Bean 'spring.transaction-org.springframework.boot.autoconfigure.transaction.TransactionProperties' of type [org.springframework.boot.autoconfigure.transaction.TransactionProperties] is not eligible for getting processed by all BeanPostProcessors (for example: not eligible for auto-proxying). Is this bean getting eagerly injected into a currently created BeanPostProcessor [jobRegistryBeanPostProcessor]? Check the corresponding BeanPostProcessor declaration and its dependencies.
2026-09-02T19:54:19.668+05:30  WARN 25964 --- [smartwatch-leaderboard] [main] trationDelegate$BeanPostProcessorChecker : Bean 'platformTransactionManagerCustomizers' of type [org.springframework.boot.autoconfigure.transaction.TransactionManagerCustomizers] is not eligible for getting processed by all BeanPostProcessors (for example: not eligible for auto-proxying). Is this bean getting eagerly injected into a currently created BeanPostProcessor [jobRegistryBeanPostProcessor]? Check the corresponding BeanPostProcessor declaration and its dependencies.
2026-09-02T19:54:19.708+05:30  WARN 25964 --- [smartwatch-leaderboard] [main] trationDelegate$BeanPostProcessorChecker : Bean 'org.springframework.boot.autoconfigure.sql.init.DataSourceInitializationConfiguration' of type [org.springframework.boot.autoconfigure.sql.init.DataSourceInitializationConfiguration] is not eligible for getting processed by all BeanPostProcessors (for example: not eligible for auto-proxying). Is this bean getting eagerly injected into a currently created BeanPostProcessor [jobRegistryBeanPostProcessor]? Check the corresponding BeanPostProcessor declaration and its dependencies.
2026-09-02T19:54:19.712+05:30  WARN 25964 --- [smartwatch-leaderboard] [main] trationDelegate$BeanPostProcessorChecker : Bean 'spring.sql.init-org.springframework.boot.autoconfigure.sql.init.SqlInitializationProperties' of type [org.springframework.boot.autoconfigure.sql.init.SqlInitializationProperties] is not eligible for getting processed by all BeanPostProcessors (for example: not eligible for auto-proxying). Is this bean getting eagerly injected into a currently created BeanPostProcessor [jobRegistryBeanPostProcessor]? Check the corresponding BeanPostProcessor declaration and its dependencies.
2026-09-02T19:54:19.728+05:30  WARN 25964 --- [smartwatch-leaderboard] [main] trationDelegate$BeanPostProcessorChecker : Bean 'dataSourceScriptDatabaseInitializer' of type [org.springframework.boot.autoconfigure.sql.init.SqlDataSourceScriptDatabaseInitializer] is not eligible for getting processed by all BeanPostProcessors (for example: not eligible for auto-proxying). Is this bean getting eagerly injected into a currently created BeanPostProcessor [jobRegistryBeanPostProcessor]? Check the corresponding BeanPostProcessor declaration and its dependencies.
2026-09-02T19:54:19.732+05:30  WARN 25964 --- [smartwatch-leaderboard] [main] trationDelegate$BeanPostProcessorChecker : Bean 'org.springframework.boot.autoconfigure.batch.BatchAutoConfiguration$DataSourceInitializerConfiguration' of type [org.springframework.boot.autoconfigure.batch.BatchAutoConfiguration$DataSourceInitializerConfiguration] is not eligible for getting processed by all BeanPostProcessors (for example: not eligible for auto-proxying). Is this bean getting eagerly injected into a currently created BeanPostProcessor [jobRegistryBeanPostProcessor]? Check the corresponding BeanPostProcessor declaration and its dependencies.
2026-09-02T19:54:19.780+05:30  WARN 25964 --- [smartwatch-leaderboard] [main] trationDelegate$BeanPostProcessorChecker : Bean 'spring.batch-org.springframework.boot.autoconfigure.batch.BatchProperties' of type [org.springframework.boot.autoconfigure.batch.BatchProperties] is not eligible for getting processed by all BeanPostProcessors (for example: not eligible for auto-proxying). Is this bean getting eagerly injected into a currently created BeanPostProcessor [jobRegistryBeanPostProcessor]? Check the corresponding BeanPostProcessor declaration and its dependencies.
2026-09-02T19:54:19.833+05:30  INFO 25964 --- [smartwatch-leaderboard] [main] com.zaxxer.hikari.HikariDataSource       : HikariPool-1 - Starting...
2026-09-02T19:54:22.001+05:30 ERROR 25964 --- [smartwatch-leaderboard] [main] com.zaxxer.hikari.pool.HikariPool        : HikariPool-1 - Exception during pool initialization.

java.sql.SQLException: Access denied for user 'system'@'localhost' (using password: YES)
	at com.mysql.cj.jdbc.exceptions.SQLError.createSQLException(SQLError.java:130) ~[mysql-connector-j-8.3.0.jar:8.3.0]
	at com.mysql.cj.jdbc.exceptions.SQLExceptionsMapping.translateException(SQLExceptionsMapping.java:122) ~[mysql-connector-j-8.3.0.jar:8.3.0]
	at com.mysql.cj.jdbc.ConnectionImpl.createNewIO(ConnectionImpl.java:815) ~[mysql-connector-j-8.3.0.jar:8.3.0]
	at com.mysql.cj.jdbc.ConnectionImpl.<init>(ConnectionImpl.java:438) ~[mysql-connector-j-8.3.0.jar:8.3.0]
	at com.mysql.cj.jdbc.ConnectionImpl.getInstance(ConnectionImpl.java:241) ~[mysql-connector-j-8.3.0.jar:8.3.0]
	at com.mysql.cj.jdbc.NonRegisteringDriver.connect(NonRegisteringDriver.java:189) ~[mysql-connector-j-8.3.0.jar:8.3.0]
	at com.zaxxer.hikari.util.DriverDataSource.getConnection(DriverDataSource.java:138) ~[HikariCP-5.0.1.jar:na]
	at com.zaxxer.hikari.pool.PoolBase.newConnection(PoolBase.java:359) ~[HikariCP-5.0.1.jar:na]
	at com.zaxxer.hikari.pool.PoolBase.newPoolEntry(PoolBase.java:201) ~[HikariCP-5.0.1.jar:na]
	at com.zaxxer.hikari.pool.HikariPool.createPoolEntry(HikariPool.java:470) ~[HikariCP-5.0.1.jar:na]
	at com.zaxxer.hikari.pool.HikariPool.checkFailFast(HikariPool.java:561) ~[HikariCP-5.0.1.jar:na]
	at com.zaxxer.hikari.pool.HikariPool.<init>(HikariPool.java:100) ~[HikariCP-5.0.1.jar:na]
	at com.zaxxer.hikari.HikariDataSource.getConnection(HikariDataSource.java:112) ~[HikariCP-5.0.1.jar:na]
	at org.springframework.jdbc.datasource.DataSourceUtils.fetchConnection(DataSourceUtils.java:160) ~[spring-jdbc-6.1.5.jar:6.1.5]
	at org.springframework.jdbc.datasource.DataSourceUtils.doGetConnection(DataSourceUtils.java:118) ~[spring-jdbc-6.1.5.jar:6.1.5]
	at org.springframework.jdbc.datasource.DataSourceUtils.getConnection(DataSourceUtils.java:81) ~[spring-jdbc-6.1.5.jar:6.1.5]
	at org.springframework.jdbc.support.JdbcUtils.extractDatabaseMetaData(JdbcUtils.java:331) ~[spring-jdbc-6.1.5.jar:6.1.5]
	at org.springframework.boot.jdbc.init.PlatformPlaceholderDatabaseDriverResolver.getDatabaseDriver(PlatformPlaceholderDatabaseDriverResolver.java:140) ~[spring-boot-3.2.4.jar:3.2.4]
	at org.springframework.boot.jdbc.init.PlatformPlaceholderDatabaseDriverResolver.determinePlatform(PlatformPlaceholderDatabaseDriverResolver.java:132) ~[spring-boot-3.2.4.jar:3.2.4]
	at org.springframework.boot.jdbc.init.PlatformPlaceholderDatabaseDriverResolver.lambda$resolveAll$0(PlatformPlaceholderDatabaseDriverResolver.java:97) ~[spring-boot-3.2.4.jar:3.2.4]
	at org.springframework.boot.jdbc.init.PlatformPlaceholderDatabaseDriverResolver.resolveAll(PlatformPlaceholderDatabaseDriverResolver.java:122) ~[spring-boot-3.2.4.jar:3.2.4]
	at org.springframework.boot.jdbc.init.PlatformPlaceholderDatabaseDriverResolver.resolveAll(PlatformPlaceholderDatabaseDriverResolver.java:97) ~[spring-boot-3.2.4.jar:3.2.4]
	at org.springframework.boot.autoconfigure.batch.BatchDataSourceScriptDatabaseInitializer.resolveSchemaLocations(BatchDataSourceScriptDatabaseInitializer.java:83) ~[spring-boot-autoconfigure-3.2.4.jar:3.2.4]
	at org.springframework.boot.autoconfigure.batch.BatchDataSourceScriptDatabaseInitializer.getSettings(BatchDataSourceScriptDatabaseInitializer.java:72) ~[spring-boot-autoconfigure-3.2.4.jar:3.2.4]
	at org.springframework.boot.autoconfigure.batch.BatchDataSourceScriptDatabaseInitializer.<init>(BatchDataSourceScriptDatabaseInitializer.java:47) ~[spring-boot-autoconfigure-3.2.4.jar:3.2.4]
	at org.springframework.boot.autoconfigure.batch.BatchAutoConfiguration$DataSourceInitializerConfiguration.batchDataSourceInitializer(BatchAutoConfiguration.java:156) ~[spring-boot-autoconfigure-3.2.4.jar:3.2.4]
	at java.base/jdk.internal.reflect.DirectMethodHandleAccessor.invoke(DirectMethodHandleAccessor.java:103) ~[na:na]
	at java.base/java.lang.reflect.Method.invoke(Method.java:580) ~[na:na]
	at org.springframework.beans.factory.support.SimpleInstantiationStrategy.instantiate(SimpleInstantiationStrategy.java:140) ~[spring-beans-6.1.5.jar:6.1.5]
	at org.springframework.beans.factory.support.ConstructorResolver.instantiate(ConstructorResolver.java:644) ~[spring-beans-6.1.5.jar:6.1.5]
	at org.springframework.beans.factory.support.ConstructorResolver.instantiateUsingFactoryMethod(ConstructorResolver.java:636) ~[spring-beans-6.1.5.jar:6.1.5]
	at org.springframework.beans.factory.support.AbstractAutowireCapableBeanFactory.instantiateUsingFactoryMethod(AbstractAutowireCapableBeanFactory.java:1335) ~[spring-beans-6.1.5.jar:6.1.5]
	at org.springframework.beans.factory.support.AbstractAutowireCapableBeanFactory.createBeanInstance(AbstractAutowireCapableBeanFactory.java:1165) ~[spring-beans-6.1.5.jar:6.1.5]
	at org.springframework.beans.factory.support.AbstractAutowireCapableBeanFactory.doCreateBean(AbstractAutowireCapableBeanFactory.java:562) ~[spring-beans-6.1.5.jar:6.1.5]
	at org.springframework.beans.factory.support.AbstractAutowireCapableBeanFactory.createBean(AbstractAutowireCapableBeanFactory.java:522) ~[spring-beans-6.1.5.jar:6.1.5]
	at org.springframework.beans.factory.support.AbstractBeanFactory.lambda$doGetBean$0(AbstractBeanFactory.java:326) ~[spring-beans-6.1.5.jar:6.1.5]
	at org.springframework.beans.factory.support.DefaultSingletonBeanRegistry.getSingleton(DefaultSingletonBeanRegistry.java:234) ~[spring-beans-6.1.5.jar:6.1.5]
	at org.springframework.beans.factory.support.AbstractBeanFactory.doGetBean(AbstractBeanFactory.java:324) ~[spring-beans-6.1.5.jar:6.1.5]
	at org.springframework.beans.factory.support.AbstractBeanFactory.getBean(AbstractBeanFactory.java:200) ~[spring-beans-6.1.5.jar:6.1.5]
	at org.springframework.beans.factory.support.AbstractBeanFactory.doGetBean(AbstractBeanFactory.java:313) ~[spring-beans-6.1.5.jar:6.1.5]
	at org.springframework.beans.factory.support.AbstractBeanFactory.getBean(AbstractBeanFactory.java:225) ~[spring-beans-6.1.5.jar:6.1.5]
	at org.springframework.beans.factory.support.DefaultListableBeanFactory.resolveNamedBean(DefaultListableBeanFactory.java:1323) ~[spring-beans-6.1.5.jar:6.1.5]
	at org.springframework.beans.factory.support.DefaultListableBeanFactory.resolveNamedBean(DefaultListableBeanFactory.java:1284) ~[spring-beans-6.1.5.jar:6.1.5]
	at org.springframework.beans.factory.support.DefaultListableBeanFactory.resolveBean(DefaultListableBeanFactory.java:486) ~[spring-beans-6.1.5.jar:6.1.5]
	at org.springframework.beans.factory.support.DefaultListableBeanFactory.getBean(DefaultListableBeanFactory.java:341) ~[spring-beans-6.1.5.jar:6.1.5]
	at org.springframework.beans.factory.support.DefaultListableBeanFactory.getBean(DefaultListableBeanFactory.java:334) ~[spring-beans-6.1.5.jar:6.1.5]
	at org.springframework.orm.jpa.EntityManagerFactoryUtils.findEntityManagerFactory(EntityManagerFactoryUtils.java:120) ~[spring-orm-6.1.5.jar:6.1.5]
	at org.springframework.orm.jpa.JpaTransactionManager.setBeanFactory(JpaTransactionManager.java:333) ~[spring-orm-6.1.5.jar:6.1.5]
	at org.springframework.beans.factory.support.AbstractAutowireCapableBeanFactory.invokeAwareMethods(AbstractAutowireCapableBeanFactory.java:1807) ~[spring-beans-6.1.5.jar:6.1.5]
	at org.springframework.beans.factory.support.AbstractAutowireCapableBeanFactory.initializeBean(AbstractAutowireCapableBeanFactory.java:1774) ~[spring-beans-6.1.5.jar:6.1.5]
	at org.springframework.beans.factory.support.AbstractAutowireCapableBeanFactory.doCreateBean(AbstractAutowireCapableBeanFactory.java:600) ~[spring-beans-6.1.5.jar:6.1.5]
	at org.springframework.beans.factory.support.AbstractAutowireCapableBeanFactory.createBean(AbstractAutowireCapableBeanFactory.java:522) ~[spring-beans-6.1.5.jar:6.1.5]
	at org.springframework.beans.factory.support.AbstractBeanFactory.lambda$doGetBean$0(AbstractBeanFactory.java:326) ~[spring-beans-6.1.5.jar:6.1.5]
	at org.springframework.beans.factory.support.DefaultSingletonBeanRegistry.getSingleton(DefaultSingletonBeanRegistry.java:234) ~[spring-beans-6.1.5.jar:6.1.5]
	at org.springframework.beans.factory.support.AbstractBeanFactory.doGetBean(AbstractBeanFactory.java:324) ~[spring-beans-6.1.5.jar:6.1.5]
	at org.springframework.beans.factory.support.AbstractBeanFactory.getBean(AbstractBeanFactory.java:200) ~[spring-beans-6.1.5.jar:6.1.5]
	at org.springframework.beans.factory.config.DependencyDescriptor.resolveCandidate(DependencyDescriptor.java:254) ~[spring-beans-6.1.5.jar:6.1.5]
	at org.springframework.beans.factory.support.DefaultListableBeanFactory.doResolveDependency(DefaultListableBeanFactory.java:1443) ~[spring-beans-6.1.5.jar:6.1.5]
	at org.springframework.beans.factory.support.DefaultListableBeanFactory.resolveDependency(DefaultListableBeanFactory.java:1353) ~[spring-beans-6.1.5.jar:6.1.5]
	at org.springframework.beans.factory.support.ConstructorResolver.resolveAutowiredArgument(ConstructorResolver.java:904) ~[spring-beans-6.1.5.jar:6.1.5]
	at org.springframework.beans.factory.support.ConstructorResolver.createArgumentArray(ConstructorResolver.java:782) ~[spring-beans-6.1.5.jar:6.1.5]
	at org.springframework.beans.factory.support.ConstructorResolver.autowireConstructor(ConstructorResolver.java:237) ~[spring-beans-6.1.5.jar:6.1.5]
	at org.springframework.beans.factory.support.AbstractAutowireCapableBeanFactory.autowireConstructor(AbstractAutowireCapableBeanFactory.java:1355) ~[spring-beans-6.1.5.jar:6.1.5]
	at org.springframework.beans.factory.support.AbstractAutowireCapableBeanFactory.createBeanInstance(AbstractAutowireCapableBeanFactory.java:1192) ~[spring-beans-6.1.5.jar:6.1.5]
	at org.springframework.beans.factory.support.AbstractAutowireCapableBeanFactory.doCreateBean(AbstractAutowireCapableBeanFactory.java:562) ~[spring-beans-6.1.5.jar:6.1.5]
	at org.springframework.beans.factory.support.AbstractAutowireCapableBeanFactory.createBean(AbstractAutowireCapableBeanFactory.java:522) ~[spring-beans-6.1.5.jar:6.1.5]
	at org.springframework.beans.factory.support.AbstractBeanFactory.lambda$doGetBean$0(AbstractBeanFactory.java:326) ~[spring-beans-6.1.5.jar:6.1.5]
	at org.springframework.beans.factory.support.DefaultSingletonBeanRegistry.getSingleton(DefaultSingletonBeanRegistry.java:234) ~[spring-beans-6.1.5.jar:6.1.5]
	at org.springframework.beans.factory.support.AbstractBeanFactory.doGetBean(AbstractBeanFactory.java:324) ~[spring-beans-6.1.5.jar:6.1.5]
	at org.springframework.beans.factory.support.AbstractBeanFactory.getBean(AbstractBeanFactory.java:200) ~[spring-beans-6.1.5.jar:6.1.5]
	at org.springframework.beans.factory.support.ConstructorResolver.instantiateUsingFactoryMethod(ConstructorResolver.java:409) ~[spring-beans-6.1.5.jar:6.1.5]
	at org.springframework.beans.factory.support.AbstractAutowireCapableBeanFactory.instantiateUsingFactoryMethod(AbstractAutowireCapableBeanFactory.java:1335) ~[spring-beans-6.1.5.jar:6.1.5]
	at org.springframework.beans.factory.support.AbstractAutowireCapableBeanFactory.createBeanInstance(AbstractAutowireCapableBeanFactory.java:1165) ~[spring-beans-6.1.5.jar:6.1.5]
	at org.springframework.beans.factory.support.AbstractAutowireCapableBeanFactory.doCreateBean(AbstractAutowireCapableBeanFactory.java:562) ~[spring-beans-6.1.5.jar:6.1.5]
	at org.springframework.beans.factory.support.AbstractAutowireCapableBeanFactory.createBean(AbstractAutowireCapableBeanFactory.java:522) ~[spring-beans-6.1.5.jar:6.1.5]
	at org.springframework.beans.factory.support.AbstractBeanFactory.lambda$doGetBean$0(AbstractBeanFactory.java:326) ~[spring-beans-6.1.5.jar:6.1.5]
	at org.springframework.beans.factory.support.DefaultSingletonBeanRegistry.getSingleton(DefaultSingletonBeanRegistry.java:234) ~[spring-beans-6.1.5.jar:6.1.5]
	at org.springframework.beans.factory.support.AbstractBeanFactory.doGetBean(AbstractBeanFactory.java:324) ~[spring-beans-6.1.5.jar:6.1.5]
	at org.springframework.beans.factory.support.AbstractBeanFactory.getBean(AbstractBeanFactory.java:205) ~[spring-beans-6.1.5.jar:6.1.5]
	at org.springframework.context.support.PostProcessorRegistrationDelegate.registerBeanPostProcessors(PostProcessorRegistrationDelegate.java:277) ~[spring-context-6.1.5.jar:6.1.5]
	at org.springframework.context.support.AbstractApplicationContext.registerBeanPostProcessors(AbstractApplicationContext.java:805) ~[spring-context-6.1.5.jar:6.1.5]
	at org.springframework.context.support.AbstractApplicationContext.refresh(AbstractApplicationContext.java:608) ~[spring-context-6.1.5.jar:6.1.5]
	at org.springframework.boot.web.servlet.context.ServletWebServerApplicationContext.refresh(ServletWebServerApplicationContext.java:146) ~[spring-boot-3.2.4.jar:3.2.4]
	at org.springframework.boot.SpringApplication.refresh(SpringApplication.java:754) ~[spring-boot-3.2.4.jar:3.2.4]
	at org.springframework.boot.SpringApplication.refreshContext(SpringApplication.java:456) ~[spring-boot-3.2.4.jar:3.2.4]
	at org.springframework.boot.SpringApplication.run(SpringApplication.java:334) ~[spring-boot-3.2.4.jar:3.2.4]
	at org.springframework.boot.SpringApplication.run(SpringApplication.java:1354) ~[spring-boot-3.2.4.jar:3.2.4]
	at org.springframework.boot.SpringApplication.run(SpringApplication.java:1343) ~[spring-boot-3.2.4.jar:3.2.4]
	at com.smartwatch.leaderboard.SmartwatchLeaderboard.main(SmartwatchLeaderboard.java:10) ~[classes/:na]

2026-09-02T19:54:22.049+05:30  WARN 25964 --- [smartwatch-leaderboard] [main] ConfigServletWebServerApplicationContext : Exception encountered during context initialization - cancelling refresh attempt: org.springframework.beans.factory.UnsatisfiedDependencyException: Error creating bean with name 'org.springframework.boot.autoconfigure.batch.BatchAutoConfiguration$SpringBootBatchConfiguration': Unsatisfied dependency expressed through constructor parameter 2: Error creating bean with name 'transactionManager' defined in class path resource [org/springframework/boot/autoconfigure/orm/jpa/HibernateJpaConfiguration.class]: Error creating bean with name 'batchDataSourceInitializer' defined in class path resource [org/springframework/boot/autoconfigure/batch/BatchAutoConfiguration$DataSourceInitializerConfiguration.class]: Failed to instantiate [org.springframework.boot.autoconfigure.batch.BatchDataSourceScriptDatabaseInitializer]: Factory method 'batchDataSourceInitializer' threw exception with message: Failed to determine DatabaseDriver
2026-09-02T19:54:22.072+05:30  INFO 25964 --- [smartwatch-leaderboard] [main] .s.b.a.l.ConditionEvaluationReportLogger : 

Error starting ApplicationContext. To display the condition evaluation report re-run your application with 'debug' enabled.
2026-09-02T19:54:22.115+05:30 ERROR 25964 --- [smartwatch-leaderboard] [main] o.s.boot.SpringApplication               : Application run failed

org.springframework.beans.factory.UnsatisfiedDependencyException: Error creating bean with name 'org.springframework.boot.autoconfigure.batch.BatchAutoConfiguration$SpringBootBatchConfiguration': Unsatisfied dependency expressed through constructor parameter 2: Error creating bean with name 'transactionManager' defined in class path resource [org/springframework/boot/autoconfigure/orm/jpa/HibernateJpaConfiguration.class]: Error creating bean with name 'batchDataSourceInitializer' defined in class path resource [org/springframework/boot/autoconfigure/batch/BatchAutoConfiguration$DataSourceInitializerConfiguration.class]: Failed to instantiate [org.springframework.boot.autoconfigure.batch.BatchDataSourceScriptDatabaseInitializer]: Factory method 'batchDataSourceInitializer' threw exception with message: Failed to determine DatabaseDriver
	at org.springframework.beans.factory.support.ConstructorResolver.createArgumentArray(ConstructorResolver.java:795) ~[spring-beans-6.1.5.jar:6.1.5]
	at org.springframework.beans.factory.support.ConstructorResolver.autowireConstructor(ConstructorResolver.java:237) ~[spring-beans-6.1.5.jar:6.1.5]
	at org.springframework.beans.factory.support.AbstractAutowireCapableBeanFactory.autowireConstructor(AbstractAutowireCapableBeanFactory.java:1355) ~[spring-beans-6.1.5.jar:6.1.5]
	at org.springframework.beans.factory.support.AbstractAutowireCapableBeanFactory.createBeanInstance(AbstractAutowireCapableBeanFactory.java:1192) ~[spring-beans-6.1.5.jar:6.1.5]
	at org.springframework.beans.factory.support.AbstractAutowireCapableBeanFactory.doCreateBean(AbstractAutowireCapableBeanFactory.java:562) ~[spring-beans-6.1.5.jar:6.1.5]
	at org.springframework.beans.factory.support.AbstractAutowireCapableBeanFactory.createBean(AbstractAutowireCapableBeanFactory.java:522) ~[spring-beans-6.1.5.jar:6.1.5]
	at org.springframework.beans.factory.support.AbstractBeanFactory.lambda$doGetBean$0(AbstractBeanFactory.java:326) ~[spring-beans-6.1.5.jar:6.1.5]
	at org.springframework.beans.factory.support.DefaultSingletonBeanRegistry.getSingleton(DefaultSingletonBeanRegistry.java:234) ~[spring-beans-6.1.5.jar:6.1.5]
	at org.springframework.beans.factory.support.AbstractBeanFactory.doGetBean(AbstractBeanFactory.java:324) ~[spring-beans-6.1.5.jar:6.1.5]
	at org.springframework.beans.factory.support.AbstractBeanFactory.getBean(AbstractBeanFactory.java:200) ~[spring-beans-6.1.5.jar:6.1.5]
	at org.springframework.beans.factory.support.ConstructorResolver.instantiateUsingFactoryMethod(ConstructorResolver.java:409) ~[spring-beans-6.1.5.jar:6.1.5]
	at org.springframework.beans.factory.support.AbstractAutowireCapableBeanFactory.instantiateUsingFactoryMethod(AbstractAutowireCapableBeanFactory.java:1335) ~[spring-beans-6.1.5.jar:6.1.5]
	at org.springframework.beans.factory.support.AbstractAutowireCapableBeanFactory.createBeanInstance(AbstractAutowireCapableBeanFactory.java:1165) ~[spring-beans-6.1.5.jar:6.1.5]
	at org.springframework.beans.factory.support.AbstractAutowireCapableBeanFactory.doCreateBean(AbstractAutowireCapableBeanFactory.java:562) ~[spring-beans-6.1.5.jar:6.1.5]
	at org.springframework.beans.factory.support.AbstractAutowireCapableBeanFactory.createBean(AbstractAutowireCapableBeanFactory.java:522) ~[spring-beans-6.1.5.jar:6.1.5]
	at org.springframework.beans.factory.support.AbstractBeanFactory.lambda$doGetBean$0(AbstractBeanFactory.java:326) ~[spring-beans-6.1.5.jar:6.1.5]
	at org.springframework.beans.factory.support.DefaultSingletonBeanRegistry.getSingleton(DefaultSingletonBeanRegistry.java:234) ~[spring-beans-6.1.5.jar:6.1.5]
	at org.springframework.beans.factory.support.AbstractBeanFactory.doGetBean(AbstractBeanFactory.java:324) ~[spring-beans-6.1.5.jar:6.1.5]
	at org.springframework.beans.factory.support.AbstractBeanFactory.getBean(AbstractBeanFactory.java:205) ~[spring-beans-6.1.5.jar:6.1.5]
	at org.springframework.context.support.PostProcessorRegistrationDelegate.registerBeanPostProcessors(PostProcessorRegistrationDelegate.java:277) ~[spring-context-6.1.5.jar:6.1.5]
	at org.springframework.context.support.AbstractApplicationContext.registerBeanPostProcessors(AbstractApplicationContext.java:805) ~[spring-context-6.1.5.jar:6.1.5]
	at org.springframework.context.support.AbstractApplicationContext.refresh(AbstractApplicationContext.java:608) ~[spring-context-6.1.5.jar:6.1.5]
	at org.springframework.boot.web.servlet.context.ServletWebServerApplicationContext.refresh(ServletWebServerApplicationContext.java:146) ~[spring-boot-3.2.4.jar:3.2.4]
	at org.springframework.boot.SpringApplication.refresh(SpringApplication.java:754) ~[spring-boot-3.2.4.jar:3.2.4]
	at org.springframework.boot.SpringApplication.refreshContext(SpringApplication.java:456) ~[spring-boot-3.2.4.jar:3.2.4]
	at org.springframework.boot.SpringApplication.run(SpringApplication.java:334) ~[spring-boot-3.2.4.jar:3.2.4]
	at org.springframework.boot.SpringApplication.run(SpringApplication.java:1354) ~[spring-boot-3.2.4.jar:3.2.4]
	at org.springframework.boot.SpringApplication.run(SpringApplication.java:1343) ~[spring-boot-3.2.4.jar:3.2.4]
	at com.smartwatch.leaderboard.SmartwatchLeaderboard.main(SmartwatchLeaderboard.java:10) ~[classes/:na]
Caused by: org.springframework.beans.factory.BeanCreationException: Error creating bean with name 'transactionManager' defined in class path resource [org/springframework/boot/autoconfigure/orm/jpa/HibernateJpaConfiguration.class]: Error creating bean with name 'batchDataSourceInitializer' defined in class path resource [org/springframework/boot/autoconfigure/batch/BatchAutoConfiguration$DataSourceInitializerConfiguration.class]: Failed to instantiate [org.springframework.boot.autoconfigure.batch.BatchDataSourceScriptDatabaseInitializer]: Factory method 'batchDataSourceInitializer' threw exception with message: Failed to determine DatabaseDriver
	at org.springframework.beans.factory.support.AbstractAutowireCapableBeanFactory.doCreateBean(AbstractAutowireCapableBeanFactory.java:607) ~[spring-beans-6.1.5.jar:6.1.5]
	at org.springframework.beans.factory.support.AbstractAutowireCapableBeanFactory.createBean(AbstractAutowireCapableBeanFactory.java:522) ~[spring-beans-6.1.5.jar:6.1.5]
	at org.springframework.beans.factory.support.AbstractBeanFactory.lambda$doGetBean$0(AbstractBeanFactory.java:326) ~[spring-beans-6.1.5.jar:6.1.5]
	at org.springframework.beans.factory.support.DefaultSingletonBeanRegistry.getSingleton(DefaultSingletonBeanRegistry.java:234) ~[spring-beans-6.1.5.jar:6.1.5]
	at org.springframework.beans.factory.support.AbstractBeanFactory.doGetBean(AbstractBeanFactory.java:324) ~[spring-beans-6.1.5.jar:6.1.5]
	at org.springframework.beans.factory.support.AbstractBeanFactory.getBean(AbstractBeanFactory.java:200) ~[spring-beans-6.1.5.jar:6.1.5]
	at org.springframework.beans.factory.config.DependencyDescriptor.resolveCandidate(DependencyDescriptor.java:254) ~[spring-beans-6.1.5.jar:6.1.5]
	at org.springframework.beans.factory.support.DefaultListableBeanFactory.doResolveDependency(DefaultListableBeanFactory.java:1443) ~[spring-beans-6.1.5.jar:6.1.5]
	at org.springframework.beans.factory.support.DefaultListableBeanFactory.resolveDependency(DefaultListableBeanFactory.java:1353) ~[spring-beans-6.1.5.jar:6.1.5]
	at org.springframework.beans.factory.support.ConstructorResolver.resolveAutowiredArgument(ConstructorResolver.java:904) ~[spring-beans-6.1.5.jar:6.1.5]
	at org.springframework.beans.factory.support.ConstructorResolver.createArgumentArray(ConstructorResolver.java:782) ~[spring-beans-6.1.5.jar:6.1.5]
	... 28 common frames omitted
Caused by: org.springframework.beans.factory.BeanCreationException: Error creating bean with name 'batchDataSourceInitializer' defined in class path resource [org/springframework/boot/autoconfigure/batch/BatchAutoConfiguration$DataSourceInitializerConfiguration.class]: Failed to instantiate [org.springframework.boot.autoconfigure.batch.BatchDataSourceScriptDatabaseInitializer]: Factory method 'batchDataSourceInitializer' threw exception with message: Failed to determine DatabaseDriver
	at org.springframework.beans.factory.support.ConstructorResolver.instantiate(ConstructorResolver.java:648) ~[spring-beans-6.1.5.jar:6.1.5]
	at org.springframework.beans.factory.support.ConstructorResolver.instantiateUsingFactoryMethod(ConstructorResolver.java:636) ~[spring-beans-6.1.5.jar:6.1.5]
	at org.springframework.beans.factory.support.AbstractAutowireCapableBeanFactory.instantiateUsingFactoryMethod(AbstractAutowireCapableBeanFactory.java:1335) ~[spring-beans-6.1.5.jar:6.1.5]
	at org.springframework.beans.factory.support.AbstractAutowireCapableBeanFactory.createBeanInstance(AbstractAutowireCapableBeanFactory.java:1165) ~[spring-beans-6.1.5.jar:6.1.5]
	at org.springframework.beans.factory.support.AbstractAutowireCapableBeanFactory.doCreateBean(AbstractAutowireCapableBeanFactory.java:562) ~[spring-beans-6.1.5.jar:6.1.5]
	at org.springframework.beans.factory.support.AbstractAutowireCapableBeanFactory.createBean(AbstractAutowireCapableBeanFactory.java:522) ~[spring-beans-6.1.5.jar:6.1.5]
	at org.springframework.beans.factory.support.AbstractBeanFactory.lambda$doGetBean$0(AbstractBeanFactory.java:326) ~[spring-beans-6.1.5.jar:6.1.5]
	at org.springframework.beans.factory.support.DefaultSingletonBeanRegistry.getSingleton(DefaultSingletonBeanRegistry.java:234) ~[spring-beans-6.1.5.jar:6.1.5]
	at org.springframework.beans.factory.support.AbstractBeanFactory.doGetBean(AbstractBeanFactory.java:324) ~[spring-beans-6.1.5.jar:6.1.5]
	at org.springframework.beans.factory.support.AbstractBeanFactory.getBean(AbstractBeanFactory.java:200) ~[spring-beans-6.1.5.jar:6.1.5]
	at org.springframework.beans.factory.support.AbstractBeanFactory.doGetBean(AbstractBeanFactory.java:313) ~[spring-beans-6.1.5.jar:6.1.5]
	at org.springframework.beans.factory.support.AbstractBeanFactory.getBean(AbstractBeanFactory.java:225) ~[spring-beans-6.1.5.jar:6.1.5]
	at org.springframework.beans.factory.support.DefaultListableBeanFactory.resolveNamedBean(DefaultListableBeanFactory.java:1323) ~[spring-beans-6.1.5.jar:6.1.5]
	at org.springframework.beans.factory.support.DefaultListableBeanFactory.resolveNamedBean(DefaultListableBeanFactory.java:1284) ~[spring-beans-6.1.5.jar:6.1.5]
	at org.springframework.beans.factory.support.DefaultListableBeanFactory.resolveBean(DefaultListableBeanFactory.java:486) ~[spring-beans-6.1.5.jar:6.1.5]
	at org.springframework.beans.factory.support.DefaultListableBeanFactory.getBean(DefaultListableBeanFactory.java:341) ~[spring-beans-6.1.5.jar:6.1.5]
	at org.springframework.beans.factory.support.DefaultListableBeanFactory.getBean(DefaultListableBeanFactory.java:334) ~[spring-beans-6.1.5.jar:6.1.5]
	at org.springframework.orm.jpa.EntityManagerFactoryUtils.findEntityManagerFactory(EntityManagerFactoryUtils.java:120) ~[spring-orm-6.1.5.jar:6.1.5]
	at org.springframework.orm.jpa.JpaTransactionManager.setBeanFactory(JpaTransactionManager.java:333) ~[spring-orm-6.1.5.jar:6.1.5]
	at org.springframework.beans.factory.support.AbstractAutowireCapableBeanFactory.invokeAwareMethods(AbstractAutowireCapableBeanFactory.java:1807) ~[spring-beans-6.1.5.jar:6.1.5]
	at org.springframework.beans.factory.support.AbstractAutowireCapableBeanFactory.initializeBean(AbstractAutowireCapableBeanFactory.java:1774) ~[spring-beans-6.1.5.jar:6.1.5]
	at org.springframework.beans.factory.support.AbstractAutowireCapableBeanFactory.doCreateBean(AbstractAutowireCapableBeanFactory.java:600) ~[spring-beans-6.1.5.jar:6.1.5]
	... 38 common frames omitted
Caused by: org.springframework.beans.BeanInstantiationException: Failed to instantiate [org.springframework.boot.autoconfigure.batch.BatchDataSourceScriptDatabaseInitializer]: Factory method 'batchDataSourceInitializer' threw exception with message: Failed to determine DatabaseDriver
	at org.springframework.beans.factory.support.SimpleInstantiationStrategy.instantiate(SimpleInstantiationStrategy.java:177) ~[spring-beans-6.1.5.jar:6.1.5]
	at org.springframework.beans.factory.support.ConstructorResolver.instantiate(ConstructorResolver.java:644) ~[spring-beans-6.1.5.jar:6.1.5]
	... 59 common frames omitted
Caused by: java.lang.IllegalStateException: Failed to determine DatabaseDriver
	at org.springframework.boot.jdbc.init.PlatformPlaceholderDatabaseDriverResolver.getDatabaseDriver(PlatformPlaceholderDatabaseDriverResolver.java:144) ~[spring-boot-3.2.4.jar:3.2.4]
	at org.springframework.boot.jdbc.init.PlatformPlaceholderDatabaseDriverResolver.determinePlatform(PlatformPlaceholderDatabaseDriverResolver.java:132) ~[spring-boot-3.2.4.jar:3.2.4]
	at org.springframework.boot.jdbc.init.PlatformPlaceholderDatabaseDriverResolver.lambda$resolveAll$0(PlatformPlaceholderDatabaseDriverResolver.java:97) ~[spring-boot-3.2.4.jar:3.2.4]
	at org.springframework.boot.jdbc.init.PlatformPlaceholderDatabaseDriverResolver.resolveAll(PlatformPlaceholderDatabaseDriverResolver.java:122) ~[spring-boot-3.2.4.jar:3.2.4]
	at org.springframework.boot.jdbc.init.PlatformPlaceholderDatabaseDriverResolver.resolveAll(PlatformPlaceholderDatabaseDriverResolver.java:97) ~[spring-boot-3.2.4.jar:3.2.4]
	at org.springframework.boot.autoconfigure.batch.BatchDataSourceScriptDatabaseInitializer.resolveSchemaLocations(BatchDataSourceScriptDatabaseInitializer.java:83) ~[spring-boot-autoconfigure-3.2.4.jar:3.2.4]
	at org.springframework.boot.autoconfigure.batch.BatchDataSourceScriptDatabaseInitializer.getSettings(BatchDataSourceScriptDatabaseInitializer.java:72) ~[spring-boot-autoconfigure-3.2.4.jar:3.2.4]
	at org.springframework.boot.autoconfigure.batch.BatchDataSourceScriptDatabaseInitializer.<init>(BatchDataSourceScriptDatabaseInitializer.java:47) ~[spring-boot-autoconfigure-3.2.4.jar:3.2.4]
	at org.springframework.boot.autoconfigure.batch.BatchAutoConfiguration$DataSourceInitializerConfiguration.batchDataSourceInitializer(BatchAutoConfiguration.java:156) ~[spring-boot-autoconfigure-3.2.4.jar:3.2.4]
	at java.base/jdk.internal.reflect.DirectMethodHandleAccessor.invoke(DirectMethodHandleAccessor.java:103) ~[na:na]
	at java.base/java.lang.reflect.Method.invoke(Method.java:580) ~[na:na]
	at org.springframework.beans.factory.support.SimpleInstantiationStrategy.instantiate(SimpleInstantiationStrategy.java:140) ~[spring-beans-6.1.5.jar:6.1.5]
	... 60 common frames omitted
Caused by: org.springframework.jdbc.support.MetaDataAccessException: Could not get Connection for extracting meta-data
	at org.springframework.jdbc.support.JdbcUtils.extractDatabaseMetaData(JdbcUtils.java:357) ~[spring-jdbc-6.1.5.jar:6.1.5]
	at org.springframework.boot.jdbc.init.PlatformPlaceholderDatabaseDriverResolver.getDatabaseDriver(PlatformPlaceholderDatabaseDriverResolver.java:140) ~[spring-boot-3.2.4.jar:3.2.4]
	... 71 common frames omitted
Caused by: org.springframework.jdbc.CannotGetJdbcConnectionException: Failed to obtain JDBC Connection
	at org.springframework.jdbc.datasource.DataSourceUtils.getConnection(DataSourceUtils.java:84) ~[spring-jdbc-6.1.5.jar:6.1.5]
	at org.springframework.jdbc.support.JdbcUtils.extractDatabaseMetaData(JdbcUtils.java:331) ~[spring-jdbc-6.1.5.jar:6.1.5]
	... 72 common frames omitted
Caused by: java.sql.SQLException: Access denied for user 'system'@'localhost' (using password: YES)
	at com.mysql.cj.jdbc.exceptions.SQLError.createSQLException(SQLError.java:130) ~[mysql-connector-j-8.3.0.jar:8.3.0]
	at com.mysql.cj.jdbc.exceptions.SQLExceptionsMapping.translateException(SQLExceptionsMapping.java:122) ~[mysql-connector-j-8.3.0.jar:8.3.0]
	at com.mysql.cj.jdbc.ConnectionImpl.createNewIO(ConnectionImpl.java:815) ~[mysql-connector-j-8.3.0.jar:8.3.0]
	at com.mysql.cj.jdbc.ConnectionImpl.<init>(ConnectionImpl.java:438) ~[mysql-connector-j-8.3.0.jar:8.3.0]
	at com.mysql.cj.jdbc.ConnectionImpl.getInstance(ConnectionImpl.java:241) ~[mysql-connector-j-8.3.0.jar:8.3.0]
	at com.mysql.cj.jdbc.NonRegisteringDriver.connect(NonRegisteringDriver.java:189) ~[mysql-connector-j-8.3.0.jar:8.3.0]
	at com.zaxxer.hikari.util.DriverDataSource.getConnection(DriverDataSource.java:138) ~[HikariCP-5.0.1.jar:na]
	at com.zaxxer.hikari.pool.PoolBase.newConnection(PoolBase.java:359) ~[HikariCP-5.0.1.jar:na]
	at com.zaxxer.hikari.pool.PoolBase.newPoolEntry(PoolBase.java:201) ~[HikariCP-5.0.1.jar:na]
	at com.zaxxer.hikari.pool.HikariPool.createPoolEntry(HikariPool.java:470) ~[HikariCP-5.0.1.jar:na]
	at com.zaxxer.hikari.pool.HikariPool.checkFailFast(HikariPool.java:561) ~[HikariCP-5.0.1.jar:na]
	at com.zaxxer.hikari.pool.HikariPool.<init>(HikariPool.java:100) ~[HikariCP-5.0.1.jar:na]
	at com.zaxxer.hikari.HikariDataSource.getConnection(HikariDataSource.java:112) ~[HikariCP-5.0.1.jar:na]
	at org.springframework.jdbc.datasource.DataSourceUtils.fetchConnection(DataSourceUtils.java:160) ~[spring-jdbc-6.1.5.jar:6.1.5]
	at org.springframework.jdbc.datasource.DataSourceUtils.doGetConnection(DataSourceUtils.java:118) ~[spring-jdbc-6.1.5.jar:6.1.5]
	at org.springframework.jdbc.datasource.DataSourceUtils.getConnection(DataSourceUtils.java:81) ~[spring-jdbc-6.1.5.jar:6.1.5]
	... 73 common frames omitted

2026-09-02T19:54:48.881+05:30  INFO 22496 --- [smartwatch-leaderboard] [main] c.s.leaderboard.SmartwatchLeaderboard    : Starting SmartwatchLeaderboard using Java 21.0.2 with PID 22496 (C:\Users\PC\smartwatch_application\target\classes started by PC in C:\Users\PC\smartwatch_application)
2026-09-02T19:54:48.897+05:30  INFO 22496 --- [smartwatch-leaderboard] [main] c.s.leaderboard.SmartwatchLeaderboard    : The following 1 profile is active: "local"
2026-09-02T19:54:50.130+05:30  INFO 22496 --- [smartwatch-leaderboard] [main] .s.d.r.c.RepositoryConfigurationDelegate : Bootstrapping Spring Data JPA repositories in DEFAULT mode.
2026-09-02T19:54:50.213+05:30  INFO 22496 --- [smartwatch-leaderboard] [main] .s.d.r.c.RepositoryConfigurationDelegate : Finished Spring Data repository scanning in 78 ms. Found 11 JPA repository interfaces.
2026-09-02T19:54:50.703+05:30  WARN 22496 --- [smartwatch-leaderboard] [main] trationDelegate$BeanPostProcessorChecker : Bean 'org.springframework.boot.autoconfigure.jdbc.DataSourceConfiguration$Hikari' of type [org.springframework.boot.autoconfigure.jdbc.DataSourceConfiguration$Hikari] is not eligible for getting processed by all BeanPostProcessors (for example: not eligible for auto-proxying). Is this bean getting eagerly injected into a currently created BeanPostProcessor [jobRegistryBeanPostProcessor]? Check the corresponding BeanPostProcessor declaration and its dependencies.
2026-09-02T19:54:50.718+05:30  WARN 22496 --- [smartwatch-leaderboard] [main] trationDelegate$BeanPostProcessorChecker : Bean 'spring.datasource-org.springframework.boot.autoconfigure.jdbc.DataSourceProperties' of type [org.springframework.boot.autoconfigure.jdbc.DataSourceProperties] is not eligible for getting processed by all BeanPostProcessors (for example: not eligible for auto-proxying). Is this bean getting eagerly injected into a currently created BeanPostProcessor [jobRegistryBeanPostProcessor]? Check the corresponding BeanPostProcessor declaration and its dependencies.
2026-09-02T19:54:50.734+05:30  WARN 22496 --- [smartwatch-leaderboard] [main] trationDelegate$BeanPostProcessorChecker : Bean 'org.springframework.boot.autoconfigure.jdbc.DataSourceAutoConfiguration$PooledDataSourceConfiguration' of type [org.springframework.boot.autoconfigure.jdbc.DataSourceAutoConfiguration$PooledDataSourceConfiguration] is not eligible for getting processed by all BeanPostProcessors (for example: not eligible for auto-proxying). Is this bean getting eagerly injected into a currently created BeanPostProcessor [jobRegistryBeanPostProcessor]? Check the corresponding BeanPostProcessor declaration and its dependencies.
2026-09-02T19:54:50.734+05:30  WARN 22496 --- [smartwatch-leaderboard] [main] trationDelegate$BeanPostProcessorChecker : Bean 'jdbcConnectionDetails' of type [org.springframework.boot.autoconfigure.jdbc.PropertiesJdbcConnectionDetails] is not eligible for getting processed by all BeanPostProcessors (for example: not eligible for auto-proxying). Is this bean getting eagerly injected into a currently created BeanPostProcessor [jobRegistryBeanPostProcessor]? Check the corresponding BeanPostProcessor declaration and its dependencies.
2026-09-02T19:54:50.763+05:30  WARN 22496 --- [smartwatch-leaderboard] [main] trationDelegate$BeanPostProcessorChecker : Bean 'dataSource' of type [com.zaxxer.hikari.HikariDataSource] is not eligible for getting processed by all BeanPostProcessors (for example: not eligible for auto-proxying). Is this bean getting eagerly injected into a currently created BeanPostProcessor [jobRegistryBeanPostProcessor]? Check the corresponding BeanPostProcessor declaration and its dependencies.
2026-09-02T19:54:50.781+05:30  WARN 22496 --- [smartwatch-leaderboard] [main] trationDelegate$BeanPostProcessorChecker : Bean 'spring.jpa-org.springframework.boot.autoconfigure.orm.jpa.JpaProperties' of type [org.springframework.boot.autoconfigure.orm.jpa.JpaProperties] is not eligible for getting processed by all BeanPostProcessors (for example: not eligible for auto-proxying). Is this bean getting eagerly injected into a currently created BeanPostProcessor [jobRegistryBeanPostProcessor]? Check the corresponding BeanPostProcessor declaration and its dependencies.
2026-09-02T19:54:50.798+05:30  WARN 22496 --- [smartwatch-leaderboard] [main] trationDelegate$BeanPostProcessorChecker : Bean 'spring.jpa.hibernate-org.springframework.boot.autoconfigure.orm.jpa.HibernateProperties' of type [org.springframework.boot.autoconfigure.orm.jpa.HibernateProperties] is not eligible for getting processed by all BeanPostProcessors (for example: not eligible for auto-proxying). Is this bean getting eagerly injected into a currently created BeanPostProcessor [jobRegistryBeanPostProcessor]? Check the corresponding BeanPostProcessor declaration and its dependencies.
2026-09-02T19:54:50.798+05:30  WARN 22496 --- [smartwatch-leaderboard] [main] trationDelegate$BeanPostProcessorChecker : Bean 'org.springframework.boot.autoconfigure.jdbc.metadata.DataSourcePoolMetadataProvidersConfiguration$HikariPoolDataSourceMetadataProviderConfiguration' of type [org.springframework.boot.autoconfigure.jdbc.metadata.DataSourcePoolMetadataProvidersConfiguration$HikariPoolDataSourceMetadataProviderConfiguration] is not eligible for getting processed by all BeanPostProcessors (for example: not eligible for auto-proxying). Is this bean getting eagerly injected into a currently created BeanPostProcessor [jobRegistryBeanPostProcessor]? Check the corresponding BeanPostProcessor declaration and its dependencies.
2026-09-02T19:54:50.798+05:30  WARN 22496 --- [smartwatch-leaderboard] [main] trationDelegate$BeanPostProcessorChecker : Bean 'hikariPoolDataSourceMetadataProvider' of type [org.springframework.boot.autoconfigure.jdbc.metadata.DataSourcePoolMetadataProvidersConfiguration$HikariPoolDataSourceMetadataProviderConfiguration$$Lambda/0x0000018a9a442848] is not eligible for getting processed by all BeanPostProcessors (for example: not eligible for auto-proxying). Is this bean getting eagerly injected into a currently created BeanPostProcessor [jobRegistryBeanPostProcessor]? Check the corresponding BeanPostProcessor declaration and its dependencies.
2026-09-02T19:54:50.812+05:30  WARN 22496 --- [smartwatch-leaderboard] [main] trationDelegate$BeanPostProcessorChecker : Bean 'org.springframework.boot.autoconfigure.orm.jpa.HibernateJpaConfiguration' of type [org.springframework.boot.autoconfigure.orm.jpa.HibernateJpaConfiguration] is not eligible for getting processed by all BeanPostProcessors (for example: not eligible for auto-proxying). Is this bean getting eagerly injected into a currently created BeanPostProcessor [jobRegistryBeanPostProcessor]? Check the corresponding BeanPostProcessor declaration and its dependencies.
2026-09-02T19:54:50.814+05:30  WARN 22496 --- [smartwatch-leaderboard] [main] trationDelegate$BeanPostProcessorChecker : Bean 'org.springframework.boot.autoconfigure.transaction.TransactionManagerCustomizationAutoConfiguration' of type [org.springframework.boot.autoconfigure.transaction.TransactionManagerCustomizationAutoConfiguration] is not eligible for getting processed by all BeanPostProcessors (for example: not eligible for auto-proxying). Is this bean getting eagerly injected into a currently created BeanPostProcessor [jobRegistryBeanPostProcessor]? Check the corresponding BeanPostProcessor declaration and its dependencies.
2026-09-02T19:54:50.814+05:30  WARN 22496 --- [smartwatch-leaderboard] [main] trationDelegate$BeanPostProcessorChecker : Bean 'transactionExecutionListeners' of type [org.springframework.boot.autoconfigure.transaction.ExecutionListenersTransactionManagerCustomizer] is not eligible for getting processed by all BeanPostProcessors (for example: not eligible for auto-proxying). Is this bean getting eagerly injected into a currently created BeanPostProcessor [jobRegistryBeanPostProcessor]? Check the corresponding BeanPostProcessor declaration and its dependencies.
2026-09-02T19:54:50.832+05:30  WARN 22496 --- [smartwatch-leaderboard] [main] trationDelegate$BeanPostProcessorChecker : Bean 'spring.transaction-org.springframework.boot.autoconfigure.transaction.TransactionProperties' of type [org.springframework.boot.autoconfigure.transaction.TransactionProperties] is not eligible for getting processed by all BeanPostProcessors (for example: not eligible for auto-proxying). Is this bean getting eagerly injected into a currently created BeanPostProcessor [jobRegistryBeanPostProcessor]? Check the corresponding BeanPostProcessor declaration and its dependencies.
2026-09-02T19:54:50.832+05:30  WARN 22496 --- [smartwatch-leaderboard] [main] trationDelegate$BeanPostProcessorChecker : Bean 'platformTransactionManagerCustomizers' of type [org.springframework.boot.autoconfigure.transaction.TransactionManagerCustomizers] is not eligible for getting processed by all BeanPostProcessors (for example: not eligible for auto-proxying). Is this bean getting eagerly injected into a currently created BeanPostProcessor [jobRegistryBeanPostProcessor]? Check the corresponding BeanPostProcessor declaration and its dependencies.
2026-09-02T19:54:50.845+05:30  WARN 22496 --- [smartwatch-leaderboard] [main] trationDelegate$BeanPostProcessorChecker : Bean 'org.springframework.boot.autoconfigure.sql.init.DataSourceInitializationConfiguration' of type [org.springframework.boot.autoconfigure.sql.init.DataSourceInitializationConfiguration] is not eligible for getting processed by all BeanPostProcessors (for example: not eligible for auto-proxying). Is this bean getting eagerly injected into a currently created BeanPostProcessor [jobRegistryBeanPostProcessor]? Check the corresponding BeanPostProcessor declaration and its dependencies.
2026-09-02T19:54:50.847+05:30  WARN 22496 --- [smartwatch-leaderboard] [main] trationDelegate$BeanPostProcessorChecker : Bean 'spring.sql.init-org.springframework.boot.autoconfigure.sql.init.SqlInitializationProperties' of type [org.springframework.boot.autoconfigure.sql.init.SqlInitializationProperties] is not eligible for getting processed by all BeanPostProcessors (for example: not eligible for auto-proxying). Is this bean getting eagerly injected into a currently created BeanPostProcessor [jobRegistryBeanPostProcessor]? Check the corresponding BeanPostProcessor declaration and its dependencies.
2026-09-02T19:54:50.847+05:30  WARN 22496 --- [smartwatch-leaderboard] [main] trationDelegate$BeanPostProcessorChecker : Bean 'dataSourceScriptDatabaseInitializer' of type [org.springframework.boot.autoconfigure.sql.init.SqlDataSourceScriptDatabaseInitializer] is not eligible for getting processed by all BeanPostProcessors (for example: not eligible for auto-proxying). Is this bean getting eagerly injected into a currently created BeanPostProcessor [jobRegistryBeanPostProcessor]? Check the corresponding BeanPostProcessor declaration and its dependencies.
2026-09-02T19:54:50.847+05:30  WARN 22496 --- [smartwatch-leaderboard] [main] trationDelegate$BeanPostProcessorChecker : Bean 'org.springframework.boot.autoconfigure.batch.BatchAutoConfiguration$DataSourceInitializerConfiguration' of type [org.springframework.boot.autoconfigure.batch.BatchAutoConfiguration$DataSourceInitializerConfiguration] is not eligible for getting processed by all BeanPostProcessors (for example: not eligible for auto-proxying). Is this bean getting eagerly injected into a currently created BeanPostProcessor [jobRegistryBeanPostProcessor]? Check the corresponding BeanPostProcessor declaration and its dependencies.
2026-09-02T19:54:50.864+05:30  WARN 22496 --- [smartwatch-leaderboard] [main] trationDelegate$BeanPostProcessorChecker : Bean 'spring.batch-org.springframework.boot.autoconfigure.batch.BatchProperties' of type [org.springframework.boot.autoconfigure.batch.BatchProperties] is not eligible for getting processed by all BeanPostProcessors (for example: not eligible for auto-proxying). Is this bean getting eagerly injected into a currently created BeanPostProcessor [jobRegistryBeanPostProcessor]? Check the corresponding BeanPostProcessor declaration and its dependencies.
2026-09-02T19:54:50.864+05:30  INFO 22496 --- [smartwatch-leaderboard] [main] com.zaxxer.hikari.HikariDataSource       : HikariPool-1 - Starting...
2026-09-02T19:54:52.283+05:30 ERROR 22496 --- [smartwatch-leaderboard] [main] com.zaxxer.hikari.pool.HikariPool        : HikariPool-1 - Exception during pool initialization.

java.sql.SQLException: Access denied for user 'system'@'localhost' (using password: YES)
	at com.mysql.cj.jdbc.exceptions.SQLError.createSQLException(SQLError.java:130) ~[mysql-connector-j-8.3.0.jar:8.3.0]
	at com.mysql.cj.jdbc.exceptions.SQLExceptionsMapping.translateException(SQLExceptionsMapping.java:122) ~[mysql-connector-j-8.3.0.jar:8.3.0]
	at com.mysql.cj.jdbc.ConnectionImpl.createNewIO(ConnectionImpl.java:815) ~[mysql-connector-j-8.3.0.jar:8.3.0]
	at com.mysql.cj.jdbc.ConnectionImpl.<init>(ConnectionImpl.java:438) ~[mysql-connector-j-8.3.0.jar:8.3.0]
	at com.mysql.cj.jdbc.ConnectionImpl.getInstance(ConnectionImpl.java:241) ~[mysql-connector-j-8.3.0.jar:8.3.0]
	at com.mysql.cj.jdbc.NonRegisteringDriver.connect(NonRegisteringDriver.java:189) ~[mysql-connector-j-8.3.0.jar:8.3.0]
	at com.zaxxer.hikari.util.DriverDataSource.getConnection(DriverDataSource.java:138) ~[HikariCP-5.0.1.jar:na]
	at com.zaxxer.hikari.pool.PoolBase.newConnection(PoolBase.java:359) ~[HikariCP-5.0.1.jar:na]
	at com.zaxxer.hikari.pool.PoolBase.newPoolEntry(PoolBase.java:201) ~[HikariCP-5.0.1.jar:na]
	at com.zaxxer.hikari.pool.HikariPool.createPoolEntry(HikariPool.java:470) ~[HikariCP-5.0.1.jar:na]
	at com.zaxxer.hikari.pool.HikariPool.checkFailFast(HikariPool.java:561) ~[HikariCP-5.0.1.jar:na]
	at com.zaxxer.hikari.pool.HikariPool.<init>(HikariPool.java:100) ~[HikariCP-5.0.1.jar:na]
	at com.zaxxer.hikari.HikariDataSource.getConnection(HikariDataSource.java:112) ~[HikariCP-5.0.1.jar:na]
	at org.springframework.jdbc.datasource.DataSourceUtils.fetchConnection(DataSourceUtils.java:160) ~[spring-jdbc-6.1.5.jar:6.1.5]
	at org.springframework.jdbc.datasource.DataSourceUtils.doGetConnection(DataSourceUtils.java:118) ~[spring-jdbc-6.1.5.jar:6.1.5]
	at org.springframework.jdbc.datasource.DataSourceUtils.getConnection(DataSourceUtils.java:81) ~[spring-jdbc-6.1.5.jar:6.1.5]
	at org.springframework.jdbc.support.JdbcUtils.extractDatabaseMetaData(JdbcUtils.java:331) ~[spring-jdbc-6.1.5.jar:6.1.5]
	at org.springframework.boot.jdbc.init.PlatformPlaceholderDatabaseDriverResolver.getDatabaseDriver(PlatformPlaceholderDatabaseDriverResolver.java:140) ~[spring-boot-3.2.4.jar:3.2.4]
	at org.springframework.boot.jdbc.init.PlatformPlaceholderDatabaseDriverResolver.determinePlatform(PlatformPlaceholderDatabaseDriverResolver.java:132) ~[spring-boot-3.2.4.jar:3.2.4]
	at org.springframework.boot.jdbc.init.PlatformPlaceholderDatabaseDriverResolver.lambda$resolveAll$0(PlatformPlaceholderDatabaseDriverResolver.java:97) ~[spring-boot-3.2.4.jar:3.2.4]
	at org.springframework.boot.jdbc.init.PlatformPlaceholderDatabaseDriverResolver.resolveAll(PlatformPlaceholderDatabaseDriverResolver.java:122) ~[spring-boot-3.2.4.jar:3.2.4]
	at org.springframework.boot.jdbc.init.PlatformPlaceholderDatabaseDriverResolver.resolveAll(PlatformPlaceholderDatabaseDriverResolver.java:97) ~[spring-boot-3.2.4.jar:3.2.4]
	at org.springframework.boot.autoconfigure.batch.BatchDataSourceScriptDatabaseInitializer.resolveSchemaLocations(BatchDataSourceScriptDatabaseInitializer.java:83) ~[spring-boot-autoconfigure-3.2.4.jar:3.2.4]
	at org.springframework.boot.autoconfigure.batch.BatchDataSourceScriptDatabaseInitializer.getSettings(BatchDataSourceScriptDatabaseInitializer.java:72) ~[spring-boot-autoconfigure-3.2.4.jar:3.2.4]
	at org.springframework.boot.autoconfigure.batch.BatchDataSourceScriptDatabaseInitializer.<init>(BatchDataSourceScriptDatabaseInitializer.java:47) ~[spring-boot-autoconfigure-3.2.4.jar:3.2.4]
	at org.springframework.boot.autoconfigure.batch.BatchAutoConfiguration$DataSourceInitializerConfiguration.batchDataSourceInitializer(BatchAutoConfiguration.java:156) ~[spring-boot-autoconfigure-3.2.4.jar:3.2.4]
	at java.base/jdk.internal.reflect.DirectMethodHandleAccessor.invoke(DirectMethodHandleAccessor.java:103) ~[na:na]
	at java.base/java.lang.reflect.Method.invoke(Method.java:580) ~[na:na]
	at org.springframework.beans.factory.support.SimpleInstantiationStrategy.instantiate(SimpleInstantiationStrategy.java:140) ~[spring-beans-6.1.5.jar:6.1.5]
	at org.springframework.beans.factory.support.ConstructorResolver.instantiate(ConstructorResolver.java:644) ~[spring-beans-6.1.5.jar:6.1.5]
	at org.springframework.beans.factory.support.ConstructorResolver.instantiateUsingFactoryMethod(ConstructorResolver.java:636) ~[spring-beans-6.1.5.jar:6.1.5]
	at org.springframework.beans.factory.support.AbstractAutowireCapableBeanFactory.instantiateUsingFactoryMethod(AbstractAutowireCapableBeanFactory.java:1335) ~[spring-beans-6.1.5.jar:6.1.5]
	at org.springframework.beans.factory.support.AbstractAutowireCapableBeanFactory.createBeanInstance(AbstractAutowireCapableBeanFactory.java:1165) ~[spring-beans-6.1.5.jar:6.1.5]
	at org.springframework.beans.factory.support.AbstractAutowireCapableBeanFactory.doCreateBean(AbstractAutowireCapableBeanFactory.java:562) ~[spring-beans-6.1.5.jar:6.1.5]
	at org.springframework.beans.factory.support.AbstractAutowireCapableBeanFactory.createBean(AbstractAutowireCapableBeanFactory.java:522) ~[spring-beans-6.1.5.jar:6.1.5]
	at org.springframework.beans.factory.support.AbstractBeanFactory.lambda$doGetBean$0(AbstractBeanFactory.java:326) ~[spring-beans-6.1.5.jar:6.1.5]
	at org.springframework.beans.factory.support.DefaultSingletonBeanRegistry.getSingleton(DefaultSingletonBeanRegistry.java:234) ~[spring-beans-6.1.5.jar:6.1.5]
	at org.springframework.beans.factory.support.AbstractBeanFactory.doGetBean(AbstractBeanFactory.java:324) ~[spring-beans-6.1.5.jar:6.1.5]
	at org.springframework.beans.factory.support.AbstractBeanFactory.getBean(AbstractBeanFactory.java:200) ~[spring-beans-6.1.5.jar:6.1.5]
	at org.springframework.beans.factory.support.AbstractBeanFactory.doGetBean(AbstractBeanFactory.java:313) ~[spring-beans-6.1.5.jar:6.1.5]
	at org.springframework.beans.factory.support.AbstractBeanFactory.getBean(AbstractBeanFactory.java:225) ~[spring-beans-6.1.5.jar:6.1.5]
	at org.springframework.beans.factory.support.DefaultListableBeanFactory.resolveNamedBean(DefaultListableBeanFactory.java:1323) ~[spring-beans-6.1.5.jar:6.1.5]
	at org.springframework.beans.factory.support.DefaultListableBeanFactory.resolveNamedBean(DefaultListableBeanFactory.java:1284) ~[spring-beans-6.1.5.jar:6.1.5]
	at org.springframework.beans.factory.support.DefaultListableBeanFactory.resolveBean(DefaultListableBeanFactory.java:486) ~[spring-beans-6.1.5.jar:6.1.5]
	at org.springframework.beans.factory.support.DefaultListableBeanFactory.getBean(DefaultListableBeanFactory.java:341) ~[spring-beans-6.1.5.jar:6.1.5]
	at org.springframework.beans.factory.support.DefaultListableBeanFactory.getBean(DefaultListableBeanFactory.java:334) ~[spring-beans-6.1.5.jar:6.1.5]
	at org.springframework.orm.jpa.EntityManagerFactoryUtils.findEntityManagerFactory(EntityManagerFactoryUtils.java:120) ~[spring-orm-6.1.5.jar:6.1.5]
	at org.springframework.orm.jpa.JpaTransactionManager.setBeanFactory(JpaTransactionManager.java:333) ~[spring-orm-6.1.5.jar:6.1.5]
	at org.springframework.beans.factory.support.AbstractAutowireCapableBeanFactory.invokeAwareMethods(AbstractAutowireCapableBeanFactory.java:1807) ~[spring-beans-6.1.5.jar:6.1.5]
	at org.springframework.beans.factory.support.AbstractAutowireCapableBeanFactory.initializeBean(AbstractAutowireCapableBeanFactory.java:1774) ~[spring-beans-6.1.5.jar:6.1.5]
	at org.springframework.beans.factory.support.AbstractAutowireCapableBeanFactory.doCreateBean(AbstractAutowireCapableBeanFactory.java:600) ~[spring-beans-6.1.5.jar:6.1.5]
	at org.springframework.beans.factory.support.AbstractAutowireCapableBeanFactory.createBean(AbstractAutowireCapableBeanFactory.java:522) ~[spring-beans-6.1.5.jar:6.1.5]
	at org.springframework.beans.factory.support.AbstractBeanFactory.lambda$doGetBean$0(AbstractBeanFactory.java:326) ~[spring-beans-6.1.5.jar:6.1.5]
	at org.springframework.beans.factory.support.DefaultSingletonBeanRegistry.getSingleton(DefaultSingletonBeanRegistry.java:234) ~[spring-beans-6.1.5.jar:6.1.5]
	at org.springframework.beans.factory.support.AbstractBeanFactory.doGetBean(AbstractBeanFactory.java:324) ~[spring-beans-6.1.5.jar:6.1.5]
	at org.springframework.beans.factory.support.AbstractBeanFactory.getBean(AbstractBeanFactory.java:200) ~[spring-beans-6.1.5.jar:6.1.5]
	at org.springframework.beans.factory.config.DependencyDescriptor.resolveCandidate(DependencyDescriptor.java:254) ~[spring-beans-6.1.5.jar:6.1.5]
	at org.springframework.beans.factory.support.DefaultListableBeanFactory.doResolveDependency(DefaultListableBeanFactory.java:1443) ~[spring-beans-6.1.5.jar:6.1.5]
	at org.springframework.beans.factory.support.DefaultListableBeanFactory.resolveDependency(DefaultListableBeanFactory.java:1353) ~[spring-beans-6.1.5.jar:6.1.5]
	at org.springframework.beans.factory.support.ConstructorResolver.resolveAutowiredArgument(ConstructorResolver.java:904) ~[spring-beans-6.1.5.jar:6.1.5]
	at org.springframework.beans.factory.support.ConstructorResolver.createArgumentArray(ConstructorResolver.java:782) ~[spring-beans-6.1.5.jar:6.1.5]
	at org.springframework.beans.factory.support.ConstructorResolver.autowireConstructor(ConstructorResolver.java:237) ~[spring-beans-6.1.5.jar:6.1.5]
	at org.springframework.beans.factory.support.AbstractAutowireCapableBeanFactory.autowireConstructor(AbstractAutowireCapableBeanFactory.java:1355) ~[spring-beans-6.1.5.jar:6.1.5]
	at org.springframework.beans.factory.support.AbstractAutowireCapableBeanFactory.createBeanInstance(AbstractAutowireCapableBeanFactory.java:1192) ~[spring-beans-6.1.5.jar:6.1.5]
	at org.springframework.beans.factory.support.AbstractAutowireCapableBeanFactory.doCreateBean(AbstractAutowireCapableBeanFactory.java:562) ~[spring-beans-6.1.5.jar:6.1.5]
	at org.springframework.beans.factory.support.AbstractAutowireCapableBeanFactory.createBean(AbstractAutowireCapableBeanFactory.java:522) ~[spring-beans-6.1.5.jar:6.1.5]
	at org.springframework.beans.factory.support.AbstractBeanFactory.lambda$doGetBean$0(AbstractBeanFactory.java:326) ~[spring-beans-6.1.5.jar:6.1.5]
	at org.springframework.beans.factory.support.DefaultSingletonBeanRegistry.getSingleton(DefaultSingletonBeanRegistry.java:234) ~[spring-beans-6.1.5.jar:6.1.5]
	at org.springframework.beans.factory.support.AbstractBeanFactory.doGetBean(AbstractBeanFactory.java:324) ~[spring-beans-6.1.5.jar:6.1.5]
	at org.springframework.beans.factory.support.AbstractBeanFactory.getBean(AbstractBeanFactory.java:200) ~[spring-beans-6.1.5.jar:6.1.5]
	at org.springframework.beans.factory.support.ConstructorResolver.instantiateUsingFactoryMethod(ConstructorResolver.java:409) ~[spring-beans-6.1.5.jar:6.1.5]
	at org.springframework.beans.factory.support.AbstractAutowireCapableBeanFactory.instantiateUsingFactoryMethod(AbstractAutowireCapableBeanFactory.java:1335) ~[spring-beans-6.1.5.jar:6.1.5]
	at org.springframework.beans.factory.support.AbstractAutowireCapableBeanFactory.createBeanInstance(AbstractAutowireCapableBeanFactory.java:1165) ~[spring-beans-6.1.5.jar:6.1.5]
	at org.springframework.beans.factory.support.AbstractAutowireCapableBeanFactory.doCreateBean(AbstractAutowireCapableBeanFactory.java:562) ~[spring-beans-6.1.5.jar:6.1.5]
	at org.springframework.beans.factory.support.AbstractAutowireCapableBeanFactory.createBean(AbstractAutowireCapableBeanFactory.java:522) ~[spring-beans-6.1.5.jar:6.1.5]
	at org.springframework.beans.factory.support.AbstractBeanFactory.lambda$doGetBean$0(AbstractBeanFactory.java:326) ~[spring-beans-6.1.5.jar:6.1.5]
	at org.springframework.beans.factory.support.DefaultSingletonBeanRegistry.getSingleton(DefaultSingletonBeanRegistry.java:234) ~[spring-beans-6.1.5.jar:6.1.5]
	at org.springframework.beans.factory.support.AbstractBeanFactory.doGetBean(AbstractBeanFactory.java:324) ~[spring-beans-6.1.5.jar:6.1.5]
	at org.springframework.beans.factory.support.AbstractBeanFactory.getBean(AbstractBeanFactory.java:205) ~[spring-beans-6.1.5.jar:6.1.5]
	at org.springframework.context.support.PostProcessorRegistrationDelegate.registerBeanPostProcessors(PostProcessorRegistrationDelegate.java:277) ~[spring-context-6.1.5.jar:6.1.5]
	at org.springframework.context.support.AbstractApplicationContext.registerBeanPostProcessors(AbstractApplicationContext.java:805) ~[spring-context-6.1.5.jar:6.1.5]
	at org.springframework.context.support.AbstractApplicationContext.refresh(AbstractApplicationContext.java:608) ~[spring-context-6.1.5.jar:6.1.5]
	at org.springframework.boot.web.servlet.context.ServletWebServerApplicationContext.refresh(ServletWebServerApplicationContext.java:146) ~[spring-boot-3.2.4.jar:3.2.4]
	at org.springframework.boot.SpringApplication.refresh(SpringApplication.java:754) ~[spring-boot-3.2.4.jar:3.2.4]
	at org.springframework.boot.SpringApplication.refreshContext(SpringApplication.java:456) ~[spring-boot-3.2.4.jar:3.2.4]
	at org.springframework.boot.SpringApplication.run(SpringApplication.java:334) ~[spring-boot-3.2.4.jar:3.2.4]
	at org.springframework.boot.SpringApplication.run(SpringApplication.java:1354) ~[spring-boot-3.2.4.jar:3.2.4]
	at org.springframework.boot.SpringApplication.run(SpringApplication.java:1343) ~[spring-boot-3.2.4.jar:3.2.4]
	at com.smartwatch.leaderboard.SmartwatchLeaderboard.main(SmartwatchLeaderboard.java:10) ~[classes/:na]

2026-09-02T19:54:52.289+05:30  WARN 22496 --- [smartwatch-leaderboard] [main] ConfigServletWebServerApplicationContext : Exception encountered during context initialization - cancelling refresh attempt: org.springframework.beans.factory.UnsatisfiedDependencyException: Error creating bean with name 'org.springframework.boot.autoconfigure.batch.BatchAutoConfiguration$SpringBootBatchConfiguration': Unsatisfied dependency expressed through constructor parameter 2: Error creating bean with name 'transactionManager' defined in class path resource [org/springframework/boot/autoconfigure/orm/jpa/HibernateJpaConfiguration.class]: Error creating bean with name 'batchDataSourceInitializer' defined in class path resource [org/springframework/boot/autoconfigure/batch/BatchAutoConfiguration$DataSourceInitializerConfiguration.class]: Failed to instantiate [org.springframework.boot.autoconfigure.batch.BatchDataSourceScriptDatabaseInitializer]: Factory method 'batchDataSourceInitializer' threw exception with message: Failed to determine DatabaseDriver
2026-09-02T19:54:52.295+05:30  INFO 22496 --- [smartwatch-leaderboard] [main] .s.b.a.l.ConditionEvaluationReportLogger : 

Error starting ApplicationContext. To display the condition evaluation report re-run your application with 'debug' enabled.
2026-09-02T19:54:52.311+05:30 ERROR 22496 --- [smartwatch-leaderboard] [main] o.s.boot.SpringApplication               : Application run failed

org.springframework.beans.factory.UnsatisfiedDependencyException: Error creating bean with name 'org.springframework.boot.autoconfigure.batch.BatchAutoConfiguration$SpringBootBatchConfiguration': Unsatisfied dependency expressed through constructor parameter 2: Error creating bean with name 'transactionManager' defined in class path resource [org/springframework/boot/autoconfigure/orm/jpa/HibernateJpaConfiguration.class]: Error creating bean with name 'batchDataSourceInitializer' defined in class path resource [org/springframework/boot/autoconfigure/batch/BatchAutoConfiguration$DataSourceInitializerConfiguration.class]: Failed to instantiate [org.springframework.boot.autoconfigure.batch.BatchDataSourceScriptDatabaseInitializer]: Factory method 'batchDataSourceInitializer' threw exception with message: Failed to determine DatabaseDriver
	at org.springframework.beans.factory.support.ConstructorResolver.createArgumentArray(ConstructorResolver.java:795) ~[spring-beans-6.1.5.jar:6.1.5]
	at org.springframework.beans.factory.support.ConstructorResolver.autowireConstructor(ConstructorResolver.java:237) ~[spring-beans-6.1.5.jar:6.1.5]
	at org.springframework.beans.factory.support.AbstractAutowireCapableBeanFactory.autowireConstructor(AbstractAutowireCapableBeanFactory.java:1355) ~[spring-beans-6.1.5.jar:6.1.5]
	at org.springframework.beans.factory.support.AbstractAutowireCapableBeanFactory.createBeanInstance(AbstractAutowireCapableBeanFactory.java:1192) ~[spring-beans-6.1.5.jar:6.1.5]
	at org.springframework.beans.factory.support.AbstractAutowireCapableBeanFactory.doCreateBean(AbstractAutowireCapableBeanFactory.java:562) ~[spring-beans-6.1.5.jar:6.1.5]
	at org.springframework.beans.factory.support.AbstractAutowireCapableBeanFactory.createBean(AbstractAutowireCapableBeanFactory.java:522) ~[spring-beans-6.1.5.jar:6.1.5]
	at org.springframework.beans.factory.support.AbstractBeanFactory.lambda$doGetBean$0(AbstractBeanFactory.java:326) ~[spring-beans-6.1.5.jar:6.1.5]
	at org.springframework.beans.factory.support.DefaultSingletonBeanRegistry.getSingleton(DefaultSingletonBeanRegistry.java:234) ~[spring-beans-6.1.5.jar:6.1.5]
	at org.springframework.beans.factory.support.AbstractBeanFactory.doGetBean(AbstractBeanFactory.java:324) ~[spring-beans-6.1.5.jar:6.1.5]
	at org.springframework.beans.factory.support.AbstractBeanFactory.getBean(AbstractBeanFactory.java:200) ~[spring-beans-6.1.5.jar:6.1.5]
	at org.springframework.beans.factory.support.ConstructorResolver.instantiateUsingFactoryMethod(ConstructorResolver.java:409) ~[spring-beans-6.1.5.jar:6.1.5]
	at org.springframework.beans.factory.support.AbstractAutowireCapableBeanFactory.instantiateUsingFactoryMethod(AbstractAutowireCapableBeanFactory.java:1335) ~[spring-beans-6.1.5.jar:6.1.5]
	at org.springframework.beans.factory.support.AbstractAutowireCapableBeanFactory.createBeanInstance(AbstractAutowireCapableBeanFactory.java:1165) ~[spring-beans-6.1.5.jar:6.1.5]
	at org.springframework.beans.factory.support.AbstractAutowireCapableBeanFactory.doCreateBean(AbstractAutowireCapableBeanFactory.java:562) ~[spring-beans-6.1.5.jar:6.1.5]
	at org.springframework.beans.factory.support.AbstractAutowireCapableBeanFactory.createBean(AbstractAutowireCapableBeanFactory.java:522) ~[spring-beans-6.1.5.jar:6.1.5]
	at org.springframework.beans.factory.support.AbstractBeanFactory.lambda$doGetBean$0(AbstractBeanFactory.java:326) ~[spring-beans-6.1.5.jar:6.1.5]
	at org.springframework.beans.factory.support.DefaultSingletonBeanRegistry.getSingleton(DefaultSingletonBeanRegistry.java:234) ~[spring-beans-6.1.5.jar:6.1.5]
	at org.springframework.beans.factory.support.AbstractBeanFactory.doGetBean(AbstractBeanFactory.java:324) ~[spring-beans-6.1.5.jar:6.1.5]
	at org.springframework.beans.factory.support.AbstractBeanFactory.getBean(AbstractBeanFactory.java:205) ~[spring-beans-6.1.5.jar:6.1.5]
	at org.springframework.context.support.PostProcessorRegistrationDelegate.registerBeanPostProcessors(PostProcessorRegistrationDelegate.java:277) ~[spring-context-6.1.5.jar:6.1.5]
	at org.springframework.context.support.AbstractApplicationContext.registerBeanPostProcessors(AbstractApplicationContext.java:805) ~[spring-context-6.1.5.jar:6.1.5]
	at org.springframework.context.support.AbstractApplicationContext.refresh(AbstractApplicationContext.java:608) ~[spring-context-6.1.5.jar:6.1.5]
	at org.springframework.boot.web.servlet.context.ServletWebServerApplicationContext.refresh(ServletWebServerApplicationContext.java:146) ~[spring-boot-3.2.4.jar:3.2.4]
	at org.springframework.boot.SpringApplication.refresh(SpringApplication.java:754) ~[spring-boot-3.2.4.jar:3.2.4]
	at org.springframework.boot.SpringApplication.refreshContext(SpringApplication.java:456) ~[spring-boot-3.2.4.jar:3.2.4]
	at org.springframework.boot.SpringApplication.run(SpringApplication.java:334) ~[spring-boot-3.2.4.jar:3.2.4]
	at org.springframework.boot.SpringApplication.run(SpringApplication.java:1354) ~[spring-boot-3.2.4.jar:3.2.4]
	at org.springframework.boot.SpringApplication.run(SpringApplication.java:1343) ~[spring-boot-3.2.4.jar:3.2.4]
	at com.smartwatch.leaderboard.SmartwatchLeaderboard.main(SmartwatchLeaderboard.java:10) ~[classes/:na]
Caused by: org.springframework.beans.factory.BeanCreationException: Error creating bean with name 'transactionManager' defined in class path resource [org/springframework/boot/autoconfigure/orm/jpa/HibernateJpaConfiguration.class]: Error creating bean with name 'batchDataSourceInitializer' defined in class path resource [org/springframework/boot/autoconfigure/batch/BatchAutoConfiguration$DataSourceInitializerConfiguration.class]: Failed to instantiate [org.springframework.boot.autoconfigure.batch.BatchDataSourceScriptDatabaseInitializer]: Factory method 'batchDataSourceInitializer' threw exception with message: Failed to determine DatabaseDriver
	at org.springframework.beans.factory.support.AbstractAutowireCapableBeanFactory.doCreateBean(AbstractAutowireCapableBeanFactory.java:607) ~[spring-beans-6.1.5.jar:6.1.5]
	at org.springframework.beans.factory.support.AbstractAutowireCapableBeanFactory.createBean(AbstractAutowireCapableBeanFactory.java:522) ~[spring-beans-6.1.5.jar:6.1.5]
	at org.springframework.beans.factory.support.AbstractBeanFactory.lambda$doGetBean$0(AbstractBeanFactory.java:326) ~[spring-beans-6.1.5.jar:6.1.5]
	at org.springframework.beans.factory.support.DefaultSingletonBeanRegistry.getSingleton(DefaultSingletonBeanRegistry.java:234) ~[spring-beans-6.1.5.jar:6.1.5]
	at org.springframework.beans.factory.support.AbstractBeanFactory.doGetBean(AbstractBeanFactory.java:324) ~[spring-beans-6.1.5.jar:6.1.5]
	at org.springframework.beans.factory.support.AbstractBeanFactory.getBean(AbstractBeanFactory.java:200) ~[spring-beans-6.1.5.jar:6.1.5]
	at org.springframework.beans.factory.config.DependencyDescriptor.resolveCandidate(DependencyDescriptor.java:254) ~[spring-beans-6.1.5.jar:6.1.5]
	at org.springframework.beans.factory.support.DefaultListableBeanFactory.doResolveDependency(DefaultListableBeanFactory.java:1443) ~[spring-beans-6.1.5.jar:6.1.5]
	at org.springframework.beans.factory.support.DefaultListableBeanFactory.resolveDependency(DefaultListableBeanFactory.java:1353) ~[spring-beans-6.1.5.jar:6.1.5]
	at org.springframework.beans.factory.support.ConstructorResolver.resolveAutowiredArgument(ConstructorResolver.java:904) ~[spring-beans-6.1.5.jar:6.1.5]
	at org.springframework.beans.factory.support.ConstructorResolver.createArgumentArray(ConstructorResolver.java:782) ~[spring-beans-6.1.5.jar:6.1.5]
	... 28 common frames omitted
Caused by: org.springframework.beans.factory.BeanCreationException: Error creating bean with name 'batchDataSourceInitializer' defined in class path resource [org/springframework/boot/autoconfigure/batch/BatchAutoConfiguration$DataSourceInitializerConfiguration.class]: Failed to instantiate [org.springframework.boot.autoconfigure.batch.BatchDataSourceScriptDatabaseInitializer]: Factory method 'batchDataSourceInitializer' threw exception with message: Failed to determine DatabaseDriver
	at org.springframework.beans.factory.support.ConstructorResolver.instantiate(ConstructorResolver.java:648) ~[spring-beans-6.1.5.jar:6.1.5]
	at org.springframework.beans.factory.support.ConstructorResolver.instantiateUsingFactoryMethod(ConstructorResolver.java:636) ~[spring-beans-6.1.5.jar:6.1.5]
	at org.springframework.beans.factory.support.AbstractAutowireCapableBeanFactory.instantiateUsingFactoryMethod(AbstractAutowireCapableBeanFactory.java:1335) ~[spring-beans-6.1.5.jar:6.1.5]
	at org.springframework.beans.factory.support.AbstractAutowireCapableBeanFactory.createBeanInstance(AbstractAutowireCapableBeanFactory.java:1165) ~[spring-beans-6.1.5.jar:6.1.5]
	at org.springframework.beans.factory.support.AbstractAutowireCapableBeanFactory.doCreateBean(AbstractAutowireCapableBeanFactory.java:562) ~[spring-beans-6.1.5.jar:6.1.5]
	at org.springframework.beans.factory.support.AbstractAutowireCapableBeanFactory.createBean(AbstractAutowireCapableBeanFactory.java:522) ~[spring-beans-6.1.5.jar:6.1.5]
	at org.springframework.beans.factory.support.AbstractBeanFactory.lambda$doGetBean$0(AbstractBeanFactory.java:326) ~[spring-beans-6.1.5.jar:6.1.5]
	at org.springframework.beans.factory.support.DefaultSingletonBeanRegistry.getSingleton(DefaultSingletonBeanRegistry.java:234) ~[spring-beans-6.1.5.jar:6.1.5]
	at org.springframework.beans.factory.support.AbstractBeanFactory.doGetBean(AbstractBeanFactory.java:324) ~[spring-beans-6.1.5.jar:6.1.5]
	at org.springframework.beans.factory.support.AbstractBeanFactory.getBean(AbstractBeanFactory.java:200) ~[spring-beans-6.1.5.jar:6.1.5]
	at org.springframework.beans.factory.support.AbstractBeanFactory.doGetBean(AbstractBeanFactory.java:313) ~[spring-beans-6.1.5.jar:6.1.5]
	at org.springframework.beans.factory.support.AbstractBeanFactory.getBean(AbstractBeanFactory.java:225) ~[spring-beans-6.1.5.jar:6.1.5]
	at org.springframework.beans.factory.support.DefaultListableBeanFactory.resolveNamedBean(DefaultListableBeanFactory.java:1323) ~[spring-beans-6.1.5.jar:6.1.5]
	at org.springframework.beans.factory.support.DefaultListableBeanFactory.resolveNamedBean(DefaultListableBeanFactory.java:1284) ~[spring-beans-6.1.5.jar:6.1.5]
	at org.springframework.beans.factory.support.DefaultListableBeanFactory.resolveBean(DefaultListableBeanFactory.java:486) ~[spring-beans-6.1.5.jar:6.1.5]
	at org.springframework.beans.factory.support.DefaultListableBeanFactory.getBean(DefaultListableBeanFactory.java:341) ~[spring-beans-6.1.5.jar:6.1.5]
	at org.springframework.beans.factory.support.DefaultListableBeanFactory.getBean(DefaultListableBeanFactory.java:334) ~[spring-beans-6.1.5.jar:6.1.5]
	at org.springframework.orm.jpa.EntityManagerFactoryUtils.findEntityManagerFactory(EntityManagerFactoryUtils.java:120) ~[spring-orm-6.1.5.jar:6.1.5]
	at org.springframework.orm.jpa.JpaTransactionManager.setBeanFactory(JpaTransactionManager.java:333) ~[spring-orm-6.1.5.jar:6.1.5]
	at org.springframework.beans.factory.support.AbstractAutowireCapableBeanFactory.invokeAwareMethods(AbstractAutowireCapableBeanFactory.java:1807) ~[spring-beans-6.1.5.jar:6.1.5]
	at org.springframework.beans.factory.support.AbstractAutowireCapableBeanFactory.initializeBean(AbstractAutowireCapableBeanFactory.java:1774) ~[spring-beans-6.1.5.jar:6.1.5]
	at org.springframework.beans.factory.support.AbstractAutowireCapableBeanFactory.doCreateBean(AbstractAutowireCapableBeanFactory.java:600) ~[spring-beans-6.1.5.jar:6.1.5]
	... 38 common frames omitted
Caused by: org.springframework.beans.BeanInstantiationException: Failed to instantiate [org.springframework.boot.autoconfigure.batch.BatchDataSourceScriptDatabaseInitializer]: Factory method 'batchDataSourceInitializer' threw exception with message: Failed to determine DatabaseDriver
	at org.springframework.beans.factory.support.SimpleInstantiationStrategy.instantiate(SimpleInstantiationStrategy.java:177) ~[spring-beans-6.1.5.jar:6.1.5]
	at org.springframework.beans.factory.support.ConstructorResolver.instantiate(ConstructorResolver.java:644) ~[spring-beans-6.1.5.jar:6.1.5]
	... 59 common frames omitted
Caused by: java.lang.IllegalStateException: Failed to determine DatabaseDriver
	at org.springframework.boot.jdbc.init.PlatformPlaceholderDatabaseDriverResolver.getDatabaseDriver(PlatformPlaceholderDatabaseDriverResolver.java:144) ~[spring-boot-3.2.4.jar:3.2.4]
	at org.springframework.boot.jdbc.init.PlatformPlaceholderDatabaseDriverResolver.determinePlatform(PlatformPlaceholderDatabaseDriverResolver.java:132) ~[spring-boot-3.2.4.jar:3.2.4]
	at org.springframework.boot.jdbc.init.PlatformPlaceholderDatabaseDriverResolver.lambda$resolveAll$0(PlatformPlaceholderDatabaseDriverResolver.java:97) ~[spring-boot-3.2.4.jar:3.2.4]
	at org.springframework.boot.jdbc.init.PlatformPlaceholderDatabaseDriverResolver.resolveAll(PlatformPlaceholderDatabaseDriverResolver.java:122) ~[spring-boot-3.2.4.jar:3.2.4]
	at org.springframework.boot.jdbc.init.PlatformPlaceholderDatabaseDriverResolver.resolveAll(PlatformPlaceholderDatabaseDriverResolver.java:97) ~[spring-boot-3.2.4.jar:3.2.4]
	at org.springframework.boot.autoconfigure.batch.BatchDataSourceScriptDatabaseInitializer.resolveSchemaLocations(BatchDataSourceScriptDatabaseInitializer.java:83) ~[spring-boot-autoconfigure-3.2.4.jar:3.2.4]
	at org.springframework.boot.autoconfigure.batch.BatchDataSourceScriptDatabaseInitializer.getSettings(BatchDataSourceScriptDatabaseInitializer.java:72) ~[spring-boot-autoconfigure-3.2.4.jar:3.2.4]
	at org.springframework.boot.autoconfigure.batch.BatchDataSourceScriptDatabaseInitializer.<init>(BatchDataSourceScriptDatabaseInitializer.java:47) ~[spring-boot-autoconfigure-3.2.4.jar:3.2.4]
	at org.springframework.boot.autoconfigure.batch.BatchAutoConfiguration$DataSourceInitializerConfiguration.batchDataSourceInitializer(BatchAutoConfiguration.java:156) ~[spring-boot-autoconfigure-3.2.4.jar:3.2.4]
	at java.base/jdk.internal.reflect.DirectMethodHandleAccessor.invoke(DirectMethodHandleAccessor.java:103) ~[na:na]
	at java.base/java.lang.reflect.Method.invoke(Method.java:580) ~[na:na]
	at org.springframework.beans.factory.support.SimpleInstantiationStrategy.instantiate(SimpleInstantiationStrategy.java:140) ~[spring-beans-6.1.5.jar:6.1.5]
	... 60 common frames omitted
Caused by: org.springframework.jdbc.support.MetaDataAccessException: Could not get Connection for extracting meta-data
	at org.springframework.jdbc.support.JdbcUtils.extractDatabaseMetaData(JdbcUtils.java:357) ~[spring-jdbc-6.1.5.jar:6.1.5]
	at org.springframework.boot.jdbc.init.PlatformPlaceholderDatabaseDriverResolver.getDatabaseDriver(PlatformPlaceholderDatabaseDriverResolver.java:140) ~[spring-boot-3.2.4.jar:3.2.4]
	... 71 common frames omitted
Caused by: org.springframework.jdbc.CannotGetJdbcConnectionException: Failed to obtain JDBC Connection
	at org.springframework.jdbc.datasource.DataSourceUtils.getConnection(DataSourceUtils.java:84) ~[spring-jdbc-6.1.5.jar:6.1.5]
	at org.springframework.jdbc.support.JdbcUtils.extractDatabaseMetaData(JdbcUtils.java:331) ~[spring-jdbc-6.1.5.jar:6.1.5]
	... 72 common frames omitted
Caused by: java.sql.SQLException: Access denied for user 'system'@'localhost' (using password: YES)
	at com.mysql.cj.jdbc.exceptions.SQLError.createSQLException(SQLError.java:130) ~[mysql-connector-j-8.3.0.jar:8.3.0]
	at com.mysql.cj.jdbc.exceptions.SQLExceptionsMapping.translateException(SQLExceptionsMapping.java:122) ~[mysql-connector-j-8.3.0.jar:8.3.0]
	at com.mysql.cj.jdbc.ConnectionImpl.createNewIO(ConnectionImpl.java:815) ~[mysql-connector-j-8.3.0.jar:8.3.0]
	at com.mysql.cj.jdbc.ConnectionImpl.<init>(ConnectionImpl.java:438) ~[mysql-connector-j-8.3.0.jar:8.3.0]
	at com.mysql.cj.jdbc.ConnectionImpl.getInstance(ConnectionImpl.java:241) ~[mysql-connector-j-8.3.0.jar:8.3.0]
	at com.mysql.cj.jdbc.NonRegisteringDriver.connect(NonRegisteringDriver.java:189) ~[mysql-connector-j-8.3.0.jar:8.3.0]
	at com.zaxxer.hikari.util.DriverDataSource.getConnection(DriverDataSource.java:138) ~[HikariCP-5.0.1.jar:na]
	at com.zaxxer.hikari.pool.PoolBase.newConnection(PoolBase.java:359) ~[HikariCP-5.0.1.jar:na]
	at com.zaxxer.hikari.pool.PoolBase.newPoolEntry(PoolBase.java:201) ~[HikariCP-5.0.1.jar:na]
	at com.zaxxer.hikari.pool.HikariPool.createPoolEntry(HikariPool.java:470) ~[HikariCP-5.0.1.jar:na]
	at com.zaxxer.hikari.pool.HikariPool.checkFailFast(HikariPool.java:561) ~[HikariCP-5.0.1.jar:na]
	at com.zaxxer.hikari.pool.HikariPool.<init>(HikariPool.java:100) ~[HikariCP-5.0.1.jar:na]
	at com.zaxxer.hikari.HikariDataSource.getConnection(HikariDataSource.java:112) ~[HikariCP-5.0.1.jar:na]
	at org.springframework.jdbc.datasource.DataSourceUtils.fetchConnection(DataSourceUtils.java:160) ~[spring-jdbc-6.1.5.jar:6.1.5]
	at org.springframework.jdbc.datasource.DataSourceUtils.doGetConnection(DataSourceUtils.java:118) ~[spring-jdbc-6.1.5.jar:6.1.5]
	at org.springframework.jdbc.datasource.DataSourceUtils.getConnection(DataSourceUtils.java:81) ~[spring-jdbc-6.1.5.jar:6.1.5]
	... 73 common frames omitted

2026-09-02T19:59:32.342+05:30  INFO 22224 --- [smartwatch-leaderboard] [main] c.s.leaderboard.SmartwatchLeaderboard    : Starting SmartwatchLeaderboard using Java 21.0.2 with PID 22224 (C:\Users\PC\smartwatch_application\target\classes started by PC in C:\Users\PC\smartwatch_application)
2026-09-02T19:59:32.353+05:30  INFO 22224 --- [smartwatch-leaderboard] [main] c.s.leaderboard.SmartwatchLeaderboard    : The following 1 profile is active: "local"
2026-09-02T19:59:32.355+05:30 DEBUG 22224 --- [smartwatch-leaderboard] [main] o.s.boot.SpringApplication               : Loading source class com.smartwatch.leaderboard.SmartwatchLeaderboard
2026-09-02T19:59:32.482+05:30 DEBUG 22224 --- [smartwatch-leaderboard] [main] ConfigServletWebServerApplicationContext : Refreshing org.springframework.boot.web.servlet.context.AnnotationConfigServletWebServerApplicationContext@29a5f4e7
2026-09-02T19:59:36.225+05:30  INFO 22224 --- [smartwatch-leaderboard] [main] .s.d.r.c.RepositoryConfigurationDelegate : Bootstrapping Spring Data JPA repositories in DEFAULT mode.
2026-09-02T19:59:36.295+05:30 DEBUG 22224 --- [smartwatch-leaderboard] [main] o.s.b.a.AutoConfigurationPackages        : @EnableAutoConfiguration was declared on a class in the package 'com.smartwatch.leaderboard'. Automatic @Repository and @Entity scanning is enabled.
2026-09-02T19:59:36.467+05:30  INFO 22224 --- [smartwatch-leaderboard] [main] .s.d.r.c.RepositoryConfigurationDelegate : Finished Spring Data repository scanning in 202 ms. Found 11 JPA repository interfaces.
2026-09-02T19:59:38.134+05:30  WARN 22224 --- [smartwatch-leaderboard] [main] trationDelegate$BeanPostProcessorChecker : Bean 'org.springframework.boot.autoconfigure.jdbc.DataSourceConfiguration$Hikari' of type [org.springframework.boot.autoconfigure.jdbc.DataSourceConfiguration$Hikari] is not eligible for getting processed by all BeanPostProcessors (for example: not eligible for auto-proxying). Is this bean getting eagerly injected into a currently created BeanPostProcessor [jobRegistryBeanPostProcessor]? Check the corresponding BeanPostProcessor declaration and its dependencies.
2026-09-02T19:59:38.168+05:30  WARN 22224 --- [smartwatch-leaderboard] [main] trationDelegate$BeanPostProcessorChecker : Bean 'spring.datasource-org.springframework.boot.autoconfigure.jdbc.DataSourceProperties' of type [org.springframework.boot.autoconfigure.jdbc.DataSourceProperties] is not eligible for getting processed by all BeanPostProcessors (for example: not eligible for auto-proxying). Is this bean getting eagerly injected into a currently created BeanPostProcessor [jobRegistryBeanPostProcessor]? Check the corresponding BeanPostProcessor declaration and its dependencies.
2026-09-02T19:59:38.180+05:30  WARN 22224 --- [smartwatch-leaderboard] [main] trationDelegate$BeanPostProcessorChecker : Bean 'org.springframework.boot.autoconfigure.jdbc.DataSourceAutoConfiguration$PooledDataSourceConfiguration' of type [org.springframework.boot.autoconfigure.jdbc.DataSourceAutoConfiguration$PooledDataSourceConfiguration] is not eligible for getting processed by all BeanPostProcessors (for example: not eligible for auto-proxying). Is this bean getting eagerly injected into a currently created BeanPostProcessor [jobRegistryBeanPostProcessor]? Check the corresponding BeanPostProcessor declaration and its dependencies.
2026-09-02T19:59:38.183+05:30  WARN 22224 --- [smartwatch-leaderboard] [main] trationDelegate$BeanPostProcessorChecker : Bean 'jdbcConnectionDetails' of type [org.springframework.boot.autoconfigure.jdbc.PropertiesJdbcConnectionDetails] is not eligible for getting processed by all BeanPostProcessors (for example: not eligible for auto-proxying). Is this bean getting eagerly injected into a currently created BeanPostProcessor [jobRegistryBeanPostProcessor]? Check the corresponding BeanPostProcessor declaration and its dependencies.
2026-09-02T19:59:38.211+05:30  WARN 22224 --- [smartwatch-leaderboard] [main] trationDelegate$BeanPostProcessorChecker : Bean 'dataSource' of type [com.zaxxer.hikari.HikariDataSource] is not eligible for getting processed by all BeanPostProcessors (for example: not eligible for auto-proxying). Is this bean getting eagerly injected into a currently created BeanPostProcessor [jobRegistryBeanPostProcessor]? Check the corresponding BeanPostProcessor declaration and its dependencies.
2026-09-02T19:59:38.248+05:30  WARN 22224 --- [smartwatch-leaderboard] [main] trationDelegate$BeanPostProcessorChecker : Bean 'spring.jpa-org.springframework.boot.autoconfigure.orm.jpa.JpaProperties' of type [org.springframework.boot.autoconfigure.orm.jpa.JpaProperties] is not eligible for getting processed by all BeanPostProcessors (for example: not eligible for auto-proxying). Is this bean getting eagerly injected into a currently created BeanPostProcessor [jobRegistryBeanPostProcessor]? Check the corresponding BeanPostProcessor declaration and its dependencies.
2026-09-02T19:59:38.252+05:30  WARN 22224 --- [smartwatch-leaderboard] [main] trationDelegate$BeanPostProcessorChecker : Bean 'spring.jpa.hibernate-org.springframework.boot.autoconfigure.orm.jpa.HibernateProperties' of type [org.springframework.boot.autoconfigure.orm.jpa.HibernateProperties] is not eligible for getting processed by all BeanPostProcessors (for example: not eligible for auto-proxying). Is this bean getting eagerly injected into a currently created BeanPostProcessor [jobRegistryBeanPostProcessor]? Check the corresponding BeanPostProcessor declaration and its dependencies.
2026-09-02T19:59:38.262+05:30  WARN 22224 --- [smartwatch-leaderboard] [main] trationDelegate$BeanPostProcessorChecker : Bean 'org.springframework.boot.autoconfigure.jdbc.metadata.DataSourcePoolMetadataProvidersConfiguration$HikariPoolDataSourceMetadataProviderConfiguration' of type [org.springframework.boot.autoconfigure.jdbc.metadata.DataSourcePoolMetadataProvidersConfiguration$HikariPoolDataSourceMetadataProviderConfiguration] is not eligible for getting processed by all BeanPostProcessors (for example: not eligible for auto-proxying). Is this bean getting eagerly injected into a currently created BeanPostProcessor [jobRegistryBeanPostProcessor]? Check the corresponding BeanPostProcessor declaration and its dependencies.
2026-09-02T19:59:38.264+05:30  WARN 22224 --- [smartwatch-leaderboard] [main] trationDelegate$BeanPostProcessorChecker : Bean 'hikariPoolDataSourceMetadataProvider' of type [org.springframework.boot.autoconfigure.jdbc.metadata.DataSourcePoolMetadataProvidersConfiguration$HikariPoolDataSourceMetadataProviderConfiguration$$Lambda/0x0000025cb8473608] is not eligible for getting processed by all BeanPostProcessors (for example: not eligible for auto-proxying). Is this bean getting eagerly injected into a currently created BeanPostProcessor [jobRegistryBeanPostProcessor]? Check the corresponding BeanPostProcessor declaration and its dependencies.
2026-09-02T19:59:38.279+05:30  WARN 22224 --- [smartwatch-leaderboard] [main] trationDelegate$BeanPostProcessorChecker : Bean 'org.springframework.boot.autoconfigure.orm.jpa.HibernateJpaConfiguration' of type [org.springframework.boot.autoconfigure.orm.jpa.HibernateJpaConfiguration] is not eligible for getting processed by all BeanPostProcessors (for example: not eligible for auto-proxying). Is this bean getting eagerly injected into a currently created BeanPostProcessor [jobRegistryBeanPostProcessor]? Check the corresponding BeanPostProcessor declaration and its dependencies.
2026-09-02T19:59:38.298+05:30  WARN 22224 --- [smartwatch-leaderboard] [main] trationDelegate$BeanPostProcessorChecker : Bean 'org.springframework.boot.autoconfigure.transaction.TransactionManagerCustomizationAutoConfiguration' of type [org.springframework.boot.autoconfigure.transaction.TransactionManagerCustomizationAutoConfiguration] is not eligible for getting processed by all BeanPostProcessors (for example: not eligible for auto-proxying). Is this bean getting eagerly injected into a currently created BeanPostProcessor [jobRegistryBeanPostProcessor]? Check the corresponding BeanPostProcessor declaration and its dependencies.
2026-09-02T19:59:38.303+05:30  WARN 22224 --- [smartwatch-leaderboard] [main] trationDelegate$BeanPostProcessorChecker : Bean 'transactionExecutionListeners' of type [org.springframework.boot.autoconfigure.transaction.ExecutionListenersTransactionManagerCustomizer] is not eligible for getting processed by all BeanPostProcessors (for example: not eligible for auto-proxying). Is this bean getting eagerly injected into a currently created BeanPostProcessor [jobRegistryBeanPostProcessor]? Check the corresponding BeanPostProcessor declaration and its dependencies.
2026-09-02T19:59:38.309+05:30  WARN 22224 --- [smartwatch-leaderboard] [main] trationDelegate$BeanPostProcessorChecker : Bean 'spring.transaction-org.springframework.boot.autoconfigure.transaction.TransactionProperties' of type [org.springframework.boot.autoconfigure.transaction.TransactionProperties] is not eligible for getting processed by all BeanPostProcessors (for example: not eligible for auto-proxying). Is this bean getting eagerly injected into a currently created BeanPostProcessor [jobRegistryBeanPostProcessor]? Check the corresponding BeanPostProcessor declaration and its dependencies.
2026-09-02T19:59:38.313+05:30  WARN 22224 --- [smartwatch-leaderboard] [main] trationDelegate$BeanPostProcessorChecker : Bean 'platformTransactionManagerCustomizers' of type [org.springframework.boot.autoconfigure.transaction.TransactionManagerCustomizers] is not eligible for getting processed by all BeanPostProcessors (for example: not eligible for auto-proxying). Is this bean getting eagerly injected into a currently created BeanPostProcessor [jobRegistryBeanPostProcessor]? Check the corresponding BeanPostProcessor declaration and its dependencies.
2026-09-02T19:59:38.351+05:30  WARN 22224 --- [smartwatch-leaderboard] [main] trationDelegate$BeanPostProcessorChecker : Bean 'org.springframework.boot.autoconfigure.sql.init.DataSourceInitializationConfiguration' of type [org.springframework.boot.autoconfigure.sql.init.DataSourceInitializationConfiguration] is not eligible for getting processed by all BeanPostProcessors (for example: not eligible for auto-proxying). Is this bean getting eagerly injected into a currently created BeanPostProcessor [jobRegistryBeanPostProcessor]? Check the corresponding BeanPostProcessor declaration and its dependencies.
2026-09-02T19:59:38.356+05:30  WARN 22224 --- [smartwatch-leaderboard] [main] trationDelegate$BeanPostProcessorChecker : Bean 'spring.sql.init-org.springframework.boot.autoconfigure.sql.init.SqlInitializationProperties' of type [org.springframework.boot.autoconfigure.sql.init.SqlInitializationProperties] is not eligible for getting processed by all BeanPostProcessors (for example: not eligible for auto-proxying). Is this bean getting eagerly injected into a currently created BeanPostProcessor [jobRegistryBeanPostProcessor]? Check the corresponding BeanPostProcessor declaration and its dependencies.
2026-09-02T19:59:38.372+05:30  WARN 22224 --- [smartwatch-leaderboard] [main] trationDelegate$BeanPostProcessorChecker : Bean 'dataSourceScriptDatabaseInitializer' of type [org.springframework.boot.autoconfigure.sql.init.SqlDataSourceScriptDatabaseInitializer] is not eligible for getting processed by all BeanPostProcessors (for example: not eligible for auto-proxying). Is this bean getting eagerly injected into a currently created BeanPostProcessor [jobRegistryBeanPostProcessor]? Check the corresponding BeanPostProcessor declaration and its dependencies.
2026-09-02T19:59:38.379+05:30  WARN 22224 --- [smartwatch-leaderboard] [main] trationDelegate$BeanPostProcessorChecker : Bean 'org.springframework.boot.autoconfigure.batch.BatchAutoConfiguration$DataSourceInitializerConfiguration' of type [org.springframework.boot.autoconfigure.batch.BatchAutoConfiguration$DataSourceInitializerConfiguration] is not eligible for getting processed by all BeanPostProcessors (for example: not eligible for auto-proxying). Is this bean getting eagerly injected into a currently created BeanPostProcessor [jobRegistryBeanPostProcessor]? Check the corresponding BeanPostProcessor declaration and its dependencies.
2026-09-02T19:59:38.397+05:30  WARN 22224 --- [smartwatch-leaderboard] [main] trationDelegate$BeanPostProcessorChecker : Bean 'spring.batch-org.springframework.boot.autoconfigure.batch.BatchProperties' of type [org.springframework.boot.autoconfigure.batch.BatchProperties] is not eligible for getting processed by all BeanPostProcessors (for example: not eligible for auto-proxying). Is this bean getting eagerly injected into a currently created BeanPostProcessor [jobRegistryBeanPostProcessor]? Check the corresponding BeanPostProcessor declaration and its dependencies.
2026-09-02T19:59:38.439+05:30  INFO 22224 --- [smartwatch-leaderboard] [main] com.zaxxer.hikari.HikariDataSource       : HikariPool-1 - Starting...
2026-09-02T19:59:39.615+05:30 ERROR 22224 --- [smartwatch-leaderboard] [main] com.zaxxer.hikari.pool.HikariPool        : HikariPool-1 - Exception during pool initialization.

org.h2.jdbc.JdbcSQLFeatureNotSupportedException: Feature not supported: "AUTO_SERVER=TRUE && DB_CLOSE_ON_EXIT=FALSE" [50100-224]
	at org.h2.message.DbException.getJdbcSQLException(DbException.java:568) ~[h2-2.2.224.jar:2.2.224]
	at org.h2.message.DbException.getJdbcSQLException(DbException.java:489) ~[h2-2.2.224.jar:2.2.224]
	at org.h2.message.DbException.get(DbException.java:223) ~[h2-2.2.224.jar:2.2.224]
	at org.h2.message.DbException.get(DbException.java:199) ~[h2-2.2.224.jar:2.2.224]
	at org.h2.message.DbException.getUnsupportedException(DbException.java:287) ~[h2-2.2.224.jar:2.2.224]
	at org.h2.engine.Database.<init>(Database.java:280) ~[h2-2.2.224.jar:2.2.224]
	at org.h2.engine.Engine.openSession(Engine.java:92) ~[h2-2.2.224.jar:2.2.224]
	at org.h2.engine.Engine.openSession(Engine.java:222) ~[h2-2.2.224.jar:2.2.224]
	at org.h2.engine.Engine.createSession(Engine.java:201) ~[h2-2.2.224.jar:2.2.224]
	at org.h2.engine.SessionRemote.connectEmbeddedOrServer(SessionRemote.java:343) ~[h2-2.2.224.jar:2.2.224]
	at org.h2.jdbc.JdbcConnection.<init>(JdbcConnection.java:125) ~[h2-2.2.224.jar:2.2.224]
	at org.h2.Driver.connect(Driver.java:59) ~[h2-2.2.224.jar:2.2.224]
	at com.zaxxer.hikari.util.DriverDataSource.getConnection(DriverDataSource.java:138) ~[HikariCP-5.0.1.jar:na]
	at com.zaxxer.hikari.pool.PoolBase.newConnection(PoolBase.java:359) ~[HikariCP-5.0.1.jar:na]
	at com.zaxxer.hikari.pool.PoolBase.newPoolEntry(PoolBase.java:201) ~[HikariCP-5.0.1.jar:na]
	at com.zaxxer.hikari.pool.HikariPool.createPoolEntry(HikariPool.java:470) ~[HikariCP-5.0.1.jar:na]
	at com.zaxxer.hikari.pool.HikariPool.checkFailFast(HikariPool.java:561) ~[HikariCP-5.0.1.jar:na]
	at com.zaxxer.hikari.pool.HikariPool.<init>(HikariPool.java:100) ~[HikariCP-5.0.1.jar:na]
	at com.zaxxer.hikari.HikariDataSource.getConnection(HikariDataSource.java:112) ~[HikariCP-5.0.1.jar:na]
	at org.springframework.jdbc.datasource.DataSourceUtils.fetchConnection(DataSourceUtils.java:160) ~[spring-jdbc-6.1.5.jar:6.1.5]
	at org.springframework.jdbc.datasource.DataSourceUtils.doGetConnection(DataSourceUtils.java:118) ~[spring-jdbc-6.1.5.jar:6.1.5]
	at org.springframework.jdbc.datasource.DataSourceUtils.getConnection(DataSourceUtils.java:81) ~[spring-jdbc-6.1.5.jar:6.1.5]
	at org.springframework.jdbc.support.JdbcUtils.extractDatabaseMetaData(JdbcUtils.java:331) ~[spring-jdbc-6.1.5.jar:6.1.5]
	at org.springframework.boot.jdbc.init.PlatformPlaceholderDatabaseDriverResolver.getDatabaseDriver(PlatformPlaceholderDatabaseDriverResolver.java:140) ~[spring-boot-3.2.4.jar:3.2.4]
	at org.springframework.boot.jdbc.init.PlatformPlaceholderDatabaseDriverResolver.determinePlatform(PlatformPlaceholderDatabaseDriverResolver.java:132) ~[spring-boot-3.2.4.jar:3.2.4]
	at org.springframework.boot.jdbc.init.PlatformPlaceholderDatabaseDriverResolver.lambda$resolveAll$0(PlatformPlaceholderDatabaseDriverResolver.java:97) ~[spring-boot-3.2.4.jar:3.2.4]
	at org.springframework.boot.jdbc.init.PlatformPlaceholderDatabaseDriverResolver.resolveAll(PlatformPlaceholderDatabaseDriverResolver.java:122) ~[spring-boot-3.2.4.jar:3.2.4]
	at org.springframework.boot.jdbc.init.PlatformPlaceholderDatabaseDriverResolver.resolveAll(PlatformPlaceholderDatabaseDriverResolver.java:97) ~[spring-boot-3.2.4.jar:3.2.4]
	at org.springframework.boot.autoconfigure.batch.BatchDataSourceScriptDatabaseInitializer.resolveSchemaLocations(BatchDataSourceScriptDatabaseInitializer.java:83) ~[spring-boot-autoconfigure-3.2.4.jar:3.2.4]
	at org.springframework.boot.autoconfigure.batch.BatchDataSourceScriptDatabaseInitializer.getSettings(BatchDataSourceScriptDatabaseInitializer.java:72) ~[spring-boot-autoconfigure-3.2.4.jar:3.2.4]
	at org.springframework.boot.autoconfigure.batch.BatchDataSourceScriptDatabaseInitializer.<init>(BatchDataSourceScriptDatabaseInitializer.java:47) ~[spring-boot-autoconfigure-3.2.4.jar:3.2.4]
	at org.springframework.boot.autoconfigure.batch.BatchAutoConfiguration$DataSourceInitializerConfiguration.batchDataSourceInitializer(BatchAutoConfiguration.java:156) ~[spring-boot-autoconfigure-3.2.4.jar:3.2.4]
	at java.base/jdk.internal.reflect.DirectMethodHandleAccessor.invoke(DirectMethodHandleAccessor.java:103) ~[na:na]
	at java.base/java.lang.reflect.Method.invoke(Method.java:580) ~[na:na]
	at org.springframework.beans.factory.support.SimpleInstantiationStrategy.instantiate(SimpleInstantiationStrategy.java:140) ~[spring-beans-6.1.5.jar:6.1.5]
	at org.springframework.beans.factory.support.ConstructorResolver.instantiate(ConstructorResolver.java:644) ~[spring-beans-6.1.5.jar:6.1.5]
	at org.springframework.beans.factory.support.ConstructorResolver.instantiateUsingFactoryMethod(ConstructorResolver.java:636) ~[spring-beans-6.1.5.jar:6.1.5]
	at org.springframework.beans.factory.support.AbstractAutowireCapableBeanFactory.instantiateUsingFactoryMethod(AbstractAutowireCapableBeanFactory.java:1335) ~[spring-beans-6.1.5.jar:6.1.5]
	at org.springframework.beans.factory.support.AbstractAutowireCapableBeanFactory.createBeanInstance(AbstractAutowireCapableBeanFactory.java:1165) ~[spring-beans-6.1.5.jar:6.1.5]
	at org.springframework.beans.factory.support.AbstractAutowireCapableBeanFactory.doCreateBean(AbstractAutowireCapableBeanFactory.java:562) ~[spring-beans-6.1.5.jar:6.1.5]
	at org.springframework.beans.factory.support.AbstractAutowireCapableBeanFactory.createBean(AbstractAutowireCapableBeanFactory.java:522) ~[spring-beans-6.1.5.jar:6.1.5]
	at org.springframework.beans.factory.support.AbstractBeanFactory.lambda$doGetBean$0(AbstractBeanFactory.java:326) ~[spring-beans-6.1.5.jar:6.1.5]
	at org.springframework.beans.factory.support.DefaultSingletonBeanRegistry.getSingleton(DefaultSingletonBeanRegistry.java:234) ~[spring-beans-6.1.5.jar:6.1.5]
	at org.springframework.beans.factory.support.AbstractBeanFactory.doGetBean(AbstractBeanFactory.java:324) ~[spring-beans-6.1.5.jar:6.1.5]
	at org.springframework.beans.factory.support.AbstractBeanFactory.getBean(AbstractBeanFactory.java:200) ~[spring-beans-6.1.5.jar:6.1.5]
	at org.springframework.beans.factory.support.AbstractBeanFactory.doGetBean(AbstractBeanFactory.java:313) ~[spring-beans-6.1.5.jar:6.1.5]
	at org.springframework.beans.factory.support.AbstractBeanFactory.getBean(AbstractBeanFactory.java:225) ~[spring-beans-6.1.5.jar:6.1.5]
	at org.springframework.beans.factory.support.DefaultListableBeanFactory.resolveNamedBean(DefaultListableBeanFactory.java:1323) ~[spring-beans-6.1.5.jar:6.1.5]
	at org.springframework.beans.factory.support.DefaultListableBeanFactory.resolveNamedBean(DefaultListableBeanFactory.java:1284) ~[spring-beans-6.1.5.jar:6.1.5]
	at org.springframework.beans.factory.support.DefaultListableBeanFactory.resolveBean(DefaultListableBeanFactory.java:486) ~[spring-beans-6.1.5.jar:6.1.5]
	at org.springframework.beans.factory.support.DefaultListableBeanFactory.getBean(DefaultListableBeanFactory.java:341) ~[spring-beans-6.1.5.jar:6.1.5]
	at org.springframework.beans.factory.support.DefaultListableBeanFactory.getBean(DefaultListableBeanFactory.java:334) ~[spring-beans-6.1.5.jar:6.1.5]
	at org.springframework.orm.jpa.EntityManagerFactoryUtils.findEntityManagerFactory(EntityManagerFactoryUtils.java:120) ~[spring-orm-6.1.5.jar:6.1.5]
	at org.springframework.orm.jpa.JpaTransactionManager.setBeanFactory(JpaTransactionManager.java:333) ~[spring-orm-6.1.5.jar:6.1.5]
	at org.springframework.beans.factory.support.AbstractAutowireCapableBeanFactory.invokeAwareMethods(AbstractAutowireCapableBeanFactory.java:1807) ~[spring-beans-6.1.5.jar:6.1.5]
	at org.springframework.beans.factory.support.AbstractAutowireCapableBeanFactory.initializeBean(AbstractAutowireCapableBeanFactory.java:1774) ~[spring-beans-6.1.5.jar:6.1.5]
	at org.springframework.beans.factory.support.AbstractAutowireCapableBeanFactory.doCreateBean(AbstractAutowireCapableBeanFactory.java:600) ~[spring-beans-6.1.5.jar:6.1.5]
	at org.springframework.beans.factory.support.AbstractAutowireCapableBeanFactory.createBean(AbstractAutowireCapableBeanFactory.java:522) ~[spring-beans-6.1.5.jar:6.1.5]
	at org.springframework.beans.factory.support.AbstractBeanFactory.lambda$doGetBean$0(AbstractBeanFactory.java:326) ~[spring-beans-6.1.5.jar:6.1.5]
	at org.springframework.beans.factory.support.DefaultSingletonBeanRegistry.getSingleton(DefaultSingletonBeanRegistry.java:234) ~[spring-beans-6.1.5.jar:6.1.5]
	at org.springframework.beans.factory.support.AbstractBeanFactory.doGetBean(AbstractBeanFactory.java:324) ~[spring-beans-6.1.5.jar:6.1.5]
	at org.springframework.beans.factory.support.AbstractBeanFactory.getBean(AbstractBeanFactory.java:200) ~[spring-beans-6.1.5.jar:6.1.5]
	at org.springframework.beans.factory.config.DependencyDescriptor.resolveCandidate(DependencyDescriptor.java:254) ~[spring-beans-6.1.5.jar:6.1.5]
	at org.springframework.beans.factory.support.DefaultListableBeanFactory.doResolveDependency(DefaultListableBeanFactory.java:1443) ~[spring-beans-6.1.5.jar:6.1.5]
	at org.springframework.beans.factory.support.DefaultListableBeanFactory.resolveDependency(DefaultListableBeanFactory.java:1353) ~[spring-beans-6.1.5.jar:6.1.5]
	at org.springframework.beans.factory.support.ConstructorResolver.resolveAutowiredArgument(ConstructorResolver.java:904) ~[spring-beans-6.1.5.jar:6.1.5]
	at org.springframework.beans.factory.support.ConstructorResolver.createArgumentArray(ConstructorResolver.java:782) ~[spring-beans-6.1.5.jar:6.1.5]
	at org.springframework.beans.factory.support.ConstructorResolver.autowireConstructor(ConstructorResolver.java:237) ~[spring-beans-6.1.5.jar:6.1.5]
	at org.springframework.beans.factory.support.AbstractAutowireCapableBeanFactory.autowireConstructor(AbstractAutowireCapableBeanFactory.java:1355) ~[spring-beans-6.1.5.jar:6.1.5]
	at org.springframework.beans.factory.support.AbstractAutowireCapableBeanFactory.createBeanInstance(AbstractAutowireCapableBeanFactory.java:1192) ~[spring-beans-6.1.5.jar:6.1.5]
	at org.springframework.beans.factory.support.AbstractAutowireCapableBeanFactory.doCreateBean(AbstractAutowireCapableBeanFactory.java:562) ~[spring-beans-6.1.5.jar:6.1.5]
	at org.springframework.beans.factory.support.AbstractAutowireCapableBeanFactory.createBean(AbstractAutowireCapableBeanFactory.java:522) ~[spring-beans-6.1.5.jar:6.1.5]
	at org.springframework.beans.factory.support.AbstractBeanFactory.lambda$doGetBean$0(AbstractBeanFactory.java:326) ~[spring-beans-6.1.5.jar:6.1.5]
	at org.springframework.beans.factory.support.DefaultSingletonBeanRegistry.getSingleton(DefaultSingletonBeanRegistry.java:234) ~[spring-beans-6.1.5.jar:6.1.5]
	at org.springframework.beans.factory.support.AbstractBeanFactory.doGetBean(AbstractBeanFactory.java:324) ~[spring-beans-6.1.5.jar:6.1.5]
	at org.springframework.beans.factory.support.AbstractBeanFactory.getBean(AbstractBeanFactory.java:200) ~[spring-beans-6.1.5.jar:6.1.5]
	at org.springframework.beans.factory.support.ConstructorResolver.instantiateUsingFactoryMethod(ConstructorResolver.java:409) ~[spring-beans-6.1.5.jar:6.1.5]
	at org.springframework.beans.factory.support.AbstractAutowireCapableBeanFactory.instantiateUsingFactoryMethod(AbstractAutowireCapableBeanFactory.java:1335) ~[spring-beans-6.1.5.jar:6.1.5]
	at org.springframework.beans.factory.support.AbstractAutowireCapableBeanFactory.createBeanInstance(AbstractAutowireCapableBeanFactory.java:1165) ~[spring-beans-6.1.5.jar:6.1.5]
	at org.springframework.beans.factory.support.AbstractAutowireCapableBeanFactory.doCreateBean(AbstractAutowireCapableBeanFactory.java:562) ~[spring-beans-6.1.5.jar:6.1.5]
	at org.springframework.beans.factory.support.AbstractAutowireCapableBeanFactory.createBean(AbstractAutowireCapableBeanFactory.java:522) ~[spring-beans-6.1.5.jar:6.1.5]
	at org.springframework.beans.factory.support.AbstractBeanFactory.lambda$doGetBean$0(AbstractBeanFactory.java:326) ~[spring-beans-6.1.5.jar:6.1.5]
	at org.springframework.beans.factory.support.DefaultSingletonBeanRegistry.getSingleton(DefaultSingletonBeanRegistry.java:234) ~[spring-beans-6.1.5.jar:6.1.5]
	at org.springframework.beans.factory.support.AbstractBeanFactory.doGetBean(AbstractBeanFactory.java:324) ~[spring-beans-6.1.5.jar:6.1.5]
	at org.springframework.beans.factory.support.AbstractBeanFactory.getBean(AbstractBeanFactory.java:205) ~[spring-beans-6.1.5.jar:6.1.5]
	at org.springframework.context.support.PostProcessorRegistrationDelegate.registerBeanPostProcessors(PostProcessorRegistrationDelegate.java:277) ~[spring-context-6.1.5.jar:6.1.5]
	at org.springframework.context.support.AbstractApplicationContext.registerBeanPostProcessors(AbstractApplicationContext.java:805) ~[spring-context-6.1.5.jar:6.1.5]
	at org.springframework.context.support.AbstractApplicationContext.refresh(AbstractApplicationContext.java:608) ~[spring-context-6.1.5.jar:6.1.5]
	at org.springframework.boot.web.servlet.context.ServletWebServerApplicationContext.refresh(ServletWebServerApplicationContext.java:146) ~[spring-boot-3.2.4.jar:3.2.4]
	at org.springframework.boot.SpringApplication.refresh(SpringApplication.java:754) ~[spring-boot-3.2.4.jar:3.2.4]
	at org.springframework.boot.SpringApplication.refreshContext(SpringApplication.java:456) ~[spring-boot-3.2.4.jar:3.2.4]
	at org.springframework.boot.SpringApplication.run(SpringApplication.java:334) ~[spring-boot-3.2.4.jar:3.2.4]
	at org.springframework.boot.SpringApplication.run(SpringApplication.java:1354) ~[spring-boot-3.2.4.jar:3.2.4]
	at org.springframework.boot.SpringApplication.run(SpringApplication.java:1343) ~[spring-boot-3.2.4.jar:3.2.4]
	at com.smartwatch.leaderboard.SmartwatchLeaderboard.main(SmartwatchLeaderboard.java:10) ~[classes/:na]

2026-09-02T19:59:39.645+05:30  WARN 22224 --- [smartwatch-leaderboard] [main] ConfigServletWebServerApplicationContext : Exception encountered during context initialization - cancelling refresh attempt: org.springframework.beans.factory.UnsatisfiedDependencyException: Error creating bean with name 'org.springframework.boot.autoconfigure.batch.BatchAutoConfiguration$SpringBootBatchConfiguration': Unsatisfied dependency expressed through constructor parameter 2: Error creating bean with name 'transactionManager' defined in class path resource [org/springframework/boot/autoconfigure/orm/jpa/HibernateJpaConfiguration.class]: Error creating bean with name 'batchDataSourceInitializer' defined in class path resource [org/springframework/boot/autoconfigure/batch/BatchAutoConfiguration$DataSourceInitializerConfiguration.class]: Failed to instantiate [org.springframework.boot.autoconfigure.batch.BatchDataSourceScriptDatabaseInitializer]: Factory method 'batchDataSourceInitializer' threw exception with message: Failed to determine DatabaseDriver
2026-09-02T19:59:39.683+05:30 DEBUG 22224 --- [smartwatch-leaderboard] [main] .s.b.a.l.ConditionEvaluationReportLogger : 


============================
CONDITIONS EVALUATION REPORT
============================


Positive matches:
-----------------

   AopAutoConfiguration matched:
      - @ConditionalOnProperty (spring.aop.auto=true) matched (OnPropertyCondition)

   AopAutoConfiguration.AspectJAutoProxyingConfiguration matched:
      - @ConditionalOnClass found required class 'org.aspectj.weaver.Advice' (OnClassCondition)

   AopAutoConfiguration.AspectJAutoProxyingConfiguration.CglibAutoProxyConfiguration matched:
      - @ConditionalOnProperty (spring.aop.proxy-target-class=true) matched (OnPropertyCondition)

   ApplicationAvailabilityAutoConfiguration#applicationAvailability matched:
      - @ConditionalOnMissingBean (types: org.springframework.boot.availability.ApplicationAvailability; SearchStrategy: all) did not find any beans (OnBeanCondition)

   BatchAutoConfiguration matched:
      - @ConditionalOnClass found required classes 'org.springframework.batch.core.launch.JobLauncher', 'javax.sql.DataSource', 'org.springframework.jdbc.datasource.init.DatabasePopulator' (OnClassCondition)
      - @ConditionalOnBean (types: javax.sql.DataSource,org.springframework.transaction.PlatformTransactionManager; SearchStrategy: all) found beans 'transactionManager', 'dataSource'; @ConditionalOnMissingBean (types: org.springframework.batch.core.configuration.support.DefaultBatchConfiguration; SearchStrategy: all) did not find any beans (OnBeanCondition)

   BatchAutoConfiguration#jobExecutionExitCodeGenerator matched:
      - @ConditionalOnMissingBean (types: org.springframework.boot.ExitCodeGenerator; SearchStrategy: all) did not find any beans (OnBeanCondition)

   BatchAutoConfiguration.DataSourceInitializerConfiguration matched:
      - BatchDatabase Initialization spring.batch.jdbc.initialize-schema is ALWAYS (BatchAutoConfiguration.OnBatchDatasourceInitializationCondition)

   BatchAutoConfiguration.DataSourceInitializerConfiguration#batchDataSourceInitializer matched:
      - @ConditionalOnMissingBean (types: org.springframework.boot.autoconfigure.batch.BatchDataSourceScriptDatabaseInitializer; SearchStrategy: all) did not find any beans (OnBeanCondition)

   BatchObservationAutoConfiguration matched:
      - @ConditionalOnClass found required classes 'io.micrometer.observation.ObservationRegistry', 'org.springframework.batch.core.configuration.annotation.BatchObservabilityBeanPostProcessor' (OnClassCondition)
      - @ConditionalOnBean (types: io.micrometer.observation.ObservationRegistry; SearchStrategy: all) found bean 'observationRegistry' (OnBeanCondition)

   BatchObservationAutoConfiguration#batchObservabilityBeanPostProcessor matched:
      - @ConditionalOnMissingBean (types: org.springframework.batch.core.configuration.annotation.BatchObservabilityBeanPostProcessor; SearchStrategy: all) did not find any beans (OnBeanCondition)

   CacheMeterBinderProvidersConfiguration matched:
      - @ConditionalOnClass found required class 'io.micrometer.core.instrument.binder.MeterBinder' (OnClassCondition)

   CompositeMeterRegistryAutoConfiguration matched:
      - @ConditionalOnClass found required class 'io.micrometer.core.instrument.composite.CompositeMeterRegistry' (OnClassCondition)

   DataSourceAutoConfiguration matched:
      - @ConditionalOnClass found required classes 'javax.sql.DataSource', 'org.springframework.jdbc.datasource.embedded.EmbeddedDatabaseType' (OnClassCondition)
      - @ConditionalOnMissingBean (types: io.r2dbc.spi.ConnectionFactory; SearchStrategy: all) did not find any beans (OnBeanCondition)

   DataSourceAutoConfiguration.PooledDataSourceConfiguration matched:
      - AnyNestedCondition 1 matched 1 did not; NestedCondition on DataSourceAutoConfiguration.PooledDataSourceCondition.PooledDataSourceAvailable PooledDataSource found supported DataSource; NestedCondition on DataSourceAutoConfiguration.PooledDataSourceCondition.ExplicitType @ConditionalOnProperty (spring.datasource.type) did not find property 'type' (DataSourceAutoConfiguration.PooledDataSourceCondition)
      - @ConditionalOnMissingBean (types: javax.sql.DataSource,javax.sql.XADataSource; SearchStrategy: all) did not find any beans (OnBeanCondition)

   DataSourceAutoConfiguration.PooledDataSourceConfiguration#jdbcConnectionDetails matched:
      - @ConditionalOnMissingBean (types: org.springframework.boot.autoconfigure.jdbc.JdbcConnectionDetails; SearchStrategy: all) did not find any beans (OnBeanCondition)

   DataSourceConfiguration.Hikari matched:
      - @ConditionalOnClass found required class 'com.zaxxer.hikari.HikariDataSource' (OnClassCondition)
      - @ConditionalOnProperty (spring.datasource.type=com.zaxxer.hikari.HikariDataSource) matched (OnPropertyCondition)
      - @ConditionalOnMissingBean (types: javax.sql.DataSource; SearchStrategy: all) did not find any beans (OnBeanCondition)

   DataSourceHealthContributorAutoConfiguration matched:
      - @ConditionalOnClass found required classes 'org.springframework.jdbc.core.JdbcTemplate', 'org.springframework.jdbc.datasource.lookup.AbstractRoutingDataSource' (OnClassCondition)
      - @ConditionalOnEnabledHealthIndicator management.health.defaults.enabled is considered true (OnEnabledHealthIndicatorCondition)
      - @ConditionalOnBean (types: javax.sql.DataSource; SearchStrategy: all) found bean 'dataSource' (OnBeanCondition)

   DataSourceHealthContributorAutoConfiguration#dbHealthContributor matched:
      - @ConditionalOnMissingBean (names: dbHealthIndicator,dbHealthContributor; SearchStrategy: all) did not find any beans (OnBeanCondition)

   DataSourceInitializationConfiguration matched:
      - @ConditionalOnClass found required class 'org.springframework.jdbc.datasource.init.DatabasePopulator' (OnClassCondition)
      - @ConditionalOnSingleCandidate (types: javax.sql.DataSource; SearchStrategy: all) found a single bean 'dataSource'; @ConditionalOnMissingBean (types: org.springframework.boot.autoconfigure.sql.init.SqlDataSourceScriptDatabaseInitializer,org.springframework.boot.autoconfigure.sql.init.SqlR2dbcScriptDatabaseInitializer; SearchStrategy: all) did not find any beans (OnBeanCondition)

   DataSourceJmxConfiguration matched:
      - @ConditionalOnProperty (spring.jmx.enabled=true) matched (OnPropertyCondition)

   DataSourceJmxConfiguration.Hikari matched:
      - @ConditionalOnClass found required class 'com.zaxxer.hikari.HikariDataSource' (OnClassCondition)
      - @ConditionalOnSingleCandidate (types: javax.sql.DataSource; SearchStrategy: all) found a single bean 'dataSource' (OnBeanCondition)

   DataSourcePoolMetadataProvidersConfiguration.HikariPoolDataSourceMetadataProviderConfiguration matched:
      - @ConditionalOnClass found required class 'com.zaxxer.hikari.HikariDataSource' (OnClassCondition)

   DataSourcePoolMetricsAutoConfiguration matched:
      - @ConditionalOnClass found required classes 'javax.sql.DataSource', 'io.micrometer.core.instrument.MeterRegistry' (OnClassCondition)
      - @ConditionalOnBean (types: javax.sql.DataSource,io.micrometer.core.instrument.MeterRegistry; SearchStrategy: all) found beans 'simpleMeterRegistry', 'dataSource' (OnBeanCondition)

   DataSourcePoolMetricsAutoConfiguration.DataSourcePoolMetadataMetricsConfiguration matched:
      - @ConditionalOnBean (types: org.springframework.boot.jdbc.metadata.DataSourcePoolMetadataProvider; SearchStrategy: all) found bean 'hikariPoolDataSourceMetadataProvider' (OnBeanCondition)

   DataSourcePoolMetricsAutoConfiguration.HikariDataSourceMetricsConfiguration matched:
      - @ConditionalOnClass found required class 'com.zaxxer.hikari.HikariDataSource' (OnClassCondition)

   DataSourceTransactionManagerAutoConfiguration matched:
      - @ConditionalOnClass found required classes 'org.springframework.jdbc.core.JdbcTemplate', 'org.springframework.transaction.TransactionManager' (OnClassCondition)

   DataSourceTransactionManagerAutoConfiguration.JdbcTransactionManagerConfiguration matched:
      - @ConditionalOnSingleCandidate (types: javax.sql.DataSource; SearchStrategy: all) found a single bean 'dataSource' (OnBeanCondition)

   DiskSpaceHealthContributorAutoConfiguration matched:
      - @ConditionalOnEnabledHealthIndicator management.health.defaults.enabled is considered true (OnEnabledHealthIndicatorCondition)

   DiskSpaceHealthContributorAutoConfiguration#diskSpaceHealthIndicator matched:
      - @ConditionalOnMissingBean (names: diskSpaceHealthIndicator; SearchStrategy: all) did not find any beans (OnBeanCondition)

   DispatcherServletAutoConfiguration matched:
      - @ConditionalOnClass found required class 'org.springframework.web.servlet.DispatcherServlet' (OnClassCondition)
      - found 'session' scope (OnWebApplicationCondition)

   DispatcherServletAutoConfiguration.DispatcherServletConfiguration matched:
      - @ConditionalOnClass found required class 'jakarta.servlet.ServletRegistration' (OnClassCondition)
      - Default DispatcherServlet did not find dispatcher servlet beans (DispatcherServletAutoConfiguration.DefaultDispatcherServletCondition)

   DispatcherServletAutoConfiguration.DispatcherServletRegistrationConfiguration matched:
      - @ConditionalOnClass found required class 'jakarta.servlet.ServletRegistration' (OnClassCondition)
      - DispatcherServlet Registration did not find servlet registration bean (DispatcherServletAutoConfiguration.DispatcherServletRegistrationCondition)

   DispatcherServletAutoConfiguration.DispatcherServletRegistrationConfiguration#dispatcherServletRegistration matched:
      - @ConditionalOnBean (names: dispatcherServlet types: org.springframework.web.servlet.DispatcherServlet; SearchStrategy: all) found bean 'dispatcherServlet' (OnBeanCondition)

   EmbeddedWebServerFactoryCustomizerAutoConfiguration matched:
      - @ConditionalOnWebApplication (required) found 'session' scope (OnWebApplicationCondition)
      - @ConditionalOnWarDeployment the application is not deployed as a WAR file. (OnWarDeploymentCondition)

   EmbeddedWebServerFactoryCustomizerAutoConfiguration.TomcatWebServerFactoryCustomizerConfiguration matched:
      - @ConditionalOnClass found required classes 'org.apache.catalina.startup.Tomcat', 'org.apache.coyote.UpgradeProtocol' (OnClassCondition)

   EndpointAutoConfiguration#endpointCachingOperationInvokerAdvisor matched:
      - @ConditionalOnMissingBean (types: org.springframework.boot.actuate.endpoint.invoker.cache.CachingOperationInvokerAdvisor; SearchStrategy: all) did not find any beans (OnBeanCondition)

   EndpointAutoConfiguration#endpointOperationParameterMapper matched:
      - @ConditionalOnMissingBean (types: org.springframework.boot.actuate.endpoint.invoke.ParameterValueMapper; SearchStrategy: all) did not find any beans (OnBeanCondition)

   ErrorMvcAutoConfiguration matched:
      - @ConditionalOnClass found required classes 'jakarta.servlet.Servlet', 'org.springframework.web.servlet.DispatcherServlet' (OnClassCondition)
      - found 'session' scope (OnWebApplicationCondition)

   ErrorMvcAutoConfiguration#basicErrorController matched:
      - @ConditionalOnMissingBean (types: org.springframework.boot.web.servlet.error.ErrorController; SearchStrategy: current) did not find any beans (OnBeanCondition)

   ErrorMvcAutoConfiguration#errorAttributes matched:
      - @ConditionalOnMissingBean (types: org.springframework.boot.web.servlet.error.ErrorAttributes; SearchStrategy: current) did not find any beans (OnBeanCondition)

   ErrorMvcAutoConfiguration.DefaultErrorViewResolverConfiguration#conventionErrorViewResolver matched:
      - @ConditionalOnBean (types: org.springframework.web.servlet.DispatcherServlet; SearchStrategy: all) found bean 'dispatcherServlet'; @ConditionalOnMissingBean (types: org.springframework.boot.autoconfigure.web.servlet.error.ErrorViewResolver; SearchStrategy: all) did not find any beans (OnBeanCondition)

   ErrorMvcAutoConfiguration.WhitelabelErrorViewConfiguration matched:
      - @ConditionalOnProperty (server.error.whitelabel.enabled) matched (OnPropertyCondition)
      - ErrorTemplate Missing did not find error template view (ErrorMvcAutoConfiguration.ErrorTemplateMissingCondition)

   ErrorMvcAutoConfiguration.WhitelabelErrorViewConfiguration#beanNameViewResolver matched:
      - @ConditionalOnMissingBean (types: org.springframework.web.servlet.view.BeanNameViewResolver; SearchStrategy: all) did not find any beans (OnBeanCondition)

   ErrorMvcAutoConfiguration.WhitelabelErrorViewConfiguration#defaultErrorView matched:
      - @ConditionalOnMissingBean (names: error; SearchStrategy: all) did not find any beans (OnBeanCondition)

   GenericCacheConfiguration matched:
      - Cache org.springframework.boot.autoconfigure.cache.GenericCacheConfiguration automatic cache type (CacheCondition)

   H2ConsoleAutoConfiguration matched:
      - @ConditionalOnClass found required class 'org.h2.server.web.JakartaWebServlet' (OnClassCondition)
      - found 'session' scope (OnWebApplicationCondition)
      - @ConditionalOnProperty (spring.h2.console.enabled=true) matched (OnPropertyCondition)

   HealthContributorAutoConfiguration#pingHealthContributor matched:
      - @ConditionalOnEnabledHealthIndicator management.health.defaults.enabled is considered true (OnEnabledHealthIndicatorCondition)

   HealthEndpointAutoConfiguration matched:
      - @ConditionalOnAvailableEndpoint marked as exposed by a 'management.endpoints.web.exposure' property (OnAvailableEndpointCondition)

   HealthEndpointConfiguration#healthContributorRegistry matched:
      - @ConditionalOnMissingBean (types: org.springframework.boot.actuate.health.HealthContributorRegistry; SearchStrategy: all) did not find any beans (OnBeanCondition)

   HealthEndpointConfiguration#healthEndpoint matched:
      - @ConditionalOnMissingBean (types: org.springframework.boot.actuate.health.HealthEndpoint; SearchStrategy: all) did not find any beans (OnBeanCondition)

   HealthEndpointConfiguration#healthEndpointGroupMembershipValidator matched:
      - @ConditionalOnProperty (management.endpoint.health.validate-group-membership=true) matched (OnPropertyCondition)

   HealthEndpointConfiguration#healthEndpointGroups matched:
      - @ConditionalOnMissingBean (types: org.springframework.boot.actuate.health.HealthEndpointGroups; SearchStrategy: all) did not find any beans (OnBeanCondition)

   HealthEndpointConfiguration#healthHttpCodeStatusMapper matched:
      - @ConditionalOnMissingBean (types: org.springframework.boot.actuate.health.HttpCodeStatusMapper; SearchStrategy: all) did not find any beans (OnBeanCondition)

   HealthEndpointConfiguration#healthStatusAggregator matched:
      - @ConditionalOnMissingBean (types: org.springframework.boot.actuate.health.StatusAggregator; SearchStrategy: all) did not find any beans (OnBeanCondition)

   HealthEndpointWebExtensionConfiguration matched:
      - found 'session' scope (OnWebApplicationCondition)
      - @ConditionalOnAvailableEndpoint marked as exposed by a 'management.endpoints.web.exposure' property (OnAvailableEndpointCondition)
      - @ConditionalOnBean (types: org.springframework.boot.actuate.health.HealthEndpoint; SearchStrategy: all) found bean 'healthEndpoint' (OnBeanCondition)

   HealthEndpointWebExtensionConfiguration#healthEndpointWebExtension matched:
      - @ConditionalOnMissingBean (types: org.springframework.boot.actuate.health.HealthEndpointWebExtension; SearchStrategy: all) did not find any beans (OnBeanCondition)

   HealthEndpointWebExtensionConfiguration.MvcAdditionalHealthEndpointPathsConfiguration matched:
      - @ConditionalOnAvailableEndpoint marked as exposed by a 'management.endpoints.web.exposure' property (OnAvailableEndpointCondition)
      - @ConditionalOnBean (types: org.springframework.web.servlet.DispatcherServlet; SearchStrategy: all) found bean 'dispatcherServlet' (OnBeanCondition)

   HibernateJpaAutoConfiguration matched:
      - @ConditionalOnClass found required classes 'org.springframework.orm.jpa.LocalContainerEntityManagerFactoryBean', 'jakarta.persistence.EntityManager', 'org.hibernate.engine.spi.SessionImplementor' (OnClassCondition)

   HibernateJpaConfiguration matched:
      - @ConditionalOnSingleCandidate (types: javax.sql.DataSource; SearchStrategy: all) found a single bean 'dataSource' (OnBeanCondition)

   HttpClientObservationsAutoConfiguration matched:
      - @ConditionalOnClass found required class 'io.micrometer.observation.Observation' (OnClassCondition)
      - @ConditionalOnBean (types: io.micrometer.observation.ObservationRegistry; SearchStrategy: all) found bean 'observationRegistry' (OnBeanCondition)

   HttpClientObservationsAutoConfiguration.MeterFilterConfiguration matched:
      - @ConditionalOnClass found required class 'io.micrometer.core.instrument.MeterRegistry' (OnClassCondition)
      - @ConditionalOnBean (types: io.micrometer.core.instrument.MeterRegistry; SearchStrategy: all) found bean 'simpleMeterRegistry' (OnBeanCondition)

   HttpEncodingAutoConfiguration matched:
      - @ConditionalOnClass found required class 'org.springframework.web.filter.CharacterEncodingFilter' (OnClassCondition)
      - found 'session' scope (OnWebApplicationCondition)
      - @ConditionalOnProperty (server.servlet.encoding.enabled) matched (OnPropertyCondition)

   HttpEncodingAutoConfiguration#characterEncodingFilter matched:
      - @ConditionalOnMissingBean (types: org.springframework.web.filter.CharacterEncodingFilter; SearchStrategy: all) did not find any beans (OnBeanCondition)

   HttpMessageConvertersAutoConfiguration matched:
      - @ConditionalOnClass found required class 'org.springframework.http.converter.HttpMessageConverter' (OnClassCondition)
      - NoneNestedConditions 0 matched 1 did not; NestedCondition on HttpMessageConvertersAutoConfiguration.NotReactiveWebApplicationCondition.ReactiveWebApplication did not find reactive web application classes (HttpMessageConvertersAutoConfiguration.NotReactiveWebApplicationCondition)

   HttpMessageConvertersAutoConfiguration#messageConverters matched:
      - @ConditionalOnMissingBean (types: org.springframework.boot.autoconfigure.http.HttpMessageConverters; SearchStrategy: all) did not find any beans (OnBeanCondition)

   HttpMessageConvertersAutoConfiguration.StringHttpMessageConverterConfiguration matched:
      - @ConditionalOnClass found required class 'org.springframework.http.converter.StringHttpMessageConverter' (OnClassCondition)

   HttpMessageConvertersAutoConfiguration.StringHttpMessageConverterConfiguration#stringHttpMessageConverter matched:
      - @ConditionalOnMissingBean (types: org.springframework.http.converter.StringHttpMessageConverter; SearchStrategy: all) did not find any beans (OnBeanCondition)

   JacksonAutoConfiguration matched:
      - @ConditionalOnClass found required class 'com.fasterxml.jackson.databind.ObjectMapper' (OnClassCondition)

   JacksonAutoConfiguration.Jackson2ObjectMapperBuilderCustomizerConfiguration matched:
      - @ConditionalOnClass found required class 'org.springframework.http.converter.json.Jackson2ObjectMapperBuilder' (OnClassCondition)

   JacksonAutoConfiguration.JacksonObjectMapperBuilderConfiguration matched:
      - @ConditionalOnClass found required class 'org.springframework.http.converter.json.Jackson2ObjectMapperBuilder' (OnClassCondition)

   JacksonAutoConfiguration.JacksonObjectMapperBuilderConfiguration#jacksonObjectMapperBuilder matched:
      - @ConditionalOnMissingBean (types: org.springframework.http.converter.json.Jackson2ObjectMapperBuilder; SearchStrategy: all) did not find any beans (OnBeanCondition)

   JacksonAutoConfiguration.JacksonObjectMapperConfiguration matched:
      - @ConditionalOnClass found required class 'org.springframework.http.converter.json.Jackson2ObjectMapperBuilder' (OnClassCondition)

   JacksonAutoConfiguration.JacksonObjectMapperConfiguration#jacksonObjectMapper matched:
      - @ConditionalOnMissingBean (types: com.fasterxml.jackson.databind.ObjectMapper; SearchStrategy: all) did not find any beans (OnBeanCondition)

   JacksonAutoConfiguration.ParameterNamesModuleConfiguration matched:
      - @ConditionalOnClass found required class 'com.fasterxml.jackson.module.paramnames.ParameterNamesModule' (OnClassCondition)

   JacksonAutoConfiguration.ParameterNamesModuleConfiguration#parameterNamesModule matched:
      - @ConditionalOnMissingBean (types: com.fasterxml.jackson.module.paramnames.ParameterNamesModule; SearchStrategy: all) did not find any beans (OnBeanCondition)

   JacksonEndpointAutoConfiguration#endpointObjectMapper matched:
      - @ConditionalOnClass found required classes 'com.fasterxml.jackson.databind.ObjectMapper', 'org.springframework.http.converter.json.Jackson2ObjectMapperBuilder' (OnClassCondition)
      - @ConditionalOnProperty (management.endpoints.jackson.isolated-object-mapper) matched (OnPropertyCondition)

   JacksonHttpMessageConvertersConfiguration.MappingJackson2HttpMessageConverterConfiguration matched:
      - @ConditionalOnClass found required class 'com.fasterxml.jackson.databind.ObjectMapper' (OnClassCondition)
      - @ConditionalOnProperty (spring.mvc.converters.preferred-json-mapper=jackson) matched (OnPropertyCondition)
      - @ConditionalOnBean (types: com.fasterxml.jackson.databind.ObjectMapper; SearchStrategy: all) found bean 'jacksonObjectMapper' (OnBeanCondition)

   JacksonHttpMessageConvertersConfiguration.MappingJackson2HttpMessageConverterConfiguration#mappingJackson2HttpMessageConverter matched:
      - @ConditionalOnMissingBean (types: org.springframework.http.converter.json.MappingJackson2HttpMessageConverter ignored: org.springframework.hateoas.server.mvc.TypeConstrainedMappingJackson2HttpMessageConverter,org.springframework.data.rest.webmvc.alps.AlpsJsonHttpMessageConverter; SearchStrategy: all) did not find any beans (OnBeanCondition)

   JdbcClientAutoConfiguration matched:
      - @ConditionalOnSingleCandidate (types: org.springframework.jdbc.core.namedparam.NamedParameterJdbcTemplate; SearchStrategy: all) found a single bean 'namedParameterJdbcTemplate'; @ConditionalOnMissingBean (types: org.springframework.jdbc.core.simple.JdbcClient; SearchStrategy: all) did not find any beans (OnBeanCondition)

   JdbcTemplateAutoConfiguration matched:
      - @ConditionalOnClass found required classes 'javax.sql.DataSource', 'org.springframework.jdbc.core.JdbcTemplate' (OnClassCondition)
      - @ConditionalOnSingleCandidate (types: javax.sql.DataSource; SearchStrategy: all) found a single bean 'dataSource' (OnBeanCondition)

   JdbcTemplateConfiguration matched:
      - @ConditionalOnMissingBean (types: org.springframework.jdbc.core.JdbcOperations; SearchStrategy: all) did not find any beans (OnBeanCondition)

   JpaBaseConfiguration#entityManagerFactory matched:
      - @ConditionalOnMissingBean (types: org.springframework.orm.jpa.LocalContainerEntityManagerFactoryBean,jakarta.persistence.EntityManagerFactory; SearchStrategy: all) did not find any beans (OnBeanCondition)

   JpaBaseConfiguration#entityManagerFactoryBuilder matched:
      - @ConditionalOnMissingBean (types: org.springframework.boot.orm.jpa.EntityManagerFactoryBuilder; SearchStrategy: all) did not find any beans (OnBeanCondition)

   JpaBaseConfiguration#jpaVendorAdapter matched:
      - @ConditionalOnMissingBean (types: org.springframework.orm.jpa.JpaVendorAdapter; SearchStrategy: all) did not find any beans (OnBeanCondition)

   JpaBaseConfiguration#transactionManager matched:
      - @ConditionalOnMissingBean (types: org.springframework.transaction.TransactionManager; SearchStrategy: all) did not find any beans (OnBeanCondition)

   JpaBaseConfiguration.PersistenceManagedTypesConfiguration matched:
      - @ConditionalOnMissingBean (types: org.springframework.orm.jpa.LocalContainerEntityManagerFactoryBean,jakarta.persistence.EntityManagerFactory; SearchStrategy: all) did not find any beans (OnBeanCondition)

   JpaBaseConfiguration.PersistenceManagedTypesConfiguration#persistenceManagedTypes matched:
      - @ConditionalOnMissingBean (types: org.springframework.orm.jpa.persistenceunit.PersistenceManagedTypes; SearchStrategy: all) did not find any beans (OnBeanCondition)

   JpaRepositoriesAutoConfiguration matched:
      - @ConditionalOnClass found required class 'org.springframework.data.jpa.repository.JpaRepository' (OnClassCondition)
      - @ConditionalOnProperty (spring.data.jpa.repositories.enabled=true) matched (OnPropertyCondition)
      - @ConditionalOnBean (types: javax.sql.DataSource; SearchStrategy: all) found bean 'dataSource'; @ConditionalOnMissingBean (types: org.springframework.data.jpa.repository.support.JpaRepositoryFactoryBean,org.springframework.data.jpa.repository.config.JpaRepositoryConfigExtension; SearchStrategy: all) did not find any beans (OnBeanCondition)

   JtaAutoConfiguration matched:
      - @ConditionalOnClass found required class 'jakarta.transaction.Transaction' (OnClassCondition)
      - @ConditionalOnProperty (spring.jta.enabled) matched (OnPropertyCondition)

   JvmMetricsAutoConfiguration matched:
      - @ConditionalOnClass found required class 'io.micrometer.core.instrument.MeterRegistry' (OnClassCondition)
      - @ConditionalOnBean (types: io.micrometer.core.instrument.MeterRegistry; SearchStrategy: all) found bean 'simpleMeterRegistry' (OnBeanCondition)

   JvmMetricsAutoConfiguration#classLoaderMetrics matched:
      - @ConditionalOnMissingBean (types: io.micrometer.core.instrument.binder.jvm.ClassLoaderMetrics; SearchStrategy: all) did not find any beans (OnBeanCondition)

   JvmMetricsAutoConfiguration#jvmCompilationMetrics matched:
      - @ConditionalOnMissingBean (types: io.micrometer.core.instrument.binder.jvm.JvmCompilationMetrics; SearchStrategy: all) did not find any beans (OnBeanCondition)

   JvmMetricsAutoConfiguration#jvmGcMetrics matched:
      - @ConditionalOnMissingBean (types: io.micrometer.core.instrument.binder.jvm.JvmGcMetrics; SearchStrategy: all) did not find any beans (OnBeanCondition)

   JvmMetricsAutoConfiguration#jvmHeapPressureMetrics matched:
      - @ConditionalOnMissingBean (types: io.micrometer.core.instrument.binder.jvm.JvmHeapPressureMetrics; SearchStrategy: all) did not find any beans (OnBeanCondition)

   JvmMetricsAutoConfiguration#jvmInfoMetrics matched:
      - @ConditionalOnMissingBean (types: io.micrometer.core.instrument.binder.jvm.JvmInfoMetrics; SearchStrategy: all) did not find any beans (OnBeanCondition)

   JvmMetricsAutoConfiguration#jvmMemoryMetrics matched:
      - @ConditionalOnMissingBean (types: io.micrometer.core.instrument.binder.jvm.JvmMemoryMetrics; SearchStrategy: all) did not find any beans (OnBeanCondition)

   JvmMetricsAutoConfiguration#jvmThreadMetrics matched:
      - @ConditionalOnMissingBean (types: io.micrometer.core.instrument.binder.jvm.JvmThreadMetrics; SearchStrategy: all) did not find any beans (OnBeanCondition)

   KafkaAnnotationDrivenConfiguration matched:
      - @ConditionalOnClass found required class 'org.springframework.kafka.annotation.EnableKafka' (OnClassCondition)

   KafkaAnnotationDrivenConfiguration#kafkaListenerContainerFactory matched:
      - @ConditionalOnMissingBean (names: kafkaListenerContainerFactory; SearchStrategy: all) did not find any beans (OnBeanCondition)

   KafkaAnnotationDrivenConfiguration#kafkaListenerContainerFactoryConfigurer matched:
      - @ConditionalOnMissingBean (types: org.springframework.boot.autoconfigure.kafka.ConcurrentKafkaListenerContainerFactoryConfigurer; SearchStrategy: all) did not find any beans (OnBeanCondition)
      - @ConditionalOnThreading found PLATFORM (OnThreadingCondition)

   KafkaAnnotationDrivenConfiguration.EnableKafkaConfiguration matched:
      - @ConditionalOnMissingBean (names: org.springframework.kafka.config.internalKafkaListenerAnnotationProcessor; SearchStrategy: all) did not find any beans (OnBeanCondition)

   KafkaAutoConfiguration matched:
      - @ConditionalOnClass found required class 'org.springframework.kafka.core.KafkaTemplate' (OnClassCondition)

   KafkaAutoConfiguration#kafkaAdmin matched:
      - @ConditionalOnMissingBean (types: org.springframework.kafka.core.KafkaAdmin; SearchStrategy: all) did not find any beans (OnBeanCondition)

   KafkaAutoConfiguration#kafkaConnectionDetails matched:
      - @ConditionalOnMissingBean (types: org.springframework.boot.autoconfigure.kafka.KafkaConnectionDetails; SearchStrategy: all) did not find any beans (OnBeanCondition)

   KafkaAutoConfiguration#kafkaConsumerFactory matched:
      - @ConditionalOnMissingBean (types: org.springframework.kafka.core.ConsumerFactory; SearchStrategy: all) did not find any beans (OnBeanCondition)

   KafkaAutoConfiguration#kafkaProducerFactory matched:
      - @ConditionalOnMissingBean (types: org.springframework.kafka.core.ProducerFactory; SearchStrategy: all) did not find any beans (OnBeanCondition)

   KafkaAutoConfiguration#kafkaProducerListener matched:
      - @ConditionalOnMissingBean (types: org.springframework.kafka.support.ProducerListener; SearchStrategy: all) did not find any beans (OnBeanCondition)

   KafkaAutoConfiguration#kafkaTemplate matched:
      - @ConditionalOnMissingBean (types: org.springframework.kafka.core.KafkaTemplate; SearchStrategy: all) did not find any beans (OnBeanCondition)

   KafkaMetricsAutoConfiguration matched:
      - @ConditionalOnClass found required classes 'io.micrometer.core.instrument.binder.kafka.KafkaClientMetrics', 'org.springframework.kafka.core.ProducerFactory' (OnClassCondition)
      - @ConditionalOnBean (types: io.micrometer.core.instrument.MeterRegistry; SearchStrategy: all) found bean 'simpleMeterRegistry' (OnBeanCondition)

   KafkaMetricsAutoConfiguration.KafkaStreamsMetricsConfiguration matched:
      - @ConditionalOnClass found required classes 'io.micrometer.core.instrument.binder.kafka.KafkaStreamsMetrics', 'org.springframework.kafka.config.StreamsBuilderFactoryBean' (OnClassCondition)

   LifecycleAutoConfiguration#defaultLifecycleProcessor matched:
      - @ConditionalOnMissingBean (names: lifecycleProcessor; SearchStrategy: current) did not find any beans (OnBeanCondition)

   LogbackMetricsAutoConfiguration matched:
      - @ConditionalOnClass found required classes 'io.micrometer.core.instrument.MeterRegistry', 'ch.qos.logback.classic.LoggerContext', 'org.slf4j.LoggerFactory' (OnClassCondition)
      - LogbackLoggingCondition ILoggerFactory is a Logback LoggerContext (LogbackMetricsAutoConfiguration.LogbackLoggingCondition)
      - @ConditionalOnBean (types: io.micrometer.core.instrument.MeterRegistry; SearchStrategy: all) found bean 'simpleMeterRegistry' (OnBeanCondition)

   LogbackMetricsAutoConfiguration#logbackMetrics matched:
      - @ConditionalOnMissingBean (types: io.micrometer.core.instrument.binder.logging.LogbackMetrics; SearchStrategy: all) did not find any beans (OnBeanCondition)

   ManagementContextAutoConfiguration.SameManagementContextConfiguration matched:
      - Management Port actual port type (SAME) matched required type (OnManagementPortCondition)

   MetricsAutoConfiguration matched:
      - @ConditionalOnClass found required class 'io.micrometer.core.annotation.Timed' (OnClassCondition)

   MetricsAutoConfiguration#micrometerClock matched:
      - @ConditionalOnMissingBean (types: io.micrometer.core.instrument.Clock; SearchStrategy: all) did not find any beans (OnBeanCondition)

   MultipartAutoConfiguration matched:
      - @ConditionalOnClass found required classes 'jakarta.servlet.Servlet', 'org.springframework.web.multipart.support.StandardServletMultipartResolver', 'jakarta.servlet.MultipartConfigElement' (OnClassCondition)
      - found 'session' scope (OnWebApplicationCondition)
      - @ConditionalOnProperty (spring.servlet.multipart.enabled) matched (OnPropertyCondition)

   MultipartAutoConfiguration#multipartConfigElement matched:
      - @ConditionalOnMissingBean (types: jakarta.servlet.MultipartConfigElement; SearchStrategy: all) did not find any beans (OnBeanCondition)

   MultipartAutoConfiguration#multipartResolver matched:
      - @ConditionalOnMissingBean (types: org.springframework.web.multipart.MultipartResolver; SearchStrategy: all) did not find any beans (OnBeanCondition)

   NamedParameterJdbcTemplateConfiguration matched:
      - @ConditionalOnSingleCandidate (types: org.springframework.jdbc.core.JdbcTemplate; SearchStrategy: all) found a single bean 'jdbcTemplate'; @ConditionalOnMissingBean (types: org.springframework.jdbc.core.namedparam.NamedParameterJdbcOperations; SearchStrategy: all) did not find any beans (OnBeanCondition)

   NoOpCacheConfiguration matched:
      - Cache org.springframework.boot.autoconfigure.cache.NoOpCacheConfiguration automatic cache type (CacheCondition)

   ObservationAutoConfiguration matched:
      - @ConditionalOnClass found required class 'io.micrometer.observation.ObservationRegistry' (OnClassCondition)

   ObservationAutoConfiguration#observationRegistry matched:
      - @ConditionalOnMissingBean (types: io.micrometer.observation.ObservationRegistry; SearchStrategy: all) did not find any beans (OnBeanCondition)

   ObservationAutoConfiguration.MeterObservationHandlerConfiguration matched:
      - @ConditionalOnBean (types: io.micrometer.core.instrument.MeterRegistry; SearchStrategy: all) found bean 'simpleMeterRegistry'; @ConditionalOnMissingBean (types: io.micrometer.core.instrument.observation.MeterObservationHandler; SearchStrategy: all) did not find any beans (OnBeanCondition)

   ObservationAutoConfiguration.MeterObservationHandlerConfiguration.OnlyMetricsMeterObservationHandlerConfiguration matched:
      - @ConditionalOnMissingBean (types: io.micrometer.tracing.Tracer; SearchStrategy: all) did not find any beans (OnBeanCondition)

   ObservationAutoConfiguration.ObservedAspectConfiguration matched:
      - @ConditionalOnClass found required class 'org.aspectj.weaver.Advice' (OnClassCondition)

   ObservationAutoConfiguration.ObservedAspectConfiguration#observedAspect matched:
      - @ConditionalOnMissingBean (types: io.micrometer.observation.aop.ObservedAspect; SearchStrategy: all) did not find any beans (OnBeanCondition)

   ObservationAutoConfiguration.OnlyMetricsConfiguration matched:
      - @ConditionalOnClass found required class 'io.micrometer.core.instrument.MeterRegistry'; @ConditionalOnMissingClass did not find unwanted class 'io.micrometer.tracing.Tracer' (OnClassCondition)

   PersistenceExceptionTranslationAutoConfiguration matched:
      - @ConditionalOnClass found required class 'org.springframework.dao.annotation.PersistenceExceptionTranslationPostProcessor' (OnClassCondition)

   PersistenceExceptionTranslationAutoConfiguration#persistenceExceptionTranslationPostProcessor matched:
      - @ConditionalOnProperty (spring.dao.exceptiontranslation.enabled) matched (OnPropertyCondition)
      - @ConditionalOnMissingBean (types: org.springframework.dao.annotation.PersistenceExceptionTranslationPostProcessor; SearchStrategy: all) did not find any beans (OnBeanCondition)

   PropertyPlaceholderAutoConfiguration#propertySourcesPlaceholderConfigurer matched:
      - @ConditionalOnMissingBean (types: org.springframework.context.support.PropertySourcesPlaceholderConfigurer; SearchStrategy: current) did not find any beans (OnBeanCondition)

   RepositoryMetricsAutoConfiguration matched:
      - @ConditionalOnClass found required class 'org.springframework.data.repository.Repository' (OnClassCondition)
      - @ConditionalOnBean (types: io.micrometer.core.instrument.MeterRegistry; SearchStrategy: all) found bean 'simpleMeterRegistry' (OnBeanCondition)

   RepositoryMetricsAutoConfiguration#metricsRepositoryMethodInvocationListener matched:
      - @ConditionalOnMissingBean (types: org.springframework.boot.actuate.metrics.data.MetricsRepositoryMethodInvocationListener; SearchStrategy: all) did not find any beans (OnBeanCondition)

   RepositoryMetricsAutoConfiguration#repositoryTagsProvider matched:
      - @ConditionalOnMissingBean (types: org.springframework.boot.actuate.metrics.data.RepositoryTagsProvider; SearchStrategy: all) did not find any beans (OnBeanCondition)

   RestClientAutoConfiguration matched:
      - @ConditionalOnClass found required class 'org.springframework.web.client.RestClient' (OnClassCondition)
      - NoneNestedConditions 0 matched 1 did not; NestedCondition on NotReactiveWebApplicationCondition.ReactiveWebApplication did not find reactive web application classes (NotReactiveWebApplicationCondition)

   RestClientAutoConfiguration#httpMessageConvertersRestClientCustomizer matched:
      - @ConditionalOnMissingBean (types: org.springframework.boot.autoconfigure.web.client.HttpMessageConvertersRestClientCustomizer; SearchStrategy: all) did not find any beans (OnBeanCondition)

   RestClientAutoConfiguration#restClientBuilder matched:
      - @ConditionalOnMissingBean (types: org.springframework.web.client.RestClient$Builder; SearchStrategy: all) did not find any beans (OnBeanCondition)

   RestClientAutoConfiguration#restClientBuilderConfigurer matched:
      - @ConditionalOnMissingBean (types: org.springframework.boot.autoconfigure.web.client.RestClientBuilderConfigurer; SearchStrategy: all) did not find any beans (OnBeanCondition)

   RestClientAutoConfiguration#restClientSsl matched:
      - @ConditionalOnBean (types: org.springframework.boot.ssl.SslBundles; SearchStrategy: all) found bean 'sslBundleRegistry'; @ConditionalOnMissingBean (types: org.springframework.boot.autoconfigure.web.client.RestClientSsl; SearchStrategy: all) did not find any beans (OnBeanCondition)

   RestClientObservationConfiguration matched:
      - @ConditionalOnClass found required class 'org.springframework.web.client.RestClient' (OnClassCondition)
      - @ConditionalOnBean (types: org.springframework.web.client.RestClient$Builder; SearchStrategy: all) found bean 'restClientBuilder' (OnBeanCondition)

   RestTemplateAutoConfiguration matched:
      - @ConditionalOnClass found required class 'org.springframework.web.client.RestTemplate' (OnClassCondition)
      - NoneNestedConditions 0 matched 1 did not; NestedCondition on NotReactiveWebApplicationCondition.ReactiveWebApplication did not find reactive web application classes (NotReactiveWebApplicationCondition)

   RestTemplateAutoConfiguration#restTemplateBuilder matched:
      - @ConditionalOnMissingBean (types: org.springframework.boot.web.client.RestTemplateBuilder; SearchStrategy: all) did not find any beans (OnBeanCondition)

   RestTemplateObservationConfiguration matched:
      - @ConditionalOnClass found required class 'org.springframework.web.client.RestTemplate' (OnClassCondition)
      - @ConditionalOnBean (types: org.springframework.boot.web.client.RestTemplateBuilder; SearchStrategy: all) found bean 'restTemplateBuilder' (OnBeanCondition)

   ScheduledTasksObservabilityAutoConfiguration matched:
      - @ConditionalOnClass found required class 'org.springframework.scheduling.concurrent.ThreadPoolTaskScheduler' (OnClassCondition)
      - @ConditionalOnBean (types: io.micrometer.observation.ObservationRegistry; SearchStrategy: all) found bean 'observationRegistry' (OnBeanCondition)

   SecurityAutoConfiguration matched:
      - @ConditionalOnClass found required class 'org.springframework.security.authentication.DefaultAuthenticationEventPublisher' (OnClassCondition)

   SecurityAutoConfiguration#authenticationEventPublisher matched:
      - @ConditionalOnMissingBean (types: org.springframework.security.authentication.AuthenticationEventPublisher; SearchStrategy: all) did not find any beans (OnBeanCondition)

   SecurityFilterAutoConfiguration matched:
      - @ConditionalOnClass found required classes 'org.springframework.security.web.context.AbstractSecurityWebApplicationInitializer', 'org.springframework.security.config.http.SessionCreationPolicy' (OnClassCondition)
      - found 'session' scope (OnWebApplicationCondition)

   SecurityFilterAutoConfiguration#securityFilterChainRegistration matched:
      - @ConditionalOnBean (names: springSecurityFilterChain; SearchStrategy: all) found bean 'springSecurityFilterChain' (OnBeanCondition)

   SecurityRequestMatchersManagementContextConfiguration matched:
      - @ConditionalOnClass found required class 'org.springframework.security.web.util.matcher.RequestMatcher' (OnClassCondition)
      - found 'session' scope (OnWebApplicationCondition)

   SecurityRequestMatchersManagementContextConfiguration.MvcRequestMatcherConfiguration matched:
      - @ConditionalOnClass found required class 'org.springframework.web.servlet.DispatcherServlet' (OnClassCondition)
      - @ConditionalOnBean (types: org.springframework.boot.autoconfigure.web.servlet.DispatcherServletPath; SearchStrategy: all) found bean 'dispatcherServletRegistration' (OnBeanCondition)

   SecurityRequestMatchersManagementContextConfiguration.MvcRequestMatcherConfiguration#requestMatcherProvider matched:
      - @ConditionalOnClass found required class 'org.springframework.web.servlet.DispatcherServlet' (OnClassCondition)
      - @ConditionalOnMissingBean (types: org.springframework.boot.autoconfigure.security.servlet.RequestMatcherProvider; SearchStrategy: all) did not find any beans (OnBeanCondition)

   ServletEndpointManagementContextConfiguration matched:
      - found 'session' scope (OnWebApplicationCondition)

   ServletEndpointManagementContextConfiguration.WebMvcServletEndpointManagementContextConfiguration matched:
      - @ConditionalOnClass found required class 'org.springframework.web.servlet.DispatcherServlet' (OnClassCondition)

   ServletManagementContextAutoConfiguration matched:
      - @ConditionalOnClass found required class 'jakarta.servlet.Servlet' (OnClassCondition)
      - found 'session' scope (OnWebApplicationCondition)

   ServletWebServerFactoryAutoConfiguration matched:
      - @ConditionalOnClass found required class 'jakarta.servlet.ServletRequest' (OnClassCondition)
      - found 'session' scope (OnWebApplicationCondition)

   ServletWebServerFactoryAutoConfiguration#tomcatServletWebServerFactoryCustomizer matched:
      - @ConditionalOnClass found required class 'org.apache.catalina.startup.Tomcat' (OnClassCondition)

   ServletWebServerFactoryConfiguration.EmbeddedTomcat matched:
      - @ConditionalOnClass found required classes 'jakarta.servlet.Servlet', 'org.apache.catalina.startup.Tomcat', 'org.apache.coyote.UpgradeProtocol' (OnClassCondition)
      - @ConditionalOnMissingBean (types: org.springframework.boot.web.servlet.server.ServletWebServerFactory; SearchStrategy: current) did not find any beans (OnBeanCondition)

   SimpleCacheConfiguration matched:
      - Cache org.springframework.boot.autoconfigure.cache.SimpleCacheConfiguration automatic cache type (CacheCondition)

   SimpleMetricsExportAutoConfiguration matched:
      - @ConditionalOnEnabledMetricsExport management.defaults.metrics.export.enabled is considered true (OnMetricsExportEnabledCondition)
      - @ConditionalOnBean (types: io.micrometer.core.instrument.Clock; SearchStrategy: all) found bean 'micrometerClock'; @ConditionalOnMissingBean (types: io.micrometer.core.instrument.MeterRegistry; SearchStrategy: all) did not find any beans (OnBeanCondition)

   SimpleMetricsExportAutoConfiguration#simpleConfig matched:
      - @ConditionalOnMissingBean (types: io.micrometer.core.instrument.simple.SimpleConfig; SearchStrategy: all) did not find any beans (OnBeanCondition)

   SpringBootWebSecurityConfiguration matched:
      - found 'session' scope (OnWebApplicationCondition)

   SpringDataWebAutoConfiguration matched:
      - @ConditionalOnClass found required classes 'org.springframework.data.web.PageableHandlerMethodArgumentResolver', 'org.springframework.web.servlet.config.annotation.WebMvcConfigurer' (OnClassCondition)
      - found 'session' scope (OnWebApplicationCondition)
      - @ConditionalOnMissingBean (types: org.springframework.data.web.PageableHandlerMethodArgumentResolver; SearchStrategy: all) did not find any beans (OnBeanCondition)

   SpringDataWebAutoConfiguration#pageableCustomizer matched:
      - @ConditionalOnMissingBean (types: org.springframework.data.web.config.PageableHandlerMethodArgumentResolverCustomizer; SearchStrategy: all) did not find any beans (OnBeanCondition)

   SpringDataWebAutoConfiguration#sortCustomizer matched:
      - @ConditionalOnMissingBean (types: org.springframework.data.web.config.SortHandlerMethodArgumentResolverCustomizer; SearchStrategy: all) did not find any beans (OnBeanCondition)

   SpringDocConfigProperties matched:
      - @ConditionalOnProperty (springdoc.api-docs.enabled) matched (OnPropertyCondition)
      - @ConditionalOnBean (types: org.springdoc.core.configuration.SpringDocConfiguration; SearchStrategy: all) found bean 'org.springdoc.core.configuration.SpringDocConfiguration' (OnBeanCondition)

   SpringDocConfiguration matched:
      - @ConditionalOnWebApplication (required) found 'session' scope (OnWebApplicationCondition)
      - @ConditionalOnProperty (springdoc.api-docs.enabled) matched (OnPropertyCondition)

   SpringDocConfiguration#fileSupportConverter matched:
      - @ConditionalOnMissingBean (types: org.springdoc.core.converters.FileSupportConverter; SearchStrategy: all) did not find any beans (OnBeanCondition)

   SpringDocConfiguration#openAPIBuilder matched:
      - @ConditionalOnMissingBean (types: org.springdoc.core.service.OpenAPIService; SearchStrategy: all) did not find any beans (OnBeanCondition)

   SpringDocConfiguration#operationBuilder matched:
      - @ConditionalOnMissingBean (types: org.springdoc.core.service.OperationService; SearchStrategy: all) did not find any beans (OnBeanCondition)

   SpringDocConfiguration#parameterBuilder matched:
      - @ConditionalOnMissingBean (types: org.springdoc.core.service.GenericParameterService; SearchStrategy: all) did not find any beans (OnBeanCondition)

   SpringDocConfiguration#polymorphicModelConverter matched:
      - @ConditionalOnProperty (springdoc.model-converters.polymorphic-converter.enabled) matched (OnPropertyCondition)
      - @ConditionalOnMissingBean (types: org.springdoc.core.converters.PolymorphicModelConverter; SearchStrategy: all) did not find any beans (OnBeanCondition)

   SpringDocConfiguration#requestBodyBuilder matched:
      - @ConditionalOnMissingBean (types: org.springdoc.core.service.RequestBodyService; SearchStrategy: all) did not find any beans (OnBeanCondition)

   SpringDocConfiguration#responseSupportConverter matched:
      - @ConditionalOnMissingBean (types: org.springdoc.core.converters.ResponseSupportConverter; SearchStrategy: all) did not find any beans (OnBeanCondition)

   SpringDocConfiguration#schemaPropertyDeprecatingConverter matched:
      - @ConditionalOnProperty (springdoc.model-converters.deprecating-converter.enabled) matched (OnPropertyCondition)
      - @ConditionalOnMissingBean (types: org.springdoc.core.converters.SchemaPropertyDeprecatingConverter; SearchStrategy: all) did not find any beans (OnBeanCondition)

   SpringDocConfiguration#securityParser matched:
      - @ConditionalOnMissingBean (types: org.springdoc.core.service.SecurityService; SearchStrategy: all) did not find any beans (OnBeanCondition)

   SpringDocConfiguration#springDocCustomizers matched:
      - @ConditionalOnMissingBean (types: org.springdoc.core.customizers.SpringDocCustomizers; SearchStrategy: all) did not find any beans (OnBeanCondition)

   SpringDocConfiguration#springDocProviders matched:
      - @ConditionalOnMissingBean (types: org.springdoc.core.providers.SpringDocProviders; SearchStrategy: all) did not find any beans (OnBeanCondition)

   SpringDocConfiguration#springdocObjectMapperProvider matched:
      - @ConditionalOnMissingBean (types: org.springdoc.core.providers.ObjectMapperProvider; SearchStrategy: all) did not find any beans (OnBeanCondition)

   SpringDocConfiguration.QuerydslProvider matched:
      - @ConditionalOnClass found required class 'org.springframework.data.querydsl.binding.QuerydslBindingsFactory' (OnClassCondition)

   SpringDocConfiguration.QuerydslProvider#queryDslQuerydslPredicateOperationCustomizer matched:
      - @ConditionalOnMissingBean (types: org.springdoc.core.customizers.QuerydslPredicateOperationCustomizer; SearchStrategy: all) did not find any beans (OnBeanCondition)

   SpringDocConfiguration.SpringDocSpringDataWebPropertiesProvider matched:
      - @ConditionalOnClass found required class 'org.springframework.boot.autoconfigure.data.web.SpringDataWebProperties' (OnClassCondition)

   SpringDocConfiguration.SpringDocSpringDataWebPropertiesProvider#springDataWebPropertiesProvider matched:
      - @ConditionalOnMissingBean (types: org.springdoc.core.providers.SpringDataWebPropertiesProvider; SearchStrategy: all) did not find any beans (OnBeanCondition)

   SpringDocConfiguration.WebConversionServiceConfiguration matched:
      - @ConditionalOnClass found required class 'org.springframework.boot.autoconfigure.web.format.WebConversionService' (OnClassCondition)

   SpringDocPageableConfiguration matched:
      - @ConditionalOnClass found required class 'org.springframework.data.domain.Pageable' (OnClassCondition)
      - @ConditionalOnWebApplication (required) found 'session' scope (OnWebApplicationCondition)
      - @ConditionalOnProperty (springdoc.api-docs.enabled) matched (OnPropertyCondition)
      - @ConditionalOnBean (types: org.springdoc.core.configuration.SpringDocConfiguration; SearchStrategy: all) found bean 'org.springdoc.core.configuration.SpringDocConfiguration' (OnBeanCondition)

   SpringDocPageableConfiguration#delegatingMethodParameterCustomizer matched:
      - @ConditionalOnMissingBean (types: org.springdoc.core.customizers.DelegatingMethodParameterCustomizer; SearchStrategy: all) did not find any beans (OnBeanCondition)

   SpringDocPageableConfiguration#pageableOpenAPIConverter matched:
      - @ConditionalOnProperty (springdoc.model-converters.pageable-converter.enabled) matched (OnPropertyCondition)
      - @ConditionalOnMissingBean (types: org.springdoc.core.converters.PageableOpenAPIConverter; SearchStrategy: all) did not find any beans (OnBeanCondition)

   SpringDocSecurityConfiguration matched:
      - @ConditionalOnClass found required class 'org.springframework.security.web.SecurityFilterChain' (OnClassCondition)
      - @ConditionalOnWebApplication (required) found 'session' scope (OnWebApplicationCondition)
      - @ConditionalOnExpression (#{${springdoc.api-docs.enabled:true} and ${springdoc.enable-spring-security:true}}) resulted in true (OnExpressionCondition)
      - @ConditionalOnBean (types: org.springdoc.core.configuration.SpringDocConfiguration; SearchStrategy: all) found bean 'org.springdoc.core.configuration.SpringDocConfiguration' (OnBeanCondition)

   SpringDocSecurityConfiguration.SpringSecurityLoginEndpointConfiguration matched:
      - @ConditionalOnClass found required class 'jakarta.servlet.Filter' (OnClassCondition)

   SpringDocSortConfiguration matched:
      - @ConditionalOnClass found required class 'org.springframework.data.domain.Sort' (OnClassCondition)
      - @ConditionalOnWebApplication (required) found 'session' scope (OnWebApplicationCondition)
      - @ConditionalOnProperty (springdoc.api-docs.enabled) matched (OnPropertyCondition)
      - @ConditionalOnBean (types: org.springdoc.core.configuration.SpringDocConfiguration; SearchStrategy: all) found bean 'org.springdoc.core.configuration.SpringDocConfiguration' (OnBeanCondition)

   SpringDocSortConfiguration#sortOpenAPIConverter matched:
      - @ConditionalOnProperty (springdoc.sort-converter.enabled) matched (OnPropertyCondition)
      - @ConditionalOnMissingBean (types: org.springdoc.core.converters.SortOpenAPIConverter; SearchStrategy: all) did not find any beans (OnBeanCondition)

   SpringDocUIConfiguration matched:
      - @ConditionalOnWebApplication (required) found 'session' scope (OnWebApplicationCondition)
      - @ConditionalOnBean (types: org.springdoc.core.configuration.SpringDocConfiguration; SearchStrategy: all) found bean 'org.springdoc.core.configuration.SpringDocConfiguration' (OnBeanCondition)

   SpringDocWebMvcConfiguration matched:
      - found 'session' scope (OnWebApplicationCondition)
      - @ConditionalOnProperty (springdoc.api-docs.enabled) matched (OnPropertyCondition)
      - @ConditionalOnBean (types: org.springdoc.core.configuration.SpringDocConfiguration; SearchStrategy: all) found bean 'org.springdoc.core.configuration.SpringDocConfiguration' (OnBeanCondition)

   SpringDocWebMvcConfiguration#openApiResource matched:
      - @ConditionalOnExpression (#{(${springdoc.use-management-port:false} == false ) and ${springdoc.enable-default-api-docs:true}}) resulted in true (OnExpressionCondition)
      - @ConditionalOnMissingBean (types: org.springdoc.webmvc.api.OpenApiWebMvcResource; SearchStrategy: all) did not find any beans (OnBeanCondition)

   SpringDocWebMvcConfiguration#requestBuilder matched:
      - @ConditionalOnMissingBean (types: org.springdoc.webmvc.core.service.RequestService; SearchStrategy: all) did not find any beans (OnBeanCondition)

   SpringDocWebMvcConfiguration#responseBuilder matched:
      - @ConditionalOnMissingBean (types: org.springdoc.core.service.GenericResponseService; SearchStrategy: all) did not find any beans (OnBeanCondition)

   SpringDocWebMvcConfiguration#springWebProvider matched:
      - @ConditionalOnMissingBean (types: org.springdoc.core.providers.SpringWebProvider; SearchStrategy: all) did not find any beans (OnBeanCondition)

   SpringDocWebMvcConfiguration.SpringDocWebMvcActuatorConfiguration matched:
      - @ConditionalOnClass found required class 'org.springframework.boot.actuate.endpoint.web.servlet.WebMvcEndpointHandlerMapping' (OnClassCondition)

   SpringDocWebMvcConfiguration.SpringDocWebMvcRouterConfiguration matched:
      - @ConditionalOnClass found required class 'org.springframework.web.servlet.function.RouterFunction' (OnClassCondition)

   SpringDocWebMvcConfiguration.SpringDocWebMvcRouterConfiguration#routerFunctionProvider matched:
      - @ConditionalOnMissingBean (types: org.springdoc.webmvc.core.providers.RouterFunctionWebMvcProvider; SearchStrategy: all) did not find any beans (OnBeanCondition)

   SqlInitializationAutoConfiguration matched:
      - @ConditionalOnProperty (spring.sql.init.enabled) matched (OnPropertyCondition)
      - NoneNestedConditions 0 matched 1 did not; NestedCondition on SqlInitializationAutoConfiguration.SqlInitializationModeCondition.ModeIsNever @ConditionalOnProperty (spring.sql.init.mode=never) did not find property 'mode' (SqlInitializationAutoConfiguration.SqlInitializationModeCondition)

   SslAutoConfiguration#sslBundleRegistry matched:
      - @ConditionalOnMissingBean (types: org.springframework.boot.ssl.SslBundleRegistry,org.springframework.boot.ssl.SslBundles; SearchStrategy: all) did not find any beans (OnBeanCondition)

   StartupTimeMetricsListenerAutoConfiguration matched:
      - @ConditionalOnClass found required class 'io.micrometer.core.instrument.MeterRegistry' (OnClassCondition)
      - @ConditionalOnBean (types: io.micrometer.core.instrument.MeterRegistry; SearchStrategy: all) found bean 'simpleMeterRegistry' (OnBeanCondition)

   StartupTimeMetricsListenerAutoConfiguration#startupTimeMetrics matched:
      - @ConditionalOnMissingBean (types: org.springframework.boot.actuate.metrics.startup.StartupTimeMetricsListener; SearchStrategy: all) did not find any beans (OnBeanCondition)

   SwaggerConfig matched:
      - found 'session' scope (OnWebApplicationCondition)
      - @ConditionalOnProperty (springdoc.swagger-ui.enabled) matched (OnPropertyCondition)
      - @ConditionalOnBean (types: org.springdoc.core.configuration.SpringDocConfiguration; SearchStrategy: all) found bean 'org.springdoc.core.configuration.SpringDocConfiguration' (OnBeanCondition)

   SwaggerConfig#indexPageTransformer matched:
      - @ConditionalOnMissingBean (types: org.springdoc.webmvc.ui.SwaggerIndexTransformer; SearchStrategy: all) did not find any beans (OnBeanCondition)

   SwaggerConfig#swaggerConfigResource matched:
      - @ConditionalOnProperty (springdoc.use-management-port=false) matched (OnPropertyCondition)
      - @ConditionalOnMissingBean (types: org.springdoc.webmvc.ui.SwaggerConfigResource; SearchStrategy: all) did not find any beans (OnBeanCondition)

   SwaggerConfig#swaggerResourceResolver matched:
      - @ConditionalOnMissingBean (types: org.springdoc.webmvc.ui.SwaggerResourceResolver; SearchStrategy: all) did not find any beans (OnBeanCondition)

   SwaggerConfig#swaggerWebMvcConfigurer matched:
      - @ConditionalOnMissingBean (types: org.springdoc.webmvc.ui.SwaggerWebMvcConfigurer; SearchStrategy: all) did not find any beans (OnBeanCondition)

   SwaggerConfig#swaggerWelcome matched:
      - @ConditionalOnProperty (springdoc.use-management-port=false) matched (OnPropertyCondition)
      - @ConditionalOnMissingBean (types: org.springdoc.webmvc.ui.SwaggerWelcomeWebMvc; SearchStrategy: all) did not find any beans (OnBeanCondition)

   SwaggerUiConfigParameters matched:
      - @ConditionalOnProperty (springdoc.swagger-ui.enabled) matched (OnPropertyCondition)
      - @ConditionalOnBean (types: org.springdoc.core.configuration.SpringDocConfiguration; SearchStrategy: all) found bean 'org.springdoc.core.configuration.SpringDocConfiguration' (OnBeanCondition)

   SwaggerUiConfigProperties matched:
      - @ConditionalOnProperty (springdoc.swagger-ui.enabled) matched (OnPropertyCondition)
      - @ConditionalOnBean (types: org.springdoc.core.configuration.SpringDocConfiguration; SearchStrategy: all) found bean 'org.springdoc.core.configuration.SpringDocConfiguration' (OnBeanCondition)

   SwaggerUiOAuthProperties matched:
      - @ConditionalOnProperty (springdoc.swagger-ui.enabled) matched (OnPropertyCondition)
      - @ConditionalOnBean (types: org.springdoc.core.configuration.SpringDocConfiguration; SearchStrategy: all) found bean 'org.springdoc.core.configuration.SpringDocConfiguration' (OnBeanCondition)

   SystemMetricsAutoConfiguration matched:
      - @ConditionalOnClass found required class 'io.micrometer.core.instrument.MeterRegistry' (OnClassCondition)
      - @ConditionalOnBean (types: io.micrometer.core.instrument.MeterRegistry; SearchStrategy: all) found bean 'simpleMeterRegistry' (OnBeanCondition)

   SystemMetricsAutoConfiguration#diskSpaceMetrics matched:
      - @ConditionalOnMissingBean (types: org.springframework.boot.actuate.metrics.system.DiskSpaceMetricsBinder; SearchStrategy: all) did not find any beans (OnBeanCondition)

   SystemMetricsAutoConfiguration#fileDescriptorMetrics matched:
      - @ConditionalOnMissingBean (types: io.micrometer.core.instrument.binder.system.FileDescriptorMetrics; SearchStrategy: all) did not find any beans (OnBeanCondition)

   SystemMetricsAutoConfiguration#processorMetrics matched:
      - @ConditionalOnMissingBean (types: io.micrometer.core.instrument.binder.system.ProcessorMetrics; SearchStrategy: all) did not find any beans (OnBeanCondition)

   SystemMetricsAutoConfiguration#uptimeMetrics matched:
      - @ConditionalOnMissingBean (types: io.micrometer.core.instrument.binder.system.UptimeMetrics; SearchStrategy: all) did not find any beans (OnBeanCondition)

   TaskExecutionAutoConfiguration matched:
      - @ConditionalOnClass found required class 'org.springframework.scheduling.concurrent.ThreadPoolTaskExecutor' (OnClassCondition)

   TaskExecutorConfigurations.SimpleAsyncTaskExecutorBuilderConfiguration#simpleAsyncTaskExecutorBuilder matched:
      - @ConditionalOnMissingBean (types: org.springframework.boot.task.SimpleAsyncTaskExecutorBuilder; SearchStrategy: all) did not find any beans (OnBeanCondition)
      - @ConditionalOnThreading found PLATFORM (OnThreadingCondition)

   TaskExecutorConfigurations.TaskExecutorBuilderConfiguration#taskExecutorBuilder matched:
      - @ConditionalOnMissingBean (types: org.springframework.boot.task.TaskExecutorBuilder; SearchStrategy: all) did not find any beans (OnBeanCondition)

   TaskExecutorConfigurations.TaskExecutorConfiguration matched:
      - @ConditionalOnMissingBean (types: java.util.concurrent.Executor; SearchStrategy: all) did not find any beans (OnBeanCondition)

   TaskExecutorConfigurations.TaskExecutorConfiguration#applicationTaskExecutor matched:
      - @ConditionalOnThreading found PLATFORM (OnThreadingCondition)

   TaskExecutorConfigurations.ThreadPoolTaskExecutorBuilderConfiguration#threadPoolTaskExecutorBuilder matched:
      - @ConditionalOnMissingBean (types: org.springframework.boot.task.TaskExecutorBuilder,org.springframework.boot.task.ThreadPoolTaskExecutorBuilder; SearchStrategy: all) did not find any beans (OnBeanCondition)

   TaskExecutorMetricsAutoConfiguration matched:
      - @ConditionalOnClass found required class 'io.micrometer.core.instrument.binder.jvm.ExecutorServiceMetrics' (OnClassCondition)
      - @ConditionalOnBean (types: java.util.concurrent.Executor,io.micrometer.core.instrument.MeterRegistry; SearchStrategy: all) found beans 'applicationTaskExecutor', 'simpleMeterRegistry' (OnBeanCondition)

   TaskSchedulingAutoConfiguration matched:
      - @ConditionalOnClass found required class 'org.springframework.scheduling.concurrent.ThreadPoolTaskScheduler' (OnClassCondition)

   TaskSchedulingConfigurations.SimpleAsyncTaskSchedulerBuilderConfiguration#simpleAsyncTaskSchedulerBuilder matched:
      - @ConditionalOnMissingBean (types: org.springframework.boot.task.SimpleAsyncTaskSchedulerBuilder; SearchStrategy: all) did not find any beans (OnBeanCondition)
      - @ConditionalOnThreading found PLATFORM (OnThreadingCondition)

   TaskSchedulingConfigurations.TaskSchedulerBuilderConfiguration#taskSchedulerBuilder matched:
      - @ConditionalOnMissingBean (types: org.springframework.boot.task.TaskSchedulerBuilder; SearchStrategy: all) did not find any beans (OnBeanCondition)

   TaskSchedulingConfigurations.ThreadPoolTaskSchedulerBuilderConfiguration#threadPoolTaskSchedulerBuilder matched:
      - @ConditionalOnMissingBean (types: org.springframework.boot.task.TaskSchedulerBuilder,org.springframework.boot.task.ThreadPoolTaskSchedulerBuilder; SearchStrategy: all) did not find any beans (OnBeanCondition)

   TomcatMetricsAutoConfiguration matched:
      - @ConditionalOnClass found required classes 'io.micrometer.core.instrument.binder.tomcat.TomcatMetrics', 'org.apache.catalina.Manager' (OnClassCondition)
      - @ConditionalOnWebApplication (required) found 'session' scope (OnWebApplicationCondition)

   TomcatMetricsAutoConfiguration#tomcatMetricsBinder matched:
      - @ConditionalOnBean (types: io.micrometer.core.instrument.MeterRegistry; SearchStrategy: all) found bean 'simpleMeterRegistry'; @ConditionalOnMissingBean (types: io.micrometer.core.instrument.binder.tomcat.TomcatMetrics,org.springframework.boot.actuate.metrics.web.tomcat.TomcatMetricsBinder; SearchStrategy: all) did not find any beans (OnBeanCondition)

   TransactionAutoConfiguration matched:
      - @ConditionalOnClass found required class 'org.springframework.transaction.PlatformTransactionManager' (OnClassCondition)

   TransactionAutoConfiguration.EnableTransactionManagementConfiguration matched:
      - @ConditionalOnBean (types: org.springframework.transaction.TransactionManager; SearchStrategy: all) found bean 'transactionManager'; @ConditionalOnMissingBean (types: org.springframework.transaction.annotation.AbstractTransactionManagementConfiguration; SearchStrategy: all) did not find any beans (OnBeanCondition)

   TransactionAutoConfiguration.EnableTransactionManagementConfiguration.CglibAutoProxyConfiguration matched:
      - @ConditionalOnProperty (spring.aop.proxy-target-class=true) matched (OnPropertyCondition)

   TransactionAutoConfiguration.TransactionTemplateConfiguration matched:
      - @ConditionalOnSingleCandidate (types: org.springframework.transaction.PlatformTransactionManager; SearchStrategy: all) found a single bean 'transactionManager' (OnBeanCondition)

   TransactionAutoConfiguration.TransactionTemplateConfiguration#transactionTemplate matched:
      - @ConditionalOnMissingBean (types: org.springframework.transaction.support.TransactionOperations; SearchStrategy: all) did not find any beans (OnBeanCondition)

   TransactionManagerCustomizationAutoConfiguration matched:
      - @ConditionalOnClass found required class 'org.springframework.transaction.PlatformTransactionManager' (OnClassCondition)

   TransactionManagerCustomizationAutoConfiguration#platformTransactionManagerCustomizers matched:
      - @ConditionalOnMissingBean (types: org.springframework.boot.autoconfigure.transaction.TransactionManagerCustomizers; SearchStrategy: all) did not find any beans (OnBeanCondition)

   ValidationAutoConfiguration matched:
      - @ConditionalOnClass found required class 'jakarta.validation.executable.ExecutableValidator' (OnClassCondition)
      - @ConditionalOnResource found location classpath:META-INF/services/jakarta.validation.spi.ValidationProvider (OnResourceCondition)

   ValidationAutoConfiguration#defaultValidator matched:
      - @ConditionalOnMissingBean (types: jakarta.validation.Validator; SearchStrategy: all) did not find any beans (OnBeanCondition)

   ValidationAutoConfiguration#methodValidationPostProcessor matched:
      - @ConditionalOnMissingBean (types: org.springframework.validation.beanvalidation.MethodValidationPostProcessor; SearchStrategy: current) did not find any beans (OnBeanCondition)

   WebEndpointAutoConfiguration matched:
      - @ConditionalOnWebApplication (required) found 'session' scope (OnWebApplicationCondition)

   WebEndpointAutoConfiguration#controllerEndpointDiscoverer matched:
      - @ConditionalOnMissingBean (types: org.springframework.boot.actuate.endpoint.web.annotation.ControllerEndpointsSupplier; SearchStrategy: all) did not find any beans (OnBeanCondition)

   WebEndpointAutoConfiguration#endpointMediaTypes matched:
      - @ConditionalOnMissingBean (types: org.springframework.boot.actuate.endpoint.web.EndpointMediaTypes; SearchStrategy: all) did not find any beans (OnBeanCondition)

   WebEndpointAutoConfiguration#pathMappedEndpoints matched:
      - @ConditionalOnMissingBean (types: org.springframework.boot.actuate.endpoint.web.PathMappedEndpoints; SearchStrategy: all) did not find any beans (OnBeanCondition)

   WebEndpointAutoConfiguration#webEndpointDiscoverer matched:
      - @ConditionalOnMissingBean (types: org.springframework.boot.actuate.endpoint.web.WebEndpointsSupplier; SearchStrategy: all) did not find any beans (OnBeanCondition)

   WebEndpointAutoConfiguration.WebEndpointServletConfiguration matched:
      - found 'session' scope (OnWebApplicationCondition)

   WebEndpointAutoConfiguration.WebEndpointServletConfiguration#servletEndpointDiscoverer matched:
      - @ConditionalOnMissingBean (types: org.springframework.boot.actuate.endpoint.web.annotation.ServletEndpointsSupplier; SearchStrategy: all) did not find any beans (OnBeanCondition)

   WebMvcAutoConfiguration matched:
      - @ConditionalOnClass found required classes 'jakarta.servlet.Servlet', 'org.springframework.web.servlet.DispatcherServlet', 'org.springframework.web.servlet.config.annotation.WebMvcConfigurer' (OnClassCondition)
      - found 'session' scope (OnWebApplicationCondition)
      - @ConditionalOnMissingBean (types: org.springframework.web.servlet.config.annotation.WebMvcConfigurationSupport; SearchStrategy: all) did not find any beans (OnBeanCondition)

   WebMvcAutoConfiguration#formContentFilter matched:
      - @ConditionalOnProperty (spring.mvc.formcontent.filter.enabled) matched (OnPropertyCondition)
      - @ConditionalOnMissingBean (types: org.springframework.web.filter.FormContentFilter; SearchStrategy: all) did not find any beans (OnBeanCondition)

   WebMvcAutoConfiguration.EnableWebMvcConfiguration#flashMapManager matched:
      - @ConditionalOnMissingBean (names: flashMapManager; SearchStrategy: all) did not find any beans (OnBeanCondition)

   WebMvcAutoConfiguration.EnableWebMvcConfiguration#localeResolver matched:
      - @ConditionalOnMissingBean (names: localeResolver; SearchStrategy: all) did not find any beans (OnBeanCondition)

   WebMvcAutoConfiguration.EnableWebMvcConfiguration#themeResolver matched:
      - @ConditionalOnMissingBean (names: themeResolver; SearchStrategy: all) did not find any beans (OnBeanCondition)

   WebMvcAutoConfiguration.WebMvcAutoConfigurationAdapter#defaultViewResolver matched:
      - @ConditionalOnMissingBean (types: org.springframework.web.servlet.view.InternalResourceViewResolver; SearchStrategy: all) did not find any beans (OnBeanCondition)

   WebMvcAutoConfiguration.WebMvcAutoConfigurationAdapter#requestContextFilter matched:
      - @ConditionalOnMissingBean (types: org.springframework.web.context.request.RequestContextListener,org.springframework.web.filter.RequestContextFilter; SearchStrategy: all) did not find any beans (OnBeanCondition)

   WebMvcAutoConfiguration.WebMvcAutoConfigurationAdapter#viewResolver matched:
      - @ConditionalOnBean (types: org.springframework.web.servlet.ViewResolver; SearchStrategy: all) found beans 'defaultViewResolver', 'beanNameViewResolver', 'mvcViewResolver'; @ConditionalOnMissingBean (names: viewResolver types: org.springframework.web.servlet.view.ContentNegotiatingViewResolver; SearchStrategy: all) did not find any beans (OnBeanCondition)

   WebMvcEndpointManagementContextConfiguration matched:
      - @ConditionalOnClass found required class 'org.springframework.web.servlet.DispatcherServlet' (OnClassCondition)
      - found 'session' scope (OnWebApplicationCondition)
      - @ConditionalOnBean (types: org.springframework.web.servlet.DispatcherServlet,org.springframework.boot.actuate.endpoint.web.WebEndpointsSupplier; SearchStrategy: all) found beans 'webEndpointDiscoverer', 'dispatcherServlet' (OnBeanCondition)

   WebMvcEndpointManagementContextConfiguration#controllerEndpointHandlerMapping matched:
      - @ConditionalOnMissingBean (types: org.springframework.boot.actuate.endpoint.web.servlet.ControllerEndpointHandlerMapping; SearchStrategy: all) did not find any beans (OnBeanCondition)

   WebMvcEndpointManagementContextConfiguration#endpointObjectMapperWebMvcConfigurer matched:
      - @ConditionalOnBean (types: org.springframework.boot.actuate.endpoint.jackson.EndpointObjectMapper; SearchStrategy: all) found bean 'endpointObjectMapper' (OnBeanCondition)

   WebMvcEndpointManagementContextConfiguration#webEndpointServletHandlerMapping matched:
      - @ConditionalOnMissingBean (types: org.springframework.boot.actuate.endpoint.web.servlet.WebMvcEndpointHandlerMapping; SearchStrategy: all) did not find any beans (OnBeanCondition)

   WebMvcObservationAutoConfiguration matched:
      - @ConditionalOnClass found required classes 'org.springframework.web.servlet.DispatcherServlet', 'io.micrometer.observation.Observation' (OnClassCondition)
      - found 'session' scope (OnWebApplicationCondition)
      - @ConditionalOnBean (types: io.micrometer.observation.ObservationRegistry; SearchStrategy: all) found bean 'observationRegistry' (OnBeanCondition)

   WebMvcObservationAutoConfiguration#webMvcObservationFilter matched:
      - @ConditionalOnMissingBean (types: org.springframework.web.filter.ServerHttpObservationFilter; SearchStrategy: all) did not find any beans (OnBeanCondition)

   WebMvcObservationAutoConfiguration.MeterFilterConfiguration matched:
      - @ConditionalOnClass found required class 'io.micrometer.core.instrument.MeterRegistry' (OnClassCondition)
      - @ConditionalOnBean (types: io.micrometer.core.instrument.MeterRegistry; SearchStrategy: all) found bean 'simpleMeterRegistry' (OnBeanCondition)

   WebSocketServletAutoConfiguration matched:
      - @ConditionalOnClass found required classes 'jakarta.servlet.Servlet', 'jakarta.websocket.server.ServerContainer' (OnClassCondition)
      - found 'session' scope (OnWebApplicationCondition)

   WebSocketServletAutoConfiguration.TomcatWebSocketConfiguration matched:
      - @ConditionalOnClass found required classes 'org.apache.catalina.startup.Tomcat', 'org.apache.tomcat.websocket.server.WsSci' (OnClassCondition)

   WebSocketServletAutoConfiguration.TomcatWebSocketConfiguration#websocketServletWebServerCustomizer matched:
      - @ConditionalOnMissingBean (names: websocketServletWebServerCustomizer; SearchStrategy: all) did not find any beans (OnBeanCondition)


Negative matches:
-----------------

   ActiveMQAutoConfiguration:
      Did not match:
         - @ConditionalOnClass did not find required class 'jakarta.jms.ConnectionFactory' (OnClassCondition)

   AopAutoConfiguration.AspectJAutoProxyingConfiguration.JdkDynamicAutoProxyConfiguration:
      Did not match:
         - @ConditionalOnProperty (spring.aop.proxy-target-class=false) did not find property 'proxy-target-class' (OnPropertyCondition)

   AopAutoConfiguration.ClassProxyingConfiguration:
      Did not match:
         - @ConditionalOnMissingClass found unwanted class 'org.aspectj.weaver.Advice' (OnClassCondition)

   AppOpticsMetricsExportAutoConfiguration:
      Did not match:
         - @ConditionalOnClass did not find required class 'io.micrometer.appoptics.AppOpticsMeterRegistry' (OnClassCondition)

   ArtemisAutoConfiguration:
      Did not match:
         - @ConditionalOnClass did not find required class 'jakarta.jms.ConnectionFactory' (OnClassCondition)

   AtlasMetricsExportAutoConfiguration:
      Did not match:
         - @ConditionalOnClass did not find required class 'io.micrometer.atlas.AtlasMeterRegistry' (OnClassCondition)

   AuditAutoConfiguration:
      Did not match:
         - @ConditionalOnBean (types: org.springframework.boot.actuate.audit.AuditEventRepository; SearchStrategy: all) did not find any beans of type org.springframework.boot.actuate.audit.AuditEventRepository (OnBeanCondition)
      Matched:
         - @ConditionalOnProperty (management.auditevents.enabled) matched (OnPropertyCondition)

   AuditEventsEndpointAutoConfiguration:
      Did not match:
         - @ConditionalOnAvailableEndpoint no 'management.endpoints' property marked it as exposed (OnAvailableEndpointCondition)

   AvailabilityHealthContributorAutoConfiguration#livenessStateHealthIndicator:
      Did not match:
         - @ConditionalOnProperty (management.health.livenessstate.enabled=true) did not find property 'enabled' (OnPropertyCondition)

   AvailabilityHealthContributorAutoConfiguration#readinessStateHealthIndicator:
      Did not match:
         - @ConditionalOnProperty (management.health.readinessstate.enabled=true) did not find property 'enabled' (OnPropertyCondition)

   AvailabilityProbesAutoConfiguration:
      Did not match:
         - Probes availability not running on a supported cloud platform (AvailabilityProbesAutoConfiguration.ProbesCondition)

   BatchAutoConfiguration#jobLauncherApplicationRunner:
      Did not match:
         - @ConditionalOnProperty (spring.batch.job.enabled=true) found different value in property 'enabled' (OnPropertyCondition)

   BeansEndpointAutoConfiguration:
      Did not match:
         - @ConditionalOnAvailableEndpoint no 'management.endpoints' property marked it as exposed (OnAvailableEndpointCondition)

   BraveAutoConfiguration:
      Did not match:
         - @ConditionalOnClass did not find required class 'brave.Tracer' (OnClassCondition)

   Cache2kCacheConfiguration:
      Did not match:
         - @ConditionalOnClass did not find required class 'org.cache2k.Cache2kBuilder' (OnClassCondition)

   CacheAutoConfiguration:
      Did not match:
         - @ConditionalOnBean (types: org.springframework.cache.interceptor.CacheAspectSupport; SearchStrategy: all) did not find any beans of type org.springframework.cache.interceptor.CacheAspectSupport (OnBeanCondition)
      Matched:
         - @ConditionalOnClass found required class 'org.springframework.cache.CacheManager' (OnClassCondition)

   CacheAutoConfiguration.CacheManagerEntityManagerFactoryDependsOnPostProcessor:
      Did not match:
         - Ancestor org.springframework.boot.autoconfigure.cache.CacheAutoConfiguration did not match (ConditionEvaluationReport.AncestorsMatchedCondition)
      Matched:
         - @ConditionalOnClass found required class 'org.springframework.orm.jpa.LocalContainerEntityManagerFactoryBean' (OnClassCondition)

   CacheMeterBinderProvidersConfiguration.Cache2kCacheMeterBinderProviderConfiguration:
      Did not match:
         - @ConditionalOnClass did not find required classes 'org.cache2k.Cache2kBuilder', 'org.cache2k.extra.spring.SpringCache2kCache', 'org.cache2k.extra.micrometer.Cache2kCacheMetrics' (OnClassCondition)

   CacheMeterBinderProvidersConfiguration.CaffeineCacheMeterBinderProviderConfiguration:
      Did not match:
         - @ConditionalOnClass did not find required classes 'org.springframework.cache.caffeine.CaffeineCache', 'com.github.benmanes.caffeine.cache.Cache' (OnClassCondition)

   CacheMeterBinderProvidersConfiguration.HazelcastCacheMeterBinderProviderConfiguration:
      Did not match:
         - @ConditionalOnClass did not find required classes 'com.hazelcast.spring.cache.HazelcastCache', 'com.hazelcast.core.Hazelcast' (OnClassCondition)

   CacheMeterBinderProvidersConfiguration.JCacheCacheMeterBinderProviderConfiguration:
      Did not match:
         - @ConditionalOnClass did not find required classes 'org.springframework.cache.jcache.JCacheCache', 'javax.cache.CacheManager' (OnClassCondition)

   CacheMeterBinderProvidersConfiguration.RedisCacheMeterBinderProviderConfiguration:
      Did not match:
         - @ConditionalOnClass did not find required class 'org.springframework.data.redis.cache.RedisCache' (OnClassCondition)

   CacheMetricsAutoConfiguration:
      Did not match:
         - @ConditionalOnBean (types: org.springframework.cache.CacheManager; SearchStrategy: all) did not find any beans of type org.springframework.cache.CacheManager (OnBeanCondition)

   CachesEndpointAutoConfiguration:
      Did not match:
         - @ConditionalOnAvailableEndpoint no 'management.endpoints' property marked it as exposed (OnAvailableEndpointCondition)
      Matched:
         - @ConditionalOnClass found required class 'org.springframework.cache.CacheManager' (OnClassCondition)

   CaffeineCacheConfiguration:
      Did not match:
         - @ConditionalOnClass did not find required class 'com.github.benmanes.caffeine.cache.Caffeine' (OnClassCondition)

   CassandraAutoConfiguration:
      Did not match:
         - @ConditionalOnClass did not find required class 'com.datastax.oss.driver.api.core.CqlSession' (OnClassCondition)

   CassandraDataAutoConfiguration:
      Did not match:
         - @ConditionalOnClass did not find required class 'com.datastax.oss.driver.api.core.CqlSession' (OnClassCondition)

   CassandraHealthContributorAutoConfiguration:
      Did not match:
         - @ConditionalOnClass did not find required class 'com.datastax.oss.driver.api.core.CqlSession' (OnClassCondition)

   CassandraReactiveDataAutoConfiguration:
      Did not match:
         - @ConditionalOnClass did not find required class 'com.datastax.oss.driver.api.core.CqlSession' (OnClassCondition)

   CassandraReactiveHealthContributorAutoConfiguration:
      Did not match:
         - @ConditionalOnClass did not find required class 'com.datastax.oss.driver.api.core.CqlSession' (OnClassCondition)

   CassandraReactiveRepositoriesAutoConfiguration:
      Did not match:
         - @ConditionalOnClass did not find required class 'org.springframework.data.cassandra.ReactiveSession' (OnClassCondition)

   CassandraRepositoriesAutoConfiguration:
      Did not match:
         - @ConditionalOnClass did not find required class 'com.datastax.oss.driver.api.core.CqlSession' (OnClassCondition)

   ClientHttpConnectorAutoConfiguration:
      Did not match:
         - @ConditionalOnClass did not find required class 'org.springframework.web.reactive.function.client.WebClient' (OnClassCondition)

   CloudFoundryActuatorAutoConfiguration:
      Did not match:
         - @ConditionalOnCloudPlatform did not find CLOUD_FOUNDRY (OnCloudPlatformCondition)
      Matched:
         - @ConditionalOnClass found required class 'org.springframework.web.servlet.DispatcherServlet' (OnClassCondition)
         - found 'session' scope (OnWebApplicationCondition)
         - @ConditionalOnProperty (management.cloudfoundry.enabled) matched (OnPropertyCondition)

   CodecsAutoConfiguration:
      Did not match:
         - @ConditionalOnClass did not find required class 'org.springframework.web.reactive.function.client.WebClient' (OnClassCondition)

   CompositeMeterRegistryConfiguration:
      Did not match:
         - NoneNestedConditions 1 matched 1 did not; NestedCondition on CompositeMeterRegistryConfiguration.MultipleNonPrimaryMeterRegistriesCondition.SingleInjectableMeterRegistry @ConditionalOnSingleCandidate (types: io.micrometer.core.instrument.MeterRegistry; SearchStrategy: all) found a single bean 'simpleMeterRegistry'; NestedCondition on CompositeMeterRegistryConfiguration.MultipleNonPrimaryMeterRegistriesCondition.NoMeterRegistryCondition @ConditionalOnMissingBean (types: io.micrometer.core.instrument.MeterRegistry; SearchStrategy: all) found beans of type 'io.micrometer.core.instrument.MeterRegistry' simpleMeterRegistry (CompositeMeterRegistryConfiguration.MultipleNonPrimaryMeterRegistriesCondition)

   ConditionsReportEndpointAutoConfiguration:
      Did not match:
         - @ConditionalOnAvailableEndpoint no 'management.endpoints' property marked it as exposed (OnAvailableEndpointCondition)

   ConfigurationPropertiesReportEndpointAutoConfiguration:
      Did not match:
         - @ConditionalOnAvailableEndpoint no 'management.endpoints' property marked it as exposed (OnAvailableEndpointCondition)

   ConnectionFactoryHealthContributorAutoConfiguration:
      Did not match:
         - @ConditionalOnClass did not find required class 'io.r2dbc.spi.ConnectionFactory' (OnClassCondition)

   ConnectionPoolMetricsAutoConfiguration:
      Did not match:
         - @ConditionalOnClass did not find required class 'io.r2dbc.pool.ConnectionPool' (OnClassCondition)

   CouchbaseAutoConfiguration:
      Did not match:
         - @ConditionalOnClass did not find required class 'com.couchbase.client.java.Cluster' (OnClassCondition)

   CouchbaseCacheConfiguration:
      Did not match:
         - @ConditionalOnClass did not find required class 'com.couchbase.client.java.Cluster' (OnClassCondition)

   CouchbaseDataAutoConfiguration:
      Did not match:
         - @ConditionalOnClass did not find required class 'com.couchbase.client.java.Bucket' (OnClassCondition)

   CouchbaseHealthContributorAutoConfiguration:
      Did not match:
         - @ConditionalOnClass did not find required class 'com.couchbase.client.java.Cluster' (OnClassCondition)

   CouchbaseReactiveDataAutoConfiguration:
      Did not match:
         - @ConditionalOnClass did not find required class 'com.couchbase.client.java.Cluster' (OnClassCondition)

   CouchbaseReactiveHealthContributorAutoConfiguration:
      Did not match:
         - @ConditionalOnClass did not find required class 'com.couchbase.client.java.Cluster' (OnClassCondition)

   CouchbaseReactiveRepositoriesAutoConfiguration:
      Did not match:
         - @ConditionalOnClass did not find required class 'com.couchbase.client.java.Cluster' (OnClassCondition)

   CouchbaseRepositoriesAutoConfiguration:
      Did not match:
         - @ConditionalOnClass did not find required class 'com.couchbase.client.java.Bucket' (OnClassCondition)

   DataSourceAutoConfiguration.EmbeddedDatabaseConfiguration:
      Did not match:
         - EmbeddedDataSource spring.datasource.url is set (DataSourceAutoConfiguration.EmbeddedDatabaseCondition)

   DataSourceCheckpointRestoreConfiguration:
      Did not match:
         - @ConditionalOnClass did not find required class 'org.crac.Resource' (OnClassCondition)

   DataSourceConfiguration.Dbcp2:
      Did not match:
         - @ConditionalOnClass did not find required class 'org.apache.commons.dbcp2.BasicDataSource' (OnClassCondition)

   DataSourceConfiguration.Generic:
      Did not match:
         - @ConditionalOnProperty (spring.datasource.type) did not find property 'spring.datasource.type' (OnPropertyCondition)

   DataSourceConfiguration.OracleUcp:
      Did not match:
         - @ConditionalOnClass did not find required classes 'oracle.ucp.jdbc.PoolDataSourceImpl', 'oracle.jdbc.OracleConnection' (OnClassCondition)

   DataSourceConfiguration.Tomcat:
      Did not match:
         - @ConditionalOnClass did not find required class 'org.apache.tomcat.jdbc.pool.DataSource' (OnClassCondition)

   DataSourceJmxConfiguration.TomcatDataSourceJmxConfiguration:
      Did not match:
         - @ConditionalOnClass did not find required class 'org.apache.tomcat.jdbc.pool.DataSourceProxy' (OnClassCondition)

   DataSourcePoolMetadataProvidersConfiguration.CommonsDbcp2PoolDataSourceMetadataProviderConfiguration:
      Did not match:
         - @ConditionalOnClass did not find required class 'org.apache.commons.dbcp2.BasicDataSource' (OnClassCondition)

   DataSourcePoolMetadataProvidersConfiguration.OracleUcpPoolDataSourceMetadataProviderConfiguration:
      Did not match:
         - @ConditionalOnClass did not find required classes 'oracle.ucp.jdbc.PoolDataSource', 'oracle.jdbc.OracleConnection' (OnClassCondition)

   DataSourcePoolMetadataProvidersConfiguration.TomcatDataSourcePoolMetadataProviderConfiguration:
      Did not match:
         - @ConditionalOnClass did not find required class 'org.apache.tomcat.jdbc.pool.DataSource' (OnClassCondition)

   DataSourceTransactionManagerAutoConfiguration.JdbcTransactionManagerConfiguration#transactionManager:
      Did not match:
         - @ConditionalOnMissingBean (types: org.springframework.transaction.TransactionManager; SearchStrategy: all) found beans of type 'org.springframework.transaction.TransactionManager' transactionManager (OnBeanCondition)

   DatadogMetricsExportAutoConfiguration:
      Did not match:
         - @ConditionalOnClass did not find required class 'io.micrometer.datadog.DatadogMeterRegistry' (OnClassCondition)

   DispatcherServletAutoConfiguration.DispatcherServletConfiguration#multipartResolver:
      Did not match:
         - @ConditionalOnBean (types: org.springframework.web.multipart.MultipartResolver; SearchStrategy: all) did not find any beans of type org.springframework.web.multipart.MultipartResolver (OnBeanCondition)

   DynatraceMetricsExportAutoConfiguration:
      Did not match:
         - @ConditionalOnClass did not find required class 'io.micrometer.dynatrace.DynatraceMeterRegistry' (OnClassCondition)

   ElasticMetricsExportAutoConfiguration:
      Did not match:
         - @ConditionalOnClass did not find required class 'io.micrometer.elastic.ElasticMeterRegistry' (OnClassCondition)

   ElasticsearchClientAutoConfiguration:
      Did not match:
         - @ConditionalOnClass did not find required class 'co.elastic.clients.elasticsearch.ElasticsearchClient' (OnClassCondition)

   ElasticsearchDataAutoConfiguration:
      Did not match:
         - @ConditionalOnClass did not find required class 'org.springframework.data.elasticsearch.client.elc.ElasticsearchTemplate' (OnClassCondition)

   ElasticsearchReactiveHealthContributorAutoConfiguration:
      Did not match:
         - @ConditionalOnClass did not find required class 'reactor.core.publisher.Flux' (OnClassCondition)

   ElasticsearchRepositoriesAutoConfiguration:
      Did not match:
         - @ConditionalOnClass did not find required class 'org.springframework.data.elasticsearch.repository.ElasticsearchRepository' (OnClassCondition)

   ElasticsearchRestClientAutoConfiguration:
      Did not match:
         - @ConditionalOnClass did not find required class 'org.elasticsearch.client.RestClientBuilder' (OnClassCondition)

   ElasticsearchRestHealthContributorAutoConfiguration:
      Did not match:
         - @ConditionalOnClass did not find required class 'org.elasticsearch.client.RestClient' (OnClassCondition)

   EmbeddedLdapAutoConfiguration:
      Did not match:
         - @ConditionalOnClass did not find required class 'com.unboundid.ldap.listener.InMemoryDirectoryServer' (OnClassCondition)

   EmbeddedWebServerFactoryCustomizerAutoConfiguration.JettyWebServerFactoryCustomizerConfiguration:
      Did not match:
         - @ConditionalOnClass did not find required classes 'org.eclipse.jetty.server.Server', 'org.eclipse.jetty.util.Loader', 'org.eclipse.jetty.ee10.webapp.WebAppContext' (OnClassCondition)

   EmbeddedWebServerFactoryCustomizerAutoConfiguration.NettyWebServerFactoryCustomizerConfiguration:
      Did not match:
         - @ConditionalOnClass did not find required class 'reactor.netty.http.server.HttpServer' (OnClassCondition)

   EmbeddedWebServerFactoryCustomizerAutoConfiguration.TomcatWebServerFactoryCustomizerConfiguration#tomcatVirtualThreadsProtocolHandlerCustomizer:
      Did not match:
         - @ConditionalOnThreading did not find VIRTUAL (OnThreadingCondition)

   EmbeddedWebServerFactoryCustomizerAutoConfiguration.UndertowWebServerFactoryCustomizerConfiguration:
      Did not match:
         - @ConditionalOnClass did not find required classes 'io.undertow.Undertow', 'org.xnio.SslClientAuthMode' (OnClassCondition)

   EnvironmentEndpointAutoConfiguration:
      Did not match:
         - @ConditionalOnAvailableEndpoint no 'management.endpoints' property marked it as exposed (OnAvailableEndpointCondition)

   ErrorWebFluxAutoConfiguration:
      Did not match:
         - @ConditionalOnClass did not find required class 'org.springframework.web.reactive.config.WebFluxConfigurer' (OnClassCondition)

   FlywayAutoConfiguration:
      Did not match:
         - @ConditionalOnClass did not find required class 'org.flywaydb.core.Flyway' (OnClassCondition)

   FlywayEndpointAutoConfiguration:
      Did not match:
         - @ConditionalOnClass did not find required class 'org.flywaydb.core.Flyway' (OnClassCondition)

   FreeMarkerAutoConfiguration:
      Did not match:
         - @ConditionalOnClass did not find required class 'freemarker.template.Configuration' (OnClassCondition)

   GangliaMetricsExportAutoConfiguration:
      Did not match:
         - @ConditionalOnClass did not find required class 'io.micrometer.ganglia.GangliaMeterRegistry' (OnClassCondition)

   GraphQlAutoConfiguration:
      Did not match:
         - @ConditionalOnClass did not find required class 'graphql.GraphQL' (OnClassCondition)

   GraphQlObservationAutoConfiguration:
      Did not match:
         - @ConditionalOnClass did not find required class 'graphql.GraphQL' (OnClassCondition)

   GraphQlQueryByExampleAutoConfiguration:
      Did not match:
         - @ConditionalOnClass did not find required class 'graphql.GraphQL' (OnClassCondition)

   GraphQlQuerydslAutoConfiguration:
      Did not match:
         - @ConditionalOnClass did not find required class 'com.querydsl.core.Query' (OnClassCondition)

   GraphQlRSocketAutoConfiguration:
      Did not match:
         - @ConditionalOnClass did not find required class 'graphql.GraphQL' (OnClassCondition)

   GraphQlReactiveQueryByExampleAutoConfiguration:
      Did not match:
         - @ConditionalOnClass did not find required class 'graphql.GraphQL' (OnClassCondition)

   GraphQlReactiveQuerydslAutoConfiguration:
      Did not match:
         - @ConditionalOnClass did not find required class 'com.querydsl.core.Query' (OnClassCondition)

   GraphQlWebFluxAutoConfiguration:
      Did not match:
         - @ConditionalOnClass did not find required class 'graphql.GraphQL' (OnClassCondition)

   GraphQlWebFluxSecurityAutoConfiguration:
      Did not match:
         - @ConditionalOnClass did not find required class 'graphql.GraphQL' (OnClassCondition)

   GraphQlWebMvcAutoConfiguration:
      Did not match:
         - @ConditionalOnClass did not find required class 'graphql.GraphQL' (OnClassCondition)

   GraphQlWebMvcSecurityAutoConfiguration:
      Did not match:
         - @ConditionalOnClass did not find required class 'graphql.GraphQL' (OnClassCondition)

   GraphiteMetricsExportAutoConfiguration:
      Did not match:
         - @ConditionalOnClass did not find required class 'io.micrometer.graphite.GraphiteMeterRegistry' (OnClassCondition)

   GroovyTemplateAutoConfiguration:
      Did not match:
         - @ConditionalOnClass did not find required class 'groovy.text.markup.MarkupTemplateEngine' (OnClassCondition)

   GsonAutoConfiguration:
      Did not match:
         - @ConditionalOnClass did not find required class 'com.google.gson.Gson' (OnClassCondition)

   GsonHttpMessageConvertersConfiguration:
      Did not match:
         - @ConditionalOnClass did not find required class 'com.google.gson.Gson' (OnClassCondition)

   HazelcastAutoConfiguration:
      Did not match:
         - @ConditionalOnClass did not find required class 'com.hazelcast.core.HazelcastInstance' (OnClassCondition)

   HazelcastCacheConfiguration:
      Did not match:
         - @ConditionalOnClass did not find required class 'com.hazelcast.core.HazelcastInstance' (OnClassCondition)

   HazelcastHealthContributorAutoConfiguration:
      Did not match:
         - @ConditionalOnClass did not find required class 'com.hazelcast.core.HazelcastInstance' (OnClassCondition)

   HazelcastJpaDependencyAutoConfiguration:
      Did not match:
         - @ConditionalOnClass did not find required class 'com.hazelcast.core.HazelcastInstance' (OnClassCondition)

   HealthEndpointReactiveWebExtensionConfiguration:
      Did not match:
         - did not find reactive web application classes (OnWebApplicationCondition)

   HealthEndpointWebExtensionConfiguration.JerseyAdditionalHealthEndpointPathsConfiguration:
      Did not match:
         - @ConditionalOnClass did not find required class 'org.glassfish.jersey.server.ResourceConfig' (OnClassCondition)

   HeapDumpWebEndpointAutoConfiguration:
      Did not match:
         - @ConditionalOnAvailableEndpoint no 'management.endpoints' property marked it as exposed (OnAvailableEndpointCondition)

   HibernateMetricsAutoConfiguration:
      Did not match:
         - @ConditionalOnClass did not find required class 'org.hibernate.stat.HibernateMetrics' (OnClassCondition)

   HttpExchangesAutoConfiguration:
      Did not match:
         - @ConditionalOnBean (types: org.springframework.boot.actuate.web.exchanges.HttpExchangeRepository; SearchStrategy: all) did not find any beans of type org.springframework.boot.actuate.web.exchanges.HttpExchangeRepository (OnBeanCondition)
      Matched:
         - @ConditionalOnWebApplication (required) found 'session' scope (OnWebApplicationCondition)
         - @ConditionalOnProperty (management.httpexchanges.recording.enabled) matched (OnPropertyCondition)

   HttpExchangesAutoConfiguration.ReactiveHttpExchangesConfiguration:
      Did not match:
         - did not find reactive web application classes (OnWebApplicationCondition)
         - Ancestor org.springframework.boot.actuate.autoconfigure.web.exchanges.HttpExchangesAutoConfiguration did not match (ConditionEvaluationReport.AncestorsMatchedCondition)

   HttpExchangesAutoConfiguration.ServletHttpExchangesConfiguration:
      Did not match:
         - Ancestor org.springframework.boot.actuate.autoconfigure.web.exchanges.HttpExchangesAutoConfiguration did not match (ConditionEvaluationReport.AncestorsMatchedCondition)
      Matched:
         - found 'session' scope (OnWebApplicationCondition)

   HttpExchangesEndpointAutoConfiguration:
      Did not match:
         - @ConditionalOnAvailableEndpoint no 'management.endpoints' property marked it as exposed (OnAvailableEndpointCondition)

   HttpHandlerAutoConfiguration:
      Did not match:
         - @ConditionalOnClass did not find required class 'org.springframework.web.reactive.DispatcherHandler' (OnClassCondition)

   HumioMetricsExportAutoConfiguration:
      Did not match:
         - @ConditionalOnClass did not find required class 'io.micrometer.humio.HumioMeterRegistry' (OnClassCondition)

   HypermediaAutoConfiguration:
      Did not match:
         - @ConditionalOnClass did not find required class 'org.springframework.hateoas.EntityModel' (OnClassCondition)

   InfinispanCacheConfiguration:
      Did not match:
         - @ConditionalOnClass did not find required class 'org.infinispan.spring.embedded.provider.SpringEmbeddedCacheManager' (OnClassCondition)

   InfluxDbAutoConfiguration:
      Did not match:
         - @ConditionalOnClass did not find required class 'org.influxdb.InfluxDB' (OnClassCondition)

   InfluxDbHealthContributorAutoConfiguration:
      Did not match:
         - @ConditionalOnClass did not find required class 'org.influxdb.InfluxDB' (OnClassCondition)

   InfluxMetricsExportAutoConfiguration:
      Did not match:
         - @ConditionalOnClass did not find required class 'io.micrometer.influx.InfluxMeterRegistry' (OnClassCondition)

   InfoContributorAutoConfiguration#buildInfoContributor:
      Did not match:
         - @ConditionalOnSingleCandidate (types: org.springframework.boot.info.BuildProperties; SearchStrategy: all) did not find any beans (OnBeanCondition)
      Matched:
         - @ConditionalOnEnabledInfoContributor management.info.defaults.enabled is considered true (OnEnabledInfoContributorCondition)

   InfoContributorAutoConfiguration#envInfoContributor:
      Did not match:
         - @ConditionalOnEnabledInfoContributor management.info.env.enabled is not true (OnEnabledInfoContributorCondition)

   InfoContributorAutoConfiguration#gitInfoContributor:
      Did not match:
         - @ConditionalOnSingleCandidate (types: org.springframework.boot.info.GitProperties; SearchStrategy: all) did not find any beans (OnBeanCondition)
      Matched:
         - @ConditionalOnEnabledInfoContributor management.info.defaults.enabled is considered true (OnEnabledInfoContributorCondition)

   InfoContributorAutoConfiguration#javaInfoContributor:
      Did not match:
         - @ConditionalOnEnabledInfoContributor management.info.java.enabled is not true (OnEnabledInfoContributorCondition)

   InfoContributorAutoConfiguration#osInfoContributor:
      Did not match:
         - @ConditionalOnEnabledInfoContributor management.info.os.enabled is not true (OnEnabledInfoContributorCondition)

   InfoEndpointAutoConfiguration:
      Did not match:
         - @ConditionalOnAvailableEndpoint no 'management.endpoints' property marked it as exposed (OnAvailableEndpointCondition)

   IntegrationAutoConfiguration:
      Did not match:
         - @ConditionalOnClass did not find required class 'org.springframework.integration.config.EnableIntegration' (OnClassCondition)

   IntegrationGraphEndpointAutoConfiguration:
      Did not match:
         - @ConditionalOnClass did not find required class 'org.springframework.integration.graph.IntegrationGraphServer' (OnClassCondition)

   JCacheCacheConfiguration:
      Did not match:
         - @ConditionalOnClass did not find required class 'javax.cache.Caching' (OnClassCondition)

   JacksonHttpMessageConvertersConfiguration.MappingJackson2XmlHttpMessageConverterConfiguration:
      Did not match:
         - @ConditionalOnClass did not find required class 'com.fasterxml.jackson.dataformat.xml.XmlMapper' (OnClassCondition)

   JdbcRepositoriesAutoConfiguration:
      Did not match:
         - @ConditionalOnClass did not find required class 'org.springframework.data.jdbc.repository.config.AbstractJdbcConfiguration' (OnClassCondition)

   JerseyAutoConfiguration:
      Did not match:
         - @ConditionalOnClass did not find required class 'org.glassfish.jersey.server.spring.SpringComponentProvider' (OnClassCondition)

   JerseySameManagementContextConfiguration:
      Did not match:
         - @ConditionalOnClass did not find required class 'org.glassfish.jersey.server.ResourceConfig' (OnClassCondition)

   JerseyServerMetricsAutoConfiguration:
      Did not match:
         - @ConditionalOnClass did not find required class 'io.micrometer.core.instrument.binder.jersey.server.MetricsApplicationEventListener' (OnClassCondition)

   JerseyWebEndpointManagementContextConfiguration:
      Did not match:
         - @ConditionalOnClass did not find required class 'org.glassfish.jersey.server.ResourceConfig' (OnClassCondition)

   JettyMetricsAutoConfiguration:
      Did not match:
         - @ConditionalOnClass did not find required class 'org.eclipse.jetty.server.Server' (OnClassCondition)

   JmsAutoConfiguration:
      Did not match:
         - @ConditionalOnClass did not find required class 'jakarta.jms.Message' (OnClassCondition)

   JmsHealthContributorAutoConfiguration:
      Did not match:
         - @ConditionalOnClass did not find required class 'jakarta.jms.ConnectionFactory' (OnClassCondition)

   JmxAutoConfiguration:
      Did not match:
         - @ConditionalOnProperty (spring.jmx.enabled=true) did not find property 'enabled' (OnPropertyCondition)
      Matched:
         - @ConditionalOnClass found required class 'org.springframework.jmx.export.MBeanExporter' (OnClassCondition)

   JmxEndpointAutoConfiguration:
      Did not match:
         - @ConditionalOnProperty (spring.jmx.enabled=true) did not find property 'enabled' (OnPropertyCondition)

   JmxMetricsExportAutoConfiguration:
      Did not match:
         - @ConditionalOnClass did not find required class 'io.micrometer.jmx.JmxMeterRegistry' (OnClassCondition)

   JndiConnectionFactoryAutoConfiguration:
      Did not match:
         - @ConditionalOnClass did not find required class 'org.springframework.jms.core.JmsTemplate' (OnClassCondition)

   JndiDataSourceAutoConfiguration:
      Did not match:
         - @ConditionalOnProperty (spring.datasource.jndi-name) did not find property 'jndi-name' (OnPropertyCondition)
      Matched:
         - @ConditionalOnClass found required classes 'javax.sql.DataSource', 'org.springframework.jdbc.datasource.embedded.EmbeddedDatabaseType' (OnClassCondition)

   JndiJtaConfiguration:
      Did not match:
         - @ConditionalOnJndi JNDI environment is not available (OnJndiCondition)
      Matched:
         - @ConditionalOnClass found required class 'org.springframework.transaction.jta.JtaTransactionManager' (OnClassCondition)

   JooqAutoConfiguration:
      Did not match:
         - @ConditionalOnClass did not find required class 'org.jooq.DSLContext' (OnClassCondition)

   JpaBaseConfiguration.JpaWebConfiguration:
      Did not match:
         - @ConditionalOnProperty (spring.jpa.open-in-view=true) found different value in property 'open-in-view' (OnPropertyCondition)
      Matched:
         - @ConditionalOnClass found required class 'org.springframework.web.servlet.config.annotation.WebMvcConfigurer' (OnClassCondition)
         - found 'session' scope (OnWebApplicationCondition)

   JpaRepositoriesAutoConfiguration#entityManagerFactoryBootstrapExecutorCustomizer:
      Did not match:
         - AnyNestedCondition 0 matched 2 did not; NestedCondition on JpaRepositoriesAutoConfiguration.BootstrapExecutorCondition.LazyBootstrapMode @ConditionalOnProperty (spring.data.jpa.repositories.bootstrap-mode=lazy) did not find property 'bootstrap-mode'; NestedCondition on JpaRepositoriesAutoConfiguration.BootstrapExecutorCondition.DeferredBootstrapMode @ConditionalOnProperty (spring.data.jpa.repositories.bootstrap-mode=deferred) did not find property 'bootstrap-mode' (JpaRepositoriesAutoConfiguration.BootstrapExecutorCondition)

   JsonbAutoConfiguration:
      Did not match:
         - @ConditionalOnClass did not find required class 'jakarta.json.bind.Jsonb' (OnClassCondition)

   JsonbHttpMessageConvertersConfiguration:
      Did not match:
         - @ConditionalOnClass did not find required class 'jakarta.json.bind.Jsonb' (OnClassCondition)

   KafkaAnnotationDrivenConfiguration#kafkaListenerContainerFactoryConfigurerVirtualThreads:
      Did not match:
         - @ConditionalOnMissingBean (types: org.springframework.boot.autoconfigure.kafka.ConcurrentKafkaListenerContainerFactoryConfigurer; SearchStrategy: all) found beans of type 'org.springframework.boot.autoconfigure.kafka.ConcurrentKafkaListenerContainerFactoryConfigurer' kafkaListenerContainerFactoryConfigurer (OnBeanCondition)

   KafkaAutoConfiguration#kafkaJaasInitializer:
      Did not match:
         - @ConditionalOnProperty (spring.kafka.jaas.enabled) did not find property 'spring.kafka.jaas.enabled' (OnPropertyCondition)

   KafkaAutoConfiguration#kafkaRetryTopicConfiguration:
      Did not match:
         - @ConditionalOnProperty (spring.kafka.retry.topic.enabled) did not find property 'spring.kafka.retry.topic.enabled' (OnPropertyCondition)

   KafkaAutoConfiguration#kafkaTransactionManager:
      Did not match:
         - @ConditionalOnProperty (spring.kafka.producer.transaction-id-prefix) did not find property 'spring.kafka.producer.transaction-id-prefix' (OnPropertyCondition)

   KafkaStreamsAnnotationDrivenConfiguration:
      Did not match:
         - @ConditionalOnClass did not find required class 'org.apache.kafka.streams.StreamsBuilder' (OnClassCondition)

   KairosMetricsExportAutoConfiguration:
      Did not match:
         - @ConditionalOnClass did not find required class 'io.micrometer.kairos.KairosMeterRegistry' (OnClassCondition)

   LdapAutoConfiguration:
      Did not match:
         - @ConditionalOnClass did not find required class 'org.springframework.ldap.core.ContextSource' (OnClassCondition)

   LdapHealthContributorAutoConfiguration:
      Did not match:
         - @ConditionalOnClass did not find required class 'org.springframework.ldap.core.LdapOperations' (OnClassCondition)

   LdapRepositoriesAutoConfiguration:
      Did not match:
         - @ConditionalOnClass did not find required class 'org.springframework.data.ldap.repository.LdapRepository' (OnClassCondition)

   LettuceMetricsAutoConfiguration:
      Did not match:
         - @ConditionalOnClass did not find required class 'io.lettuce.core.metrics.MicrometerCommandLatencyRecorder' (OnClassCondition)

   LiquibaseAutoConfiguration:
      Did not match:
         - @ConditionalOnClass did not find required class 'liquibase.change.DatabaseChange' (OnClassCondition)

   LiquibaseEndpointAutoConfiguration:
      Did not match:
         - @ConditionalOnClass did not find required class 'liquibase.integration.spring.SpringLiquibase' (OnClassCondition)

   Log4J2MetricsAutoConfiguration:
      Did not match:
         - @ConditionalOnClass did not find required class 'org.apache.logging.log4j.core.LoggerContext' (OnClassCondition)

   LogFileWebEndpointAutoConfiguration:
      Did not match:
         - @ConditionalOnAvailableEndpoint no 'management.endpoints' property marked it as exposed (OnAvailableEndpointCondition)

   LoggersEndpointAutoConfiguration:
      Did not match:
         - @ConditionalOnAvailableEndpoint no 'management.endpoints' property marked it as exposed (OnAvailableEndpointCondition)

   MailHealthContributorAutoConfiguration:
      Did not match:
         - @ConditionalOnClass did not find required class 'org.springframework.mail.javamail.JavaMailSenderImpl' (OnClassCondition)

   MailSenderAutoConfiguration:
      Did not match:
         - @ConditionalOnClass did not find required class 'jakarta.mail.internet.MimeMessage' (OnClassCondition)

   MailSenderValidatorAutoConfiguration:
      Did not match:
         - @ConditionalOnSingleCandidate did not find required type 'org.springframework.mail.javamail.JavaMailSenderImpl' (OnBeanCondition)

   ManagementContextAutoConfiguration.DifferentManagementContextConfiguration:
      Did not match:
         - Management Port actual port type (SAME) did not match required type (DIFFERENT) (OnManagementPortCondition)

   ManagementWebSecurityAutoConfiguration:
      Did not match:
         - AllNestedConditions 1 matched 1 did not; NestedCondition on DefaultWebSecurityCondition.Beans @ConditionalOnMissingBean (types: org.springframework.security.web.SecurityFilterChain; SearchStrategy: all) found beans of type 'org.springframework.security.web.SecurityFilterChain' securityFilterChain; NestedCondition on DefaultWebSecurityCondition.Classes @ConditionalOnClass found required classes 'org.springframework.security.web.SecurityFilterChain', 'org.springframework.security.config.annotation.web.builders.HttpSecurity' (DefaultWebSecurityCondition)
      Matched:
         - found 'session' scope (OnWebApplicationCondition)

   MappingsEndpointAutoConfiguration:
      Did not match:
         - @ConditionalOnAvailableEndpoint no 'management.endpoints' property marked it as exposed (OnAvailableEndpointCondition)

   MessageSourceAutoConfiguration:
      Did not match:
         - ResourceBundle did not find bundle with basename messages (MessageSourceAutoConfiguration.ResourceBundleCondition)

   MetricsAspectsAutoConfiguration:
      Did not match:
         - AnyNestedCondition 0 matched 2 did not; NestedCondition on MetricsAspectsAutoConfiguration.ObservationAnnotationsEnabledCondition.ManagementObservationsEnabledCondition @ConditionalOnProperty (management.observations.annotations.enabled=true) did not find property 'enabled'; NestedCondition on MetricsAspectsAutoConfiguration.ObservationAnnotationsEnabledCondition.MicrometerObservationsEnabledCondition @ConditionalOnProperty (micrometer.observations.annotations.enabled=true) did not find property 'enabled' (MetricsAspectsAutoConfiguration.ObservationAnnotationsEnabledCondition)
      Matched:
         - @ConditionalOnClass found required classes 'io.micrometer.core.instrument.MeterRegistry', 'org.aspectj.weaver.Advice' (OnClassCondition)

   MetricsEndpointAutoConfiguration:
      Did not match:
         - @ConditionalOnAvailableEndpoint no 'management.endpoints' property marked it as exposed (OnAvailableEndpointCondition)
      Matched:
         - @ConditionalOnClass found required class 'io.micrometer.core.annotation.Timed' (OnClassCondition)

   MicrometerTracingAutoConfiguration:
      Did not match:
         - @ConditionalOnClass did not find required class 'io.micrometer.tracing.Tracer' (OnClassCondition)

   MongoAutoConfiguration:
      Did not match:
         - @ConditionalOnClass did not find required class 'com.mongodb.client.MongoClient' (OnClassCondition)

   MongoDataAutoConfiguration:
      Did not match:
         - @ConditionalOnClass did not find required class 'com.mongodb.client.MongoClient' (OnClassCondition)

   MongoHealthContributorAutoConfiguration:
      Did not match:
         - @ConditionalOnClass did not find required class 'org.springframework.data.mongodb.core.MongoTemplate' (OnClassCondition)

   MongoMetricsAutoConfiguration:
      Did not match:
         - @ConditionalOnClass did not find required class 'com.mongodb.MongoClientSettings' (OnClassCondition)

   MongoReactiveAutoConfiguration:
      Did not match:
         - @ConditionalOnClass did not find required class 'com.mongodb.reactivestreams.client.MongoClient' (OnClassCondition)

   MongoReactiveDataAutoConfiguration:
      Did not match:
         - @ConditionalOnClass did not find required class 'com.mongodb.reactivestreams.client.MongoClient' (OnClassCondition)

   MongoReactiveHealthContributorAutoConfiguration:
      Did not match:
         - @ConditionalOnClass did not find required class 'reactor.core.publisher.Flux' (OnClassCondition)

   MongoReactiveRepositoriesAutoConfiguration:
      Did not match:
         - @ConditionalOnClass did not find required class 'com.mongodb.reactivestreams.client.MongoClient' (OnClassCondition)

   MongoRepositoriesAutoConfiguration:
      Did not match:
         - @ConditionalOnClass did not find required class 'com.mongodb.client.MongoClient' (OnClassCondition)

   MultipleOpenApiSupportConfiguration:
      Did not match:
         - AnyNestedCondition 0 matched 2 did not; NestedCondition on MultipleOpenApiSupportCondition.OnActuatorDifferentPort found non-matching nested conditions Management Port actual port type (SAME) did not match required type (DIFFERENT), @ConditionalOnProperty (springdoc.show-actuator) did not find property 'springdoc.show-actuator'; NestedCondition on MultipleOpenApiSupportCondition.OnMultipleOpenApiSupportCondition AnyNestedCondition 0 matched 2 did not; NestedCondition on MultipleOpenApiGroupsCondition.OnGroupConfigProperty @ConditionalOnProperty (springdoc.group-configs[0].group) did not find property 'springdoc.group-configs[0].group'; NestedCondition on MultipleOpenApiGroupsCondition.OnGroupedOpenApiBean @ConditionalOnBean (types: org.springdoc.core.models.GroupedOpenApi; SearchStrategy: all) did not find any beans of type org.springdoc.core.models.GroupedOpenApi (MultipleOpenApiSupportCondition)
      Matched:
         - found 'session' scope (OnWebApplicationCondition)
         - @ConditionalOnProperty (springdoc.api-docs.enabled) matched (OnPropertyCondition)

   MultipleOpenApiSupportConfiguration.SpringDocWebMvcActuatorDifferentConfiguration:
      Did not match:
         - Management Port actual port type (SAME) did not match required type (DIFFERENT) (OnManagementPortCondition)
         - Ancestor org.springdoc.webmvc.core.configuration.MultipleOpenApiSupportConfiguration did not match (ConditionEvaluationReport.AncestorsMatchedCondition)
      Matched:
         - @ConditionalOnClass found required class 'org.springframework.boot.actuate.endpoint.web.servlet.WebMvcEndpointHandlerMapping' (OnClassCondition)

   MustacheAutoConfiguration:
      Did not match:
         - @ConditionalOnClass did not find required class 'com.samskivert.mustache.Mustache' (OnClassCondition)

   Neo4jAutoConfiguration:
      Did not match:
         - @ConditionalOnClass did not find required class 'org.neo4j.driver.Driver' (OnClassCondition)

   Neo4jDataAutoConfiguration:
      Did not match:
         - @ConditionalOnClass did not find required class 'org.neo4j.driver.Driver' (OnClassCondition)

   Neo4jHealthContributorAutoConfiguration:
      Did not match:
         - @ConditionalOnClass did not find required class 'org.neo4j.driver.Driver' (OnClassCondition)

   Neo4jReactiveDataAutoConfiguration:
      Did not match:
         - @ConditionalOnClass did not find required class 'org.neo4j.driver.Driver' (OnClassCondition)

   Neo4jReactiveRepositoriesAutoConfiguration:
      Did not match:
         - @ConditionalOnClass did not find required class 'org.neo4j.driver.Driver' (OnClassCondition)

   Neo4jRepositoriesAutoConfiguration:
      Did not match:
         - @ConditionalOnClass did not find required class 'org.neo4j.driver.Driver' (OnClassCondition)

   NettyAutoConfiguration:
      Did not match:
         - @ConditionalOnClass did not find required class 'io.netty.util.NettyRuntime' (OnClassCondition)

   NewRelicMetricsExportAutoConfiguration:
      Did not match:
         - @ConditionalOnClass did not find required class 'io.micrometer.newrelic.NewRelicMeterRegistry' (OnClassCondition)

   NoOpMeterRegistryConfiguration:
      Did not match:
         - @ConditionalOnMissingBean (types: io.micrometer.core.instrument.MeterRegistry; SearchStrategy: all) found beans of type 'io.micrometer.core.instrument.MeterRegistry' simpleMeterRegistry (OnBeanCondition)

   NoopTracerAutoConfiguration:
      Did not match:
         - @ConditionalOnClass did not find required class 'io.micrometer.tracing.Tracer' (OnClassCondition)

   OAuth2AuthorizationServerAutoConfiguration:
      Did not match:
         - @ConditionalOnClass did not find required class 'org.springframework.security.oauth2.server.authorization.OAuth2Authorization' (OnClassCondition)

   OAuth2AuthorizationServerJwtAutoConfiguration:
      Did not match:
         - @ConditionalOnClass did not find required class 'org.springframework.security.oauth2.server.authorization.OAuth2Authorization' (OnClassCondition)

   OAuth2ClientAutoConfiguration:
      Did not match:
         - @ConditionalOnClass did not find required class 'org.springframework.security.oauth2.client.registration.ClientRegistration' (OnClassCondition)

   OAuth2ResourceServerAutoConfiguration:
      Did not match:
         - @ConditionalOnClass did not find required class 'org.springframework.security.oauth2.server.resource.authentication.BearerTokenAuthenticationToken' (OnClassCondition)

   ObservationAutoConfiguration.MeterObservationHandlerConfiguration.TracingAndMetricsObservationHandlerConfiguration:
      Did not match:
         - @ConditionalOnBean did not find required type 'io.micrometer.tracing.Tracer' (OnBeanCondition)
         - @ConditionalOnBean (types: io.micrometer.tracing.Tracer; SearchStrategy: all) did not find any beans of type io.micrometer.tracing.Tracer (OnBeanCondition)

   ObservationAutoConfiguration.MetricsWithTracingConfiguration:
      Did not match:
         - @ConditionalOnClass did not find required class 'io.micrometer.tracing.Tracer' (OnClassCondition)

   ObservationAutoConfiguration.OnlyTracingConfiguration:
      Did not match:
         - @ConditionalOnClass did not find required class 'io.micrometer.tracing.Tracer' (OnClassCondition)

   org.springframework.boot.actuate.autoconfigure.opentelemetry.OpenTelemetryAutoConfiguration:
      Did not match:
         - @ConditionalOnClass did not find required class 'io.opentelemetry.sdk.OpenTelemetrySdk' (OnClassCondition)

   org.springframework.boot.actuate.autoconfigure.tracing.OpenTelemetryAutoConfiguration:
      Did not match:
         - @ConditionalOnClass did not find required class 'io.micrometer.tracing.otel.bridge.OtelTracer' (OnClassCondition)

   OtlpAutoConfiguration:
      Did not match:
         - @ConditionalOnClass did not find required class 'io.micrometer.tracing.otel.bridge.OtelTracer' (OnClassCondition)

   OtlpMetricsExportAutoConfiguration:
      Did not match:
         - @ConditionalOnClass did not find required class 'io.micrometer.registry.otlp.OtlpMeterRegistry' (OnClassCondition)

   ProjectInfoAutoConfiguration#buildProperties:
      Did not match:
         - @ConditionalOnResource did not find resource '${spring.info.build.location:classpath:META-INF/build-info.properties}' (OnResourceCondition)

   ProjectInfoAutoConfiguration#gitProperties:
      Did not match:
         - GitResource did not find git info at classpath:git.properties (ProjectInfoAutoConfiguration.GitResourceAvailableCondition)

   PrometheusExemplarsAutoConfiguration:
      Did not match:
         - @ConditionalOnClass did not find required class 'io.micrometer.tracing.Tracer' (OnClassCondition)

   PrometheusMetricsExportAutoConfiguration:
      Did not match:
         - @ConditionalOnClass did not find required class 'io.micrometer.prometheus.PrometheusMeterRegistry' (OnClassCondition)

   PulsarAutoConfiguration:
      Did not match:
         - @ConditionalOnClass did not find required class 'org.apache.pulsar.client.api.PulsarClient' (OnClassCondition)

   PulsarReactiveAutoConfiguration:
      Did not match:
         - @ConditionalOnClass did not find required class 'org.apache.pulsar.client.api.PulsarClient' (OnClassCondition)

   QuartzAutoConfiguration:
      Did not match:
         - @ConditionalOnClass did not find required class 'org.quartz.Scheduler' (OnClassCondition)

   QuartzEndpointAutoConfiguration:
      Did not match:
         - @ConditionalOnClass did not find required class 'org.quartz.Scheduler' (OnClassCondition)

   R2dbcAutoConfiguration:
      Did not match:
         - @ConditionalOnClass did not find required class 'io.r2dbc.spi.ConnectionFactory' (OnClassCondition)

   R2dbcDataAutoConfiguration:
      Did not match:
         - @ConditionalOnClass did not find required class 'org.springframework.data.r2dbc.core.R2dbcEntityTemplate' (OnClassCondition)

   R2dbcInitializationConfiguration:
      Did not match:
         - @ConditionalOnClass did not find required classes 'io.r2dbc.spi.ConnectionFactory', 'org.springframework.r2dbc.connection.init.DatabasePopulator' (OnClassCondition)

   R2dbcObservationAutoConfiguration:
      Did not match:
         - @ConditionalOnClass did not find required class 'io.r2dbc.proxy.ProxyConnectionFactory' (OnClassCondition)

   R2dbcRepositoriesAutoConfiguration:
      Did not match:
         - @ConditionalOnClass did not find required class 'io.r2dbc.spi.ConnectionFactory' (OnClassCondition)

   R2dbcTransactionManagerAutoConfiguration:
      Did not match:
         - @ConditionalOnClass did not find required class 'org.springframework.r2dbc.connection.R2dbcTransactionManager' (OnClassCondition)

   RSocketGraphQlClientAutoConfiguration:
      Did not match:
         - @ConditionalOnClass did not find required class 'graphql.GraphQL' (OnClassCondition)

   RSocketMessagingAutoConfiguration:
      Did not match:
         - @ConditionalOnClass did not find required class 'io.rsocket.RSocket' (OnClassCondition)

   RSocketRequesterAutoConfiguration:
      Did not match:
         - @ConditionalOnClass did not find required class 'io.rsocket.RSocket' (OnClassCondition)

   RSocketSecurityAutoConfiguration:
      Did not match:
         - @ConditionalOnClass did not find required class 'org.springframework.security.rsocket.core.SecuritySocketAcceptorInterceptor' (OnClassCondition)

   RSocketServerAutoConfiguration:
      Did not match:
         - @ConditionalOnClass did not find required class 'io.rsocket.core.RSocketServer' (OnClassCondition)

   RSocketStrategiesAutoConfiguration:
      Did not match:
         - @ConditionalOnClass did not find required class 'io.netty.buffer.PooledByteBufAllocator' (OnClassCondition)

   RabbitAutoConfiguration:
      Did not match:
         - @ConditionalOnClass did not find required class 'com.rabbitmq.client.Channel' (OnClassCondition)

   RabbitHealthContributorAutoConfiguration:
      Did not match:
         - @ConditionalOnClass did not find required class 'org.springframework.amqp.rabbit.core.RabbitTemplate' (OnClassCondition)

   RabbitMetricsAutoConfiguration:
      Did not match:
         - @ConditionalOnClass did not find required class 'com.rabbitmq.client.ConnectionFactory' (OnClassCondition)

   ReactiveCloudFoundryActuatorAutoConfiguration:
      Did not match:
         - @ConditionalOnWebApplication did not find reactive web application classes (OnWebApplicationCondition)

   ReactiveElasticsearchClientAutoConfiguration:
      Did not match:
         - @ConditionalOnClass did not find required class 'co.elastic.clients.transport.ElasticsearchTransport' (OnClassCondition)

   ReactiveElasticsearchRepositoriesAutoConfiguration:
      Did not match:
         - @ConditionalOnClass did not find required class 'org.springframework.data.elasticsearch.client.elc.ReactiveElasticsearchClient' (OnClassCondition)

   ReactiveHealthEndpointConfiguration:
      Did not match:
         - @ConditionalOnClass did not find required class 'reactor.core.publisher.Flux' (OnClassCondition)

   ReactiveManagementContextAutoConfiguration:
      Did not match:
         - @ConditionalOnClass did not find required class 'reactor.core.publisher.Flux' (OnClassCondition)

   ReactiveManagementWebSecurityAutoConfiguration:
      Did not match:
         - @ConditionalOnWebApplication did not find reactive web application classes (OnWebApplicationCondition)

   ReactiveMultipartAutoConfiguration:
      Did not match:
         - @ConditionalOnClass did not find required class 'org.springframework.web.reactive.config.WebFluxConfigurer' (OnClassCondition)

   ReactiveOAuth2ClientAutoConfiguration:
      Did not match:
         - @ConditionalOnClass did not find required class 'reactor.core.publisher.Flux' (OnClassCondition)

   ReactiveOAuth2ResourceServerAutoConfiguration:
      Did not match:
         - @ConditionalOnWebApplication did not find reactive web application classes (OnWebApplicationCondition)

   ReactiveSecurityAutoConfiguration:
      Did not match:
         - @ConditionalOnClass did not find required class 'reactor.core.publisher.Flux' (OnClassCondition)

   ReactiveUserDetailsServiceAutoConfiguration:
      Did not match:
         - AnyNestedCondition 0 matched 2 did not; NestedCondition on ReactiveUserDetailsServiceAutoConfiguration.RSocketEnabledOrReactiveWebApplication.ReactiveWebApplicationCondition did not find reactive web application classes; NestedCondition on ReactiveUserDetailsServiceAutoConfiguration.RSocketEnabledOrReactiveWebApplication.RSocketSecurityEnabledCondition @ConditionalOnBean (types: org.springframework.messaging.rsocket.annotation.support.RSocketMessageHandler; SearchStrategy: all) did not find any beans of type org.springframework.messaging.rsocket.annotation.support.RSocketMessageHandler (ReactiveUserDetailsServiceAutoConfiguration.RSocketEnabledOrReactiveWebApplication)
      Matched:
         - @ConditionalOnClass found required class 'org.springframework.security.authentication.ReactiveAuthenticationManager' (OnClassCondition)
         - AnyNestedCondition 3 matched 0 did not; NestedCondition on ReactiveUserDetailsServiceAutoConfiguration.MissingAlternativeOrUserPropertiesConfigured.PasswordConfigured @ConditionalOnProperty (spring.security.user.password) matched; NestedCondition on ReactiveUserDetailsServiceAutoConfiguration.MissingAlternativeOrUserPropertiesConfigured.NameConfigured @ConditionalOnProperty (spring.security.user.name) matched; NestedCondition on ReactiveUserDetailsServiceAutoConfiguration.MissingAlternativeOrUserPropertiesConfigured.MissingAlternative @ConditionalOnMissingClass did not find unwanted classes 'org.springframework.security.oauth2.client.registration.ClientRegistrationRepository', 'org.springframework.security.oauth2.server.resource.introspection.ReactiveOpaqueTokenIntrospector' (ReactiveUserDetailsServiceAutoConfiguration.MissingAlternativeOrUserPropertiesConfigured)

   ReactiveWebServerFactoryAutoConfiguration:
      Did not match:
         - @ConditionalOnWebApplication did not find reactive web application classes (OnWebApplicationCondition)

   ReactorAutoConfiguration:
      Did not match:
         - @ConditionalOnClass did not find required class 'reactor.core.publisher.Hooks' (OnClassCondition)

   RedisAutoConfiguration:
      Did not match:
         - @ConditionalOnClass did not find required class 'org.springframework.data.redis.core.RedisOperations' (OnClassCondition)

   RedisCacheConfiguration:
      Did not match:
         - @ConditionalOnClass did not find required class 'org.springframework.data.redis.connection.RedisConnectionFactory' (OnClassCondition)

   RedisHealthContributorAutoConfiguration:
      Did not match:
         - @ConditionalOnClass did not find required class 'org.springframework.data.redis.connection.RedisConnectionFactory' (OnClassCondition)

   RedisReactiveAutoConfiguration:
      Did not match:
         - @ConditionalOnClass did not find required class 'reactor.core.publisher.Flux' (OnClassCondition)

   RedisReactiveHealthContributorAutoConfiguration:
      Did not match:
         - @ConditionalOnClass did not find required class 'reactor.core.publisher.Flux' (OnClassCondition)

   RedisRepositoriesAutoConfiguration:
      Did not match:
         - @ConditionalOnClass did not find required class 'org.springframework.data.redis.repository.configuration.EnableRedisRepositories' (OnClassCondition)

   RepositoryRestMvcAutoConfiguration:
      Did not match:
         - @ConditionalOnClass did not find required class 'org.springframework.data.rest.webmvc.config.RepositoryRestMvcConfiguration' (OnClassCondition)

   Saml2RelyingPartyAutoConfiguration:
      Did not match:
         - @ConditionalOnClass did not find required class 'org.springframework.security.saml2.provider.service.registration.RelyingPartyRegistrationRepository' (OnClassCondition)

   ScheduledTasksEndpointAutoConfiguration:
      Did not match:
         - @ConditionalOnAvailableEndpoint no 'management.endpoints' property marked it as exposed (OnAvailableEndpointCondition)

   SecurityDataConfiguration:
      Did not match:
         - @ConditionalOnClass did not find required class 'org.springframework.security.data.repository.query.SecurityEvaluationContextExtension' (OnClassCondition)

   SecurityRequestMatchersManagementContextConfiguration.JerseyRequestMatcherConfiguration:
      Did not match:
         - @ConditionalOnClass did not find required class 'org.glassfish.jersey.server.ResourceConfig' (OnClassCondition)

   SendGridAutoConfiguration:
      Did not match:
         - @ConditionalOnClass did not find required class 'com.sendgrid.SendGrid' (OnClassCondition)

   ServletEndpointManagementContextConfiguration.JerseyServletEndpointManagementContextConfiguration:
      Did not match:
         - @ConditionalOnClass did not find required class 'org.glassfish.jersey.server.ResourceConfig' (OnClassCondition)

   ServletManagementContextAutoConfiguration.ApplicationContextFilterConfiguration:
      Did not match:
         - @ConditionalOnProperty (management.server.add-application-context-header=true) did not find property 'add-application-context-header' (OnPropertyCondition)

   ServletWebServerFactoryAutoConfiguration.ForwardedHeaderFilterConfiguration:
      Did not match:
         - @ConditionalOnProperty (server.forward-headers-strategy=framework) did not find property 'server.forward-headers-strategy' (OnPropertyCondition)

   ServletWebServerFactoryConfiguration.EmbeddedJetty:
      Did not match:
         - @ConditionalOnClass did not find required classes 'org.eclipse.jetty.server.Server', 'org.eclipse.jetty.util.Loader', 'org.eclipse.jetty.ee10.webapp.WebAppContext' (OnClassCondition)

   ServletWebServerFactoryConfiguration.EmbeddedUndertow:
      Did not match:
         - @ConditionalOnClass did not find required classes 'io.undertow.Undertow', 'org.xnio.SslClientAuthMode' (OnClassCondition)

   SessionAutoConfiguration:
      Did not match:
         - @ConditionalOnClass did not find required class 'org.springframework.session.Session' (OnClassCondition)

   SessionsEndpointAutoConfiguration:
      Did not match:
         - @ConditionalOnClass did not find required class 'org.springframework.session.FindByIndexNameSessionRepository' (OnClassCondition)

   ShutdownEndpointAutoConfiguration:
      Did not match:
         - @ConditionalOnAvailableEndpoint no property management.endpoint.shutdown.enabled found so using endpoint default of false (OnAvailableEndpointCondition)

   SignalFxMetricsExportAutoConfiguration:
      Did not match:
         - @ConditionalOnClass did not find required class 'io.micrometer.signalfx.SignalFxMeterRegistry' (OnClassCondition)

   SpringApplicationAdminJmxAutoConfiguration:
      Did not match:
         - @ConditionalOnProperty (spring.application.admin.enabled=true) did not find property 'enabled' (OnPropertyCondition)

   SpringBootWebSecurityConfiguration.SecurityFilterChainConfiguration:
      Did not match:
         - AllNestedConditions 1 matched 1 did not; NestedCondition on DefaultWebSecurityCondition.Beans @ConditionalOnMissingBean (types: org.springframework.security.web.SecurityFilterChain; SearchStrategy: all) found beans of type 'org.springframework.security.web.SecurityFilterChain' securityFilterChain; NestedCondition on DefaultWebSecurityCondition.Classes @ConditionalOnClass found required classes 'org.springframework.security.web.SecurityFilterChain', 'org.springframework.security.config.annotation.web.builders.HttpSecurity' (DefaultWebSecurityCondition)

   SpringBootWebSecurityConfiguration.WebSecurityEnablerConfiguration:
      Did not match:
         - @ConditionalOnMissingBean (names: springSecurityFilterChain; SearchStrategy: all) found beans named springSecurityFilterChain (OnBeanCondition)
      Matched:
         - @ConditionalOnClass found required class 'org.springframework.security.config.annotation.web.configuration.EnableWebSecurity' (OnClassCondition)

   SpringDocConfiguration#propertiesResolverForSchema:
      Did not match:
         - @ConditionalOnProperty (springdoc.api-docs.resolve-schema-properties) did not find property 'springdoc.api-docs.resolve-schema-properties' (OnPropertyCondition)

   SpringDocConfiguration#propertyCustomizingConverter:
      Did not match:
         - @ConditionalOnBean (types: org.springdoc.core.customizers.PropertyCustomizer; SearchStrategy: all) did not find any beans of type org.springdoc.core.customizers.PropertyCustomizer (OnBeanCondition)

   SpringDocConfiguration#springdocBeanFactoryPostProcessor:
      Did not match:
         - AnyNestedCondition 0 matched 2 did not; NestedCondition on CacheOrGroupedOpenApiCondition.OnCacheDisabled found non-matching nested conditions @ConditionalOnProperty (springdoc.cache.disabled) did not find property 'springdoc.cache.disabled'; NestedCondition on CacheOrGroupedOpenApiCondition.OnMultipleOpenApiSupportCondition AnyNestedCondition 0 matched 2 did not; NestedCondition on MultipleOpenApiSupportCondition.OnActuatorDifferentPort found non-matching nested conditions Management Port actual port type (SAME) did not match required type (DIFFERENT), @ConditionalOnProperty (springdoc.show-actuator) did not find property 'springdoc.show-actuator'; NestedCondition on MultipleOpenApiSupportCondition.OnMultipleOpenApiSupportCondition AnyNestedCondition 0 matched 2 did not; NestedCondition on MultipleOpenApiGroupsCondition.OnGroupConfigProperty @ConditionalOnProperty (springdoc.group-configs[0].group) did not find property 'springdoc.group-configs[0].group'; NestedCondition on MultipleOpenApiGroupsCondition.OnGroupedOpenApiBean @ConditionalOnBean (types: org.springdoc.core.models.GroupedOpenApi; SearchStrategy: all) did not find any beans of type org.springdoc.core.models.GroupedOpenApi (CacheOrGroupedOpenApiCondition)
      Matched:
         - @ConditionalOnClass found required class 'org.springframework.boot.context.properties.bind.BindResult' (OnClassCondition)

   SpringDocConfiguration#springdocBeanFactoryPostProcessor2:
      Did not match:
         - @ConditionalOnMissingClass found unwanted class 'org.springframework.boot.context.properties.bind.BindResult' (OnClassCondition)

   SpringDocConfiguration.SpringDocActuatorConfiguration:
      Did not match:
         - @ConditionalOnProperty (springdoc.show-actuator) did not find property 'springdoc.show-actuator' (OnPropertyCondition)
      Matched:
         - @ConditionalOnClass found required class 'org.springframework.boot.actuate.autoconfigure.endpoint.web.WebEndpointProperties' (OnClassCondition)

   SpringDocConfiguration.SpringDocRepositoryRestConfiguration:
      Did not match:
         - @ConditionalOnClass did not find required class 'org.springframework.data.rest.core.config.RepositoryRestConfiguration' (OnClassCondition)

   SpringDocConfiguration.SpringDocWebFluxSupportConfiguration:
      Did not match:
         - @ConditionalOnClass did not find required class 'reactor.core.publisher.Flux' (OnClassCondition)

   SpringDocDataRestConfiguration:
      Did not match:
         - @ConditionalOnClass did not find required class 'org.springframework.data.rest.core.config.RepositoryRestConfiguration' (OnClassCondition)

   SpringDocFunctionCatalogConfiguration:
      Did not match:
         - @ConditionalOnClass did not find required class 'org.springframework.cloud.function.web.function.FunctionEndpointInitializer' (OnClassCondition)

   SpringDocGroovyConfiguration:
      Did not match:
         - @ConditionalOnClass did not find required class 'groovy.lang.MetaClass' (OnClassCondition)

   SpringDocHateoasConfiguration:
      Did not match:
         - @ConditionalOnClass did not find required class 'org.springframework.hateoas.server.LinkRelationProvider' (OnClassCondition)

   SpringDocJacksonKotlinModuleConfiguration:
      Did not match:
         - @ConditionalOnClass did not find required class 'com.fasterxml.jackson.module.kotlin.KotlinModule' (OnClassCondition)

   SpringDocJavadocConfiguration:
      Did not match:
         - @ConditionalOnClass did not find required class 'com.github.therapi.runtimejavadoc.CommentFormatter' (OnClassCondition)

   SpringDocKotlinConfiguration:
      Did not match:
         - @ConditionalOnClass did not find required class 'kotlin.coroutines.Continuation' (OnClassCondition)

   SpringDocKotlinxConfiguration:
      Did not match:
         - @ConditionalOnClass did not find required class 'kotlinx.coroutines.flow.Flow' (OnClassCondition)

   SpringDocSecurityConfiguration.SpringDocSecurityOAuth2Configuration:
      Did not match:
         - @ConditionalOnClass did not find required class 'org.springframework.security.oauth2.server.authorization.OAuth2AuthorizationService' (OnClassCondition)

   SpringDocSecurityConfiguration.SpringSecurityLoginEndpointConfiguration#springSecurityLoginEndpointCustomiser:
      Did not match:
         - @ConditionalOnProperty (springdoc.show-login-endpoint) did not find property 'springdoc.show-login-endpoint' (OnPropertyCondition)

   SpringDocSortConfiguration#delegatingMethodParameterCustomizer:
      Did not match:
         - @ConditionalOnMissingBean (types: org.springdoc.core.customizers.DelegatingMethodParameterCustomizer; SearchStrategy: all) found beans of type 'org.springdoc.core.customizers.DelegatingMethodParameterCustomizer' delegatingMethodParameterCustomizer (OnBeanCondition)

   SpringDocWebMvcConfiguration.SpringDocWebMvcActuatorConfiguration#actuatorProvider:
      Did not match:
         - @ConditionalOnExpression (#{${springdoc.show-actuator:false} or ${springdoc.use-management-port:false}}) resulted in false (OnExpressionCondition)

   SpringDocWebMvcConfiguration.SpringDocWebMvcActuatorConfiguration#openApiActuatorResource:
      Did not match:
         - @ConditionalOnExpression (#{${springdoc.use-management-port:false} and ${springdoc.enable-default-api-docs:true}}) resulted in false (OnExpressionCondition)

   StackdriverMetricsExportAutoConfiguration:
      Did not match:
         - @ConditionalOnClass did not find required class 'io.micrometer.stackdriver.StackdriverMeterRegistry' (OnClassCondition)

   StartupEndpointAutoConfiguration:
      Did not match:
         - ApplicationStartup configured applicationStartup is of type class org.springframework.core.metrics.DefaultApplicationStartup, expected BufferingApplicationStartup. (StartupEndpointAutoConfiguration.ApplicationStartupCondition)

   StatsdMetricsExportAutoConfiguration:
      Did not match:
         - @ConditionalOnClass did not find required class 'io.micrometer.statsd.StatsdMeterRegistry' (OnClassCondition)

   SwaggerConfig#springWebProvider:
      Did not match:
         - @ConditionalOnMissingBean (types: org.springdoc.core.providers.SpringWebProvider; SearchStrategy: all) found beans of type 'org.springdoc.core.providers.SpringWebProvider' springWebProvider (OnBeanCondition)

   SwaggerConfig#swaggerUiConfigParameters:
      Did not match:
         - @ConditionalOnMissingBean (types: org.springdoc.core.properties.SwaggerUiConfigParameters; SearchStrategy: all) found beans of type 'org.springdoc.core.properties.SwaggerUiConfigParameters' org.springdoc.core.properties.SwaggerUiConfigParameters (OnBeanCondition)

   SwaggerConfig#swaggerUiHome:
      Did not match:
         - @ConditionalOnProperty (springdoc.swagger-ui.use-root-path=true) did not find property 'springdoc.swagger-ui.use-root-path' (OnPropertyCondition)

   SwaggerConfig.SwaggerActuatorWelcomeConfiguration:
      Did not match:
         - @ConditionalOnProperty (springdoc.use-management-port) did not find property 'springdoc.use-management-port' (OnPropertyCondition)
      Matched:
         - @ConditionalOnClass found required class 'org.springframework.boot.actuate.endpoint.web.servlet.WebMvcEndpointHandlerMapping' (OnClassCondition)

   TaskExecutorConfigurations.SimpleAsyncTaskExecutorBuilderConfiguration#simpleAsyncTaskExecutorBuilderVirtualThreads:
      Did not match:
         - @ConditionalOnMissingBean (types: org.springframework.boot.task.SimpleAsyncTaskExecutorBuilder; SearchStrategy: all) found beans of type 'org.springframework.boot.task.SimpleAsyncTaskExecutorBuilder' simpleAsyncTaskExecutorBuilder (OnBeanCondition)

   TaskExecutorConfigurations.TaskExecutorConfiguration#applicationTaskExecutorVirtualThreads:
      Did not match:
         - @ConditionalOnThreading did not find VIRTUAL (OnThreadingCondition)

   TaskSchedulingAutoConfiguration#scheduledBeanLazyInitializationExcludeFilter:
      Did not match:
         - @ConditionalOnBean (names: org.springframework.context.annotation.internalScheduledAnnotationProcessor; SearchStrategy: all) did not find any beans named org.springframework.context.annotation.internalScheduledAnnotationProcessor (OnBeanCondition)

   TaskSchedulingConfigurations.SimpleAsyncTaskSchedulerBuilderConfiguration#simpleAsyncTaskSchedulerBuilderVirtualThreads:
      Did not match:
         - @ConditionalOnMissingBean (types: org.springframework.boot.task.SimpleAsyncTaskSchedulerBuilder; SearchStrategy: all) found beans of type 'org.springframework.boot.task.SimpleAsyncTaskSchedulerBuilder' simpleAsyncTaskSchedulerBuilder (OnBeanCondition)

   TaskSchedulingConfigurations.TaskSchedulerConfiguration:
      Did not match:
         - @ConditionalOnBean (names: org.springframework.context.annotation.internalScheduledAnnotationProcessor; SearchStrategy: all) did not find any beans named org.springframework.context.annotation.internalScheduledAnnotationProcessor (OnBeanCondition)

   ThreadDumpEndpointAutoConfiguration:
      Did not match:
         - @ConditionalOnAvailableEndpoint no 'management.endpoints' property marked it as exposed (OnAvailableEndpointCondition)

   ThymeleafAutoConfiguration:
      Did not match:
         - @ConditionalOnClass did not find required class 'org.thymeleaf.spring6.SpringTemplateEngine' (OnClassCondition)

   TransactionAutoConfiguration#transactionalOperator:
      Did not match:
         - @ConditionalOnSingleCandidate (types: org.springframework.transaction.ReactiveTransactionManager; SearchStrategy: all) did not find any beans (OnBeanCondition)

   TransactionAutoConfiguration.AspectJTransactionManagementConfiguration:
      Did not match:
         - @ConditionalOnBean (types: org.springframework.transaction.aspectj.AbstractTransactionAspect; SearchStrategy: all) did not find any beans of type org.springframework.transaction.aspectj.AbstractTransactionAspect (OnBeanCondition)

   TransactionAutoConfiguration.EnableTransactionManagementConfiguration.JdkDynamicAutoProxyConfiguration:
      Did not match:
         - @ConditionalOnProperty (spring.aop.proxy-target-class=false) did not find property 'proxy-target-class' (OnPropertyCondition)

   UserDetailsServiceAutoConfiguration:
      Did not match:
         - @ConditionalOnMissingBean (types: org.springframework.security.authentication.AuthenticationManager,org.springframework.security.authentication.AuthenticationProvider,org.springframework.security.core.userdetails.UserDetailsService,org.springframework.security.authentication.AuthenticationManagerResolver,org.springframework.security.oauth2.jwt.JwtDecoder; SearchStrategy: all) found beans of type 'org.springframework.security.authentication.AuthenticationManager' authenticationManager and found beans of type 'org.springframework.security.core.userdetails.UserDetailsService' myUserDetailsService and found beans of type 'org.springframework.security.authentication.AuthenticationProvider' authenticationProvider (OnBeanCondition)
      Matched:
         - @ConditionalOnClass found required class 'org.springframework.security.authentication.AuthenticationManager' (OnClassCondition)
         - AnyNestedCondition 3 matched 0 did not; NestedCondition on UserDetailsServiceAutoConfiguration.MissingAlternativeOrUserPropertiesConfigured.PasswordConfigured @ConditionalOnProperty (spring.security.user.password) matched; NestedCondition on UserDetailsServiceAutoConfiguration.MissingAlternativeOrUserPropertiesConfigured.NameConfigured @ConditionalOnProperty (spring.security.user.name) matched; NestedCondition on UserDetailsServiceAutoConfiguration.MissingAlternativeOrUserPropertiesConfigured.MissingAlternative @ConditionalOnMissingClass did not find unwanted classes 'org.springframework.security.oauth2.client.registration.ClientRegistrationRepository', 'org.springframework.security.oauth2.server.resource.introspection.OpaqueTokenIntrospector', 'org.springframework.security.saml2.provider.service.registration.RelyingPartyRegistrationRepository' (UserDetailsServiceAutoConfiguration.MissingAlternativeOrUserPropertiesConfigured)

   WavefrontAutoConfiguration:
      Did not match:
         - @ConditionalOnClass did not find required class 'com.wavefront.sdk.common.application.ApplicationTags' (OnClassCondition)

   WavefrontMetricsExportAutoConfiguration:
      Did not match:
         - @ConditionalOnClass did not find required class 'com.wavefront.sdk.common.WavefrontSender' (OnClassCondition)

   WavefrontTracingAutoConfiguration:
      Did not match:
         - @ConditionalOnClass did not find required class 'com.wavefront.sdk.common.WavefrontSender' (OnClassCondition)

   WebClientAutoConfiguration:
      Did not match:
         - @ConditionalOnClass did not find required class 'org.springframework.web.reactive.function.client.WebClient' (OnClassCondition)

   WebClientObservationConfiguration:
      Did not match:
         - @ConditionalOnClass did not find required class 'org.springframework.web.reactive.function.client.WebClient' (OnClassCondition)

   WebFluxAutoConfiguration:
      Did not match:
         - @ConditionalOnClass did not find required class 'org.springframework.web.reactive.config.WebFluxConfigurer' (OnClassCondition)

   WebFluxEndpointManagementContextConfiguration:
      Did not match:
         - @ConditionalOnClass did not find required class 'org.springframework.web.reactive.DispatcherHandler' (OnClassCondition)

   WebFluxObservationAutoConfiguration:
      Did not match:
         - @ConditionalOnWebApplication did not find reactive web application classes (OnWebApplicationCondition)

   WebMvcAutoConfiguration#hiddenHttpMethodFilter:
      Did not match:
         - @ConditionalOnProperty (spring.mvc.hiddenmethod.filter.enabled) did not find property 'enabled' (OnPropertyCondition)

   WebMvcAutoConfiguration.ProblemDetailsErrorHandlingConfiguration:
      Did not match:
         - @ConditionalOnProperty (spring.mvc.problemdetails.enabled=true) did not find property 'enabled' (OnPropertyCondition)

   WebMvcAutoConfiguration.ResourceChainCustomizerConfiguration:
      Did not match:
         - @ConditionalOnEnabledResourceChain did not find class org.webjars.WebJarAssetLocator (OnEnabledResourceChainCondition)

   WebMvcAutoConfiguration.WebMvcAutoConfigurationAdapter#beanNameViewResolver:
      Did not match:
         - @ConditionalOnMissingBean (types: org.springframework.web.servlet.view.BeanNameViewResolver; SearchStrategy: all) found beans of type 'org.springframework.web.servlet.view.BeanNameViewResolver' beanNameViewResolver (OnBeanCondition)

   WebMvcEndpointManagementContextConfiguration#managementHealthEndpointWebMvcHandlerMapping:
      Did not match:
         - Management Port actual port type (SAME) did not match required type (DIFFERENT) (OnManagementPortCondition)

   WebServiceTemplateAutoConfiguration:
      Did not match:
         - @ConditionalOnClass did not find required class 'org.springframework.oxm.Marshaller' (OnClassCondition)

   WebServicesAutoConfiguration:
      Did not match:
         - @ConditionalOnClass did not find required class 'org.springframework.ws.transport.http.MessageDispatcherServlet' (OnClassCondition)

   WebSessionIdResolverAutoConfiguration:
      Did not match:
         - @ConditionalOnClass did not find required class 'reactor.core.publisher.Mono' (OnClassCondition)

   WebSocketMessagingAutoConfiguration:
      Did not match:
         - @ConditionalOnClass did not find required class 'org.springframework.web.socket.config.annotation.WebSocketMessageBrokerConfigurer' (OnClassCondition)

   WebSocketReactiveAutoConfiguration:
      Did not match:
         - @ConditionalOnWebApplication did not find reactive web application classes (OnWebApplicationCondition)

   WebSocketServletAutoConfiguration.JettyWebSocketConfiguration:
      Did not match:
         - @ConditionalOnClass did not find required class 'org.eclipse.jetty.ee10.websocket.jakarta.server.config.JakartaWebSocketServletContainerInitializer' (OnClassCondition)

   WebSocketServletAutoConfiguration.UndertowWebSocketConfiguration:
      Did not match:
         - @ConditionalOnClass did not find required class 'io.undertow.websockets.jsr.Bootstrap' (OnClassCondition)

   XADataSourceAutoConfiguration:
      Did not match:
         - @ConditionalOnBean (types: org.springframework.boot.jdbc.XADataSourceWrapper; SearchStrategy: all) did not find any beans of type org.springframework.boot.jdbc.XADataSourceWrapper (OnBeanCondition)
      Matched:
         - @ConditionalOnClass found required classes 'javax.sql.DataSource', 'jakarta.transaction.TransactionManager', 'org.springframework.jdbc.datasource.embedded.EmbeddedDatabaseType' (OnClassCondition)

   ZipkinAutoConfiguration:
      Did not match:
         - @ConditionalOnClass did not find required class 'zipkin2.reporter.Sender' (OnClassCondition)


Exclusions:
-----------

    None


Unconditional classes:
----------------------

    org.springframework.boot.autoconfigure.context.ConfigurationPropertiesAutoConfiguration

    org.springframework.boot.actuate.autoconfigure.availability.AvailabilityHealthContributorAutoConfiguration

    org.springframework.boot.autoconfigure.ssl.SslAutoConfiguration

    org.springframework.boot.actuate.autoconfigure.info.InfoContributorAutoConfiguration

    org.springframework.boot.autoconfigure.context.PropertyPlaceholderAutoConfiguration

    org.springframework.boot.autoconfigure.context.LifecycleAutoConfiguration

    org.springframework.boot.actuate.autoconfigure.metrics.integration.IntegrationMetricsAutoConfiguration

    org.springframework.boot.actuate.autoconfigure.endpoint.EndpointAutoConfiguration

    org.springframework.boot.actuate.autoconfigure.web.server.ManagementContextAutoConfiguration

    org.springframework.boot.actuate.autoconfigure.health.HealthContributorAutoConfiguration

    org.springframework.boot.actuate.autoconfigure.endpoint.jackson.JacksonEndpointAutoConfiguration

    org.springdoc.core.configuration.SpringDocSpecPropertiesConfiguration

    org.springframework.boot.autoconfigure.availability.ApplicationAvailabilityAutoConfiguration

    org.springframework.boot.autoconfigure.info.ProjectInfoAutoConfiguration



2026-09-02T19:59:39.730+05:30 ERROR 22224 --- [smartwatch-leaderboard] [main] o.s.boot.SpringApplication               : Application run failed

org.springframework.beans.factory.UnsatisfiedDependencyException: Error creating bean with name 'org.springframework.boot.autoconfigure.batch.BatchAutoConfiguration$SpringBootBatchConfiguration': Unsatisfied dependency expressed through constructor parameter 2: Error creating bean with name 'transactionManager' defined in class path resource [org/springframework/boot/autoconfigure/orm/jpa/HibernateJpaConfiguration.class]: Error creating bean with name 'batchDataSourceInitializer' defined in class path resource [org/springframework/boot/autoconfigure/batch/BatchAutoConfiguration$DataSourceInitializerConfiguration.class]: Failed to instantiate [org.springframework.boot.autoconfigure.batch.BatchDataSourceScriptDatabaseInitializer]: Factory method 'batchDataSourceInitializer' threw exception with message: Failed to determine DatabaseDriver
	at org.springframework.beans.factory.support.ConstructorResolver.createArgumentArray(ConstructorResolver.java:795) ~[spring-beans-6.1.5.jar:6.1.5]
	at org.springframework.beans.factory.support.ConstructorResolver.autowireConstructor(ConstructorResolver.java:237) ~[spring-beans-6.1.5.jar:6.1.5]
	at org.springframework.beans.factory.support.AbstractAutowireCapableBeanFactory.autowireConstructor(AbstractAutowireCapableBeanFactory.java:1355) ~[spring-beans-6.1.5.jar:6.1.5]
	at org.springframework.beans.factory.support.AbstractAutowireCapableBeanFactory.createBeanInstance(AbstractAutowireCapableBeanFactory.java:1192) ~[spring-beans-6.1.5.jar:6.1.5]
	at org.springframework.beans.factory.support.AbstractAutowireCapableBeanFactory.doCreateBean(AbstractAutowireCapableBeanFactory.java:562) ~[spring-beans-6.1.5.jar:6.1.5]
	at org.springframework.beans.factory.support.AbstractAutowireCapableBeanFactory.createBean(AbstractAutowireCapableBeanFactory.java:522) ~[spring-beans-6.1.5.jar:6.1.5]
	at org.springframework.beans.factory.support.AbstractBeanFactory.lambda$doGetBean$0(AbstractBeanFactory.java:326) ~[spring-beans-6.1.5.jar:6.1.5]
	at org.springframework.beans.factory.support.DefaultSingletonBeanRegistry.getSingleton(DefaultSingletonBeanRegistry.java:234) ~[spring-beans-6.1.5.jar:6.1.5]
	at org.springframework.beans.factory.support.AbstractBeanFactory.doGetBean(AbstractBeanFactory.java:324) ~[spring-beans-6.1.5.jar:6.1.5]
	at org.springframework.beans.factory.support.AbstractBeanFactory.getBean(AbstractBeanFactory.java:200) ~[spring-beans-6.1.5.jar:6.1.5]
	at org.springframework.beans.factory.support.ConstructorResolver.instantiateUsingFactoryMethod(ConstructorResolver.java:409) ~[spring-beans-6.1.5.jar:6.1.5]
	at org.springframework.beans.factory.support.AbstractAutowireCapableBeanFactory.instantiateUsingFactoryMethod(AbstractAutowireCapableBeanFactory.java:1335) ~[spring-beans-6.1.5.jar:6.1.5]
	at org.springframework.beans.factory.support.AbstractAutowireCapableBeanFactory.createBeanInstance(AbstractAutowireCapableBeanFactory.java:1165) ~[spring-beans-6.1.5.jar:6.1.5]
	at org.springframework.beans.factory.support.AbstractAutowireCapableBeanFactory.doCreateBean(AbstractAutowireCapableBeanFactory.java:562) ~[spring-beans-6.1.5.jar:6.1.5]
	at org.springframework.beans.factory.support.AbstractAutowireCapableBeanFactory.createBean(AbstractAutowireCapableBeanFactory.java:522) ~[spring-beans-6.1.5.jar:6.1.5]
	at org.springframework.beans.factory.support.AbstractBeanFactory.lambda$doGetBean$0(AbstractBeanFactory.java:326) ~[spring-beans-6.1.5.jar:6.1.5]
	at org.springframework.beans.factory.support.DefaultSingletonBeanRegistry.getSingleton(DefaultSingletonBeanRegistry.java:234) ~[spring-beans-6.1.5.jar:6.1.5]
	at org.springframework.beans.factory.support.AbstractBeanFactory.doGetBean(AbstractBeanFactory.java:324) ~[spring-beans-6.1.5.jar:6.1.5]
	at org.springframework.beans.factory.support.AbstractBeanFactory.getBean(AbstractBeanFactory.java:205) ~[spring-beans-6.1.5.jar:6.1.5]
	at org.springframework.context.support.PostProcessorRegistrationDelegate.registerBeanPostProcessors(PostProcessorRegistrationDelegate.java:277) ~[spring-context-6.1.5.jar:6.1.5]
	at org.springframework.context.support.AbstractApplicationContext.registerBeanPostProcessors(AbstractApplicationContext.java:805) ~[spring-context-6.1.5.jar:6.1.5]
	at org.springframework.context.support.AbstractApplicationContext.refresh(AbstractApplicationContext.java:608) ~[spring-context-6.1.5.jar:6.1.5]
	at org.springframework.boot.web.servlet.context.ServletWebServerApplicationContext.refresh(ServletWebServerApplicationContext.java:146) ~[spring-boot-3.2.4.jar:3.2.4]
	at org.springframework.boot.SpringApplication.refresh(SpringApplication.java:754) ~[spring-boot-3.2.4.jar:3.2.4]
	at org.springframework.boot.SpringApplication.refreshContext(SpringApplication.java:456) ~[spring-boot-3.2.4.jar:3.2.4]
	at org.springframework.boot.SpringApplication.run(SpringApplication.java:334) ~[spring-boot-3.2.4.jar:3.2.4]
	at org.springframework.boot.SpringApplication.run(SpringApplication.java:1354) ~[spring-boot-3.2.4.jar:3.2.4]
	at org.springframework.boot.SpringApplication.run(SpringApplication.java:1343) ~[spring-boot-3.2.4.jar:3.2.4]
	at com.smartwatch.leaderboard.SmartwatchLeaderboard.main(SmartwatchLeaderboard.java:10) ~[classes/:na]
Caused by: org.springframework.beans.factory.BeanCreationException: Error creating bean with name 'transactionManager' defined in class path resource [org/springframework/boot/autoconfigure/orm/jpa/HibernateJpaConfiguration.class]: Error creating bean with name 'batchDataSourceInitializer' defined in class path resource [org/springframework/boot/autoconfigure/batch/BatchAutoConfiguration$DataSourceInitializerConfiguration.class]: Failed to instantiate [org.springframework.boot.autoconfigure.batch.BatchDataSourceScriptDatabaseInitializer]: Factory method 'batchDataSourceInitializer' threw exception with message: Failed to determine DatabaseDriver
	at org.springframework.beans.factory.support.AbstractAutowireCapableBeanFactory.doCreateBean(AbstractAutowireCapableBeanFactory.java:607) ~[spring-beans-6.1.5.jar:6.1.5]
	at org.springframework.beans.factory.support.AbstractAutowireCapableBeanFactory.createBean(AbstractAutowireCapableBeanFactory.java:522) ~[spring-beans-6.1.5.jar:6.1.5]
	at org.springframework.beans.factory.support.AbstractBeanFactory.lambda$doGetBean$0(AbstractBeanFactory.java:326) ~[spring-beans-6.1.5.jar:6.1.5]
	at org.springframework.beans.factory.support.DefaultSingletonBeanRegistry.getSingleton(DefaultSingletonBeanRegistry.java:234) ~[spring-beans-6.1.5.jar:6.1.5]
	at org.springframework.beans.factory.support.AbstractBeanFactory.doGetBean(AbstractBeanFactory.java:324) ~[spring-beans-6.1.5.jar:6.1.5]
	at org.springframework.beans.factory.support.AbstractBeanFactory.getBean(AbstractBeanFactory.java:200) ~[spring-beans-6.1.5.jar:6.1.5]
	at org.springframework.beans.factory.config.DependencyDescriptor.resolveCandidate(DependencyDescriptor.java:254) ~[spring-beans-6.1.5.jar:6.1.5]
	at org.springframework.beans.factory.support.DefaultListableBeanFactory.doResolveDependency(DefaultListableBeanFactory.java:1443) ~[spring-beans-6.1.5.jar:6.1.5]
	at org.springframework.beans.factory.support.DefaultListableBeanFactory.resolveDependency(DefaultListableBeanFactory.java:1353) ~[spring-beans-6.1.5.jar:6.1.5]
	at org.springframework.beans.factory.support.ConstructorResolver.resolveAutowiredArgument(ConstructorResolver.java:904) ~[spring-beans-6.1.5.jar:6.1.5]
	at org.springframework.beans.factory.support.ConstructorResolver.createArgumentArray(ConstructorResolver.java:782) ~[spring-beans-6.1.5.jar:6.1.5]
	... 28 common frames omitted
Caused by: org.springframework.beans.factory.BeanCreationException: Error creating bean with name 'batchDataSourceInitializer' defined in class path resource [org/springframework/boot/autoconfigure/batch/BatchAutoConfiguration$DataSourceInitializerConfiguration.class]: Failed to instantiate [org.springframework.boot.autoconfigure.batch.BatchDataSourceScriptDatabaseInitializer]: Factory method 'batchDataSourceInitializer' threw exception with message: Failed to determine DatabaseDriver
	at org.springframework.beans.factory.support.ConstructorResolver.instantiate(ConstructorResolver.java:648) ~[spring-beans-6.1.5.jar:6.1.5]
	at org.springframework.beans.factory.support.ConstructorResolver.instantiateUsingFactoryMethod(ConstructorResolver.java:636) ~[spring-beans-6.1.5.jar:6.1.5]
	at org.springframework.beans.factory.support.AbstractAutowireCapableBeanFactory.instantiateUsingFactoryMethod(AbstractAutowireCapableBeanFactory.java:1335) ~[spring-beans-6.1.5.jar:6.1.5]
	at org.springframework.beans.factory.support.AbstractAutowireCapableBeanFactory.createBeanInstance(AbstractAutowireCapableBeanFactory.java:1165) ~[spring-beans-6.1.5.jar:6.1.5]
	at org.springframework.beans.factory.support.AbstractAutowireCapableBeanFactory.doCreateBean(AbstractAutowireCapableBeanFactory.java:562) ~[spring-beans-6.1.5.jar:6.1.5]
	at org.springframework.beans.factory.support.AbstractAutowireCapableBeanFactory.createBean(AbstractAutowireCapableBeanFactory.java:522) ~[spring-beans-6.1.5.jar:6.1.5]
	at org.springframework.beans.factory.support.AbstractBeanFactory.lambda$doGetBean$0(AbstractBeanFactory.java:326) ~[spring-beans-6.1.5.jar:6.1.5]
	at org.springframework.beans.factory.support.DefaultSingletonBeanRegistry.getSingleton(DefaultSingletonBeanRegistry.java:234) ~[spring-beans-6.1.5.jar:6.1.5]
	at org.springframework.beans.factory.support.AbstractBeanFactory.doGetBean(AbstractBeanFactory.java:324) ~[spring-beans-6.1.5.jar:6.1.5]
	at org.springframework.beans.factory.support.AbstractBeanFactory.getBean(AbstractBeanFactory.java:200) ~[spring-beans-6.1.5.jar:6.1.5]
	at org.springframework.beans.factory.support.AbstractBeanFactory.doGetBean(AbstractBeanFactory.java:313) ~[spring-beans-6.1.5.jar:6.1.5]
	at org.springframework.beans.factory.support.AbstractBeanFactory.getBean(AbstractBeanFactory.java:225) ~[spring-beans-6.1.5.jar:6.1.5]
	at org.springframework.beans.factory.support.DefaultListableBeanFactory.resolveNamedBean(DefaultListableBeanFactory.java:1323) ~[spring-beans-6.1.5.jar:6.1.5]
	at org.springframework.beans.factory.support.DefaultListableBeanFactory.resolveNamedBean(DefaultListableBeanFactory.java:1284) ~[spring-beans-6.1.5.jar:6.1.5]
	at org.springframework.beans.factory.support.DefaultListableBeanFactory.resolveBean(DefaultListableBeanFactory.java:486) ~[spring-beans-6.1.5.jar:6.1.5]
	at org.springframework.beans.factory.support.DefaultListableBeanFactory.getBean(DefaultListableBeanFactory.java:341) ~[spring-beans-6.1.5.jar:6.1.5]
	at org.springframework.beans.factory.support.DefaultListableBeanFactory.getBean(DefaultListableBeanFactory.java:334) ~[spring-beans-6.1.5.jar:6.1.5]
	at org.springframework.orm.jpa.EntityManagerFactoryUtils.findEntityManagerFactory(EntityManagerFactoryUtils.java:120) ~[spring-orm-6.1.5.jar:6.1.5]
	at org.springframework.orm.jpa.JpaTransactionManager.setBeanFactory(JpaTransactionManager.java:333) ~[spring-orm-6.1.5.jar:6.1.5]
	at org.springframework.beans.factory.support.AbstractAutowireCapableBeanFactory.invokeAwareMethods(AbstractAutowireCapableBeanFactory.java:1807) ~[spring-beans-6.1.5.jar:6.1.5]
	at org.springframework.beans.factory.support.AbstractAutowireCapableBeanFactory.initializeBean(AbstractAutowireCapableBeanFactory.java:1774) ~[spring-beans-6.1.5.jar:6.1.5]
	at org.springframework.beans.factory.support.AbstractAutowireCapableBeanFactory.doCreateBean(AbstractAutowireCapableBeanFactory.java:600) ~[spring-beans-6.1.5.jar:6.1.5]
	... 38 common frames omitted
Caused by: org.springframework.beans.BeanInstantiationException: Failed to instantiate [org.springframework.boot.autoconfigure.batch.BatchDataSourceScriptDatabaseInitializer]: Factory method 'batchDataSourceInitializer' threw exception with message: Failed to determine DatabaseDriver
	at org.springframework.beans.factory.support.SimpleInstantiationStrategy.instantiate(SimpleInstantiationStrategy.java:177) ~[spring-beans-6.1.5.jar:6.1.5]
	at org.springframework.beans.factory.support.ConstructorResolver.instantiate(ConstructorResolver.java:644) ~[spring-beans-6.1.5.jar:6.1.5]
	... 59 common frames omitted
Caused by: java.lang.IllegalStateException: Failed to determine DatabaseDriver
	at org.springframework.boot.jdbc.init.PlatformPlaceholderDatabaseDriverResolver.getDatabaseDriver(PlatformPlaceholderDatabaseDriverResolver.java:144) ~[spring-boot-3.2.4.jar:3.2.4]
	at org.springframework.boot.jdbc.init.PlatformPlaceholderDatabaseDriverResolver.determinePlatform(PlatformPlaceholderDatabaseDriverResolver.java:132) ~[spring-boot-3.2.4.jar:3.2.4]
	at org.springframework.boot.jdbc.init.PlatformPlaceholderDatabaseDriverResolver.lambda$resolveAll$0(PlatformPlaceholderDatabaseDriverResolver.java:97) ~[spring-boot-3.2.4.jar:3.2.4]
	at org.springframework.boot.jdbc.init.PlatformPlaceholderDatabaseDriverResolver.resolveAll(PlatformPlaceholderDatabaseDriverResolver.java:122) ~[spring-boot-3.2.4.jar:3.2.4]
	at org.springframework.boot.jdbc.init.PlatformPlaceholderDatabaseDriverResolver.resolveAll(PlatformPlaceholderDatabaseDriverResolver.java:97) ~[spring-boot-3.2.4.jar:3.2.4]
	at org.springframework.boot.autoconfigure.batch.BatchDataSourceScriptDatabaseInitializer.resolveSchemaLocations(BatchDataSourceScriptDatabaseInitializer.java:83) ~[spring-boot-autoconfigure-3.2.4.jar:3.2.4]
	at org.springframework.boot.autoconfigure.batch.BatchDataSourceScriptDatabaseInitializer.getSettings(BatchDataSourceScriptDatabaseInitializer.java:72) ~[spring-boot-autoconfigure-3.2.4.jar:3.2.4]
	at org.springframework.boot.autoconfigure.batch.BatchDataSourceScriptDatabaseInitializer.<init>(BatchDataSourceScriptDatabaseInitializer.java:47) ~[spring-boot-autoconfigure-3.2.4.jar:3.2.4]
	at org.springframework.boot.autoconfigure.batch.BatchAutoConfiguration$DataSourceInitializerConfiguration.batchDataSourceInitializer(BatchAutoConfiguration.java:156) ~[spring-boot-autoconfigure-3.2.4.jar:3.2.4]
	at java.base/jdk.internal.reflect.DirectMethodHandleAccessor.invoke(DirectMethodHandleAccessor.java:103) ~[na:na]
	at java.base/java.lang.reflect.Method.invoke(Method.java:580) ~[na:na]
	at org.springframework.beans.factory.support.SimpleInstantiationStrategy.instantiate(SimpleInstantiationStrategy.java:140) ~[spring-beans-6.1.5.jar:6.1.5]
	... 60 common frames omitted
Caused by: org.springframework.jdbc.support.MetaDataAccessException: Could not get Connection for extracting meta-data
	at org.springframework.jdbc.support.JdbcUtils.extractDatabaseMetaData(JdbcUtils.java:357) ~[spring-jdbc-6.1.5.jar:6.1.5]
	at org.springframework.boot.jdbc.init.PlatformPlaceholderDatabaseDriverResolver.getDatabaseDriver(PlatformPlaceholderDatabaseDriverResolver.java:140) ~[spring-boot-3.2.4.jar:3.2.4]
	... 71 common frames omitted
Caused by: org.springframework.jdbc.CannotGetJdbcConnectionException: Failed to obtain JDBC Connection
	at org.springframework.jdbc.datasource.DataSourceUtils.getConnection(DataSourceUtils.java:84) ~[spring-jdbc-6.1.5.jar:6.1.5]
	at org.springframework.jdbc.support.JdbcUtils.extractDatabaseMetaData(JdbcUtils.java:331) ~[spring-jdbc-6.1.5.jar:6.1.5]
	... 72 common frames omitted
Caused by: org.h2.jdbc.JdbcSQLFeatureNotSupportedException: Feature not supported: "AUTO_SERVER=TRUE && DB_CLOSE_ON_EXIT=FALSE" [50100-224]
	at org.h2.message.DbException.getJdbcSQLException(DbException.java:568) ~[h2-2.2.224.jar:2.2.224]
	at org.h2.message.DbException.getJdbcSQLException(DbException.java:489) ~[h2-2.2.224.jar:2.2.224]
	at org.h2.message.DbException.get(DbException.java:223) ~[h2-2.2.224.jar:2.2.224]
	at org.h2.message.DbException.get(DbException.java:199) ~[h2-2.2.224.jar:2.2.224]
	at org.h2.message.DbException.getUnsupportedException(DbException.java:287) ~[h2-2.2.224.jar:2.2.224]
	at org.h2.engine.Database.<init>(Database.java:280) ~[h2-2.2.224.jar:2.2.224]
	at org.h2.engine.Engine.openSession(Engine.java:92) ~[h2-2.2.224.jar:2.2.224]
	at org.h2.engine.Engine.openSession(Engine.java:222) ~[h2-2.2.224.jar:2.2.224]
	at org.h2.engine.Engine.createSession(Engine.java:201) ~[h2-2.2.224.jar:2.2.224]
	at org.h2.engine.SessionRemote.connectEmbeddedOrServer(SessionRemote.java:343) ~[h2-2.2.224.jar:2.2.224]
	at org.h2.jdbc.JdbcConnection.<init>(JdbcConnection.java:125) ~[h2-2.2.224.jar:2.2.224]
	at org.h2.Driver.connect(Driver.java:59) ~[h2-2.2.224.jar:2.2.224]
	at com.zaxxer.hikari.util.DriverDataSource.getConnection(DriverDataSource.java:138) ~[HikariCP-5.0.1.jar:na]
	at com.zaxxer.hikari.pool.PoolBase.newConnection(PoolBase.java:359) ~[HikariCP-5.0.1.jar:na]
	at com.zaxxer.hikari.pool.PoolBase.newPoolEntry(PoolBase.java:201) ~[HikariCP-5.0.1.jar:na]
	at com.zaxxer.hikari.pool.HikariPool.createPoolEntry(HikariPool.java:470) ~[HikariCP-5.0.1.jar:na]
	at com.zaxxer.hikari.pool.HikariPool.checkFailFast(HikariPool.java:561) ~[HikariCP-5.0.1.jar:na]
	at com.zaxxer.hikari.pool.HikariPool.<init>(HikariPool.java:100) ~[HikariCP-5.0.1.jar:na]
	at com.zaxxer.hikari.HikariDataSource.getConnection(HikariDataSource.java:112) ~[HikariCP-5.0.1.jar:na]
	at org.springframework.jdbc.datasource.DataSourceUtils.fetchConnection(DataSourceUtils.java:160) ~[spring-jdbc-6.1.5.jar:6.1.5]
	at org.springframework.jdbc.datasource.DataSourceUtils.doGetConnection(DataSourceUtils.java:118) ~[spring-jdbc-6.1.5.jar:6.1.5]
	at org.springframework.jdbc.datasource.DataSourceUtils.getConnection(DataSourceUtils.java:81) ~[spring-jdbc-6.1.5.jar:6.1.5]
	... 73 common frames omitted

2026-09-02T20:00:48.965+05:30  INFO 13864 --- [smartwatch-leaderboard] [main] c.s.leaderboard.SmartwatchLeaderboard    : Starting SmartwatchLeaderboard using Java 21.0.2 with PID 13864 (C:\Users\PC\smartwatch_application\target\classes started by PC in C:\Users\PC\smartwatch_application)
2026-09-02T20:00:48.968+05:30  INFO 13864 --- [smartwatch-leaderboard] [main] c.s.leaderboard.SmartwatchLeaderboard    : The following 1 profile is active: "local"
2026-09-02T20:00:50.176+05:30  INFO 13864 --- [smartwatch-leaderboard] [main] .s.d.r.c.RepositoryConfigurationDelegate : Bootstrapping Spring Data JPA repositories in DEFAULT mode.
2026-09-02T20:00:50.265+05:30  INFO 13864 --- [smartwatch-leaderboard] [main] .s.d.r.c.RepositoryConfigurationDelegate : Finished Spring Data repository scanning in 82 ms. Found 11 JPA repository interfaces.
2026-09-02T20:00:50.769+05:30  WARN 13864 --- [smartwatch-leaderboard] [main] trationDelegate$BeanPostProcessorChecker : Bean 'org.springframework.boot.autoconfigure.jdbc.DataSourceConfiguration$Hikari' of type [org.springframework.boot.autoconfigure.jdbc.DataSourceConfiguration$Hikari] is not eligible for getting processed by all BeanPostProcessors (for example: not eligible for auto-proxying). Is this bean getting eagerly injected into a currently created BeanPostProcessor [jobRegistryBeanPostProcessor]? Check the corresponding BeanPostProcessor declaration and its dependencies.
2026-09-02T20:00:50.786+05:30  WARN 13864 --- [smartwatch-leaderboard] [main] trationDelegate$BeanPostProcessorChecker : Bean 'spring.datasource-org.springframework.boot.autoconfigure.jdbc.DataSourceProperties' of type [org.springframework.boot.autoconfigure.jdbc.DataSourceProperties] is not eligible for getting processed by all BeanPostProcessors (for example: not eligible for auto-proxying). Is this bean getting eagerly injected into a currently created BeanPostProcessor [jobRegistryBeanPostProcessor]? Check the corresponding BeanPostProcessor declaration and its dependencies.
2026-09-02T20:00:50.792+05:30  WARN 13864 --- [smartwatch-leaderboard] [main] trationDelegate$BeanPostProcessorChecker : Bean 'org.springframework.boot.autoconfigure.jdbc.DataSourceAutoConfiguration$PooledDataSourceConfiguration' of type [org.springframework.boot.autoconfigure.jdbc.DataSourceAutoConfiguration$PooledDataSourceConfiguration] is not eligible for getting processed by all BeanPostProcessors (for example: not eligible for auto-proxying). Is this bean getting eagerly injected into a currently created BeanPostProcessor [jobRegistryBeanPostProcessor]? Check the corresponding BeanPostProcessor declaration and its dependencies.
2026-09-02T20:00:50.795+05:30  WARN 13864 --- [smartwatch-leaderboard] [main] trationDelegate$BeanPostProcessorChecker : Bean 'jdbcConnectionDetails' of type [org.springframework.boot.autoconfigure.jdbc.PropertiesJdbcConnectionDetails] is not eligible for getting processed by all BeanPostProcessors (for example: not eligible for auto-proxying). Is this bean getting eagerly injected into a currently created BeanPostProcessor [jobRegistryBeanPostProcessor]? Check the corresponding BeanPostProcessor declaration and its dependencies.
2026-09-02T20:00:50.814+05:30  WARN 13864 --- [smartwatch-leaderboard] [main] trationDelegate$BeanPostProcessorChecker : Bean 'dataSource' of type [com.zaxxer.hikari.HikariDataSource] is not eligible for getting processed by all BeanPostProcessors (for example: not eligible for auto-proxying). Is this bean getting eagerly injected into a currently created BeanPostProcessor [jobRegistryBeanPostProcessor]? Check the corresponding BeanPostProcessor declaration and its dependencies.
2026-09-02T20:00:50.839+05:30  WARN 13864 --- [smartwatch-leaderboard] [main] trationDelegate$BeanPostProcessorChecker : Bean 'spring.jpa-org.springframework.boot.autoconfigure.orm.jpa.JpaProperties' of type [org.springframework.boot.autoconfigure.orm.jpa.JpaProperties] is not eligible for getting processed by all BeanPostProcessors (for example: not eligible for auto-proxying). Is this bean getting eagerly injected into a currently created BeanPostProcessor [jobRegistryBeanPostProcessor]? Check the corresponding BeanPostProcessor declaration and its dependencies.
2026-09-02T20:00:50.844+05:30  WARN 13864 --- [smartwatch-leaderboard] [main] trationDelegate$BeanPostProcessorChecker : Bean 'spring.jpa.hibernate-org.springframework.boot.autoconfigure.orm.jpa.HibernateProperties' of type [org.springframework.boot.autoconfigure.orm.jpa.HibernateProperties] is not eligible for getting processed by all BeanPostProcessors (for example: not eligible for auto-proxying). Is this bean getting eagerly injected into a currently created BeanPostProcessor [jobRegistryBeanPostProcessor]? Check the corresponding BeanPostProcessor declaration and its dependencies.
2026-09-02T20:00:50.850+05:30  WARN 13864 --- [smartwatch-leaderboard] [main] trationDelegate$BeanPostProcessorChecker : Bean 'org.springframework.boot.autoconfigure.jdbc.metadata.DataSourcePoolMetadataProvidersConfiguration$HikariPoolDataSourceMetadataProviderConfiguration' of type [org.springframework.boot.autoconfigure.jdbc.metadata.DataSourcePoolMetadataProvidersConfiguration$HikariPoolDataSourceMetadataProviderConfiguration] is not eligible for getting processed by all BeanPostProcessors (for example: not eligible for auto-proxying). Is this bean getting eagerly injected into a currently created BeanPostProcessor [jobRegistryBeanPostProcessor]? Check the corresponding BeanPostProcessor declaration and its dependencies.
2026-09-02T20:00:50.854+05:30  WARN 13864 --- [smartwatch-leaderboard] [main] trationDelegate$BeanPostProcessorChecker : Bean 'hikariPoolDataSourceMetadataProvider' of type [org.springframework.boot.autoconfigure.jdbc.metadata.DataSourcePoolMetadataProvidersConfiguration$HikariPoolDataSourceMetadataProviderConfiguration$$Lambda/0x000001dc01443c00] is not eligible for getting processed by all BeanPostProcessors (for example: not eligible for auto-proxying). Is this bean getting eagerly injected into a currently created BeanPostProcessor [jobRegistryBeanPostProcessor]? Check the corresponding BeanPostProcessor declaration and its dependencies.
2026-09-02T20:00:50.859+05:30  WARN 13864 --- [smartwatch-leaderboard] [main] trationDelegate$BeanPostProcessorChecker : Bean 'org.springframework.boot.autoconfigure.orm.jpa.HibernateJpaConfiguration' of type [org.springframework.boot.autoconfigure.orm.jpa.HibernateJpaConfiguration] is not eligible for getting processed by all BeanPostProcessors (for example: not eligible for auto-proxying). Is this bean getting eagerly injected into a currently created BeanPostProcessor [jobRegistryBeanPostProcessor]? Check the corresponding BeanPostProcessor declaration and its dependencies.
2026-09-02T20:00:50.867+05:30  WARN 13864 --- [smartwatch-leaderboard] [main] trationDelegate$BeanPostProcessorChecker : Bean 'org.springframework.boot.autoconfigure.transaction.TransactionManagerCustomizationAutoConfiguration' of type [org.springframework.boot.autoconfigure.transaction.TransactionManagerCustomizationAutoConfiguration] is not eligible for getting processed by all BeanPostProcessors (for example: not eligible for auto-proxying). Is this bean getting eagerly injected into a currently created BeanPostProcessor [jobRegistryBeanPostProcessor]? Check the corresponding BeanPostProcessor declaration and its dependencies.
2026-09-02T20:00:50.874+05:30  WARN 13864 --- [smartwatch-leaderboard] [main] trationDelegate$BeanPostProcessorChecker : Bean 'transactionExecutionListeners' of type [org.springframework.boot.autoconfigure.transaction.ExecutionListenersTransactionManagerCustomizer] is not eligible for getting processed by all BeanPostProcessors (for example: not eligible for auto-proxying). Is this bean getting eagerly injected into a currently created BeanPostProcessor [jobRegistryBeanPostProcessor]? Check the corresponding BeanPostProcessor declaration and its dependencies.
2026-09-02T20:00:50.880+05:30  WARN 13864 --- [smartwatch-leaderboard] [main] trationDelegate$BeanPostProcessorChecker : Bean 'spring.transaction-org.springframework.boot.autoconfigure.transaction.TransactionProperties' of type [org.springframework.boot.autoconfigure.transaction.TransactionProperties] is not eligible for getting processed by all BeanPostProcessors (for example: not eligible for auto-proxying). Is this bean getting eagerly injected into a currently created BeanPostProcessor [jobRegistryBeanPostProcessor]? Check the corresponding BeanPostProcessor declaration and its dependencies.
2026-09-02T20:00:50.882+05:30  WARN 13864 --- [smartwatch-leaderboard] [main] trationDelegate$BeanPostProcessorChecker : Bean 'platformTransactionManagerCustomizers' of type [org.springframework.boot.autoconfigure.transaction.TransactionManagerCustomizers] is not eligible for getting processed by all BeanPostProcessors (for example: not eligible for auto-proxying). Is this bean getting eagerly injected into a currently created BeanPostProcessor [jobRegistryBeanPostProcessor]? Check the corresponding BeanPostProcessor declaration and its dependencies.
2026-09-02T20:00:50.896+05:30  WARN 13864 --- [smartwatch-leaderboard] [main] trationDelegate$BeanPostProcessorChecker : Bean 'org.springframework.boot.autoconfigure.sql.init.DataSourceInitializationConfiguration' of type [org.springframework.boot.autoconfigure.sql.init.DataSourceInitializationConfiguration] is not eligible for getting processed by all BeanPostProcessors (for example: not eligible for auto-proxying). Is this bean getting eagerly injected into a currently created BeanPostProcessor [jobRegistryBeanPostProcessor]? Check the corresponding BeanPostProcessor declaration and its dependencies.
2026-09-02T20:00:50.901+05:30  WARN 13864 --- [smartwatch-leaderboard] [main] trationDelegate$BeanPostProcessorChecker : Bean 'spring.sql.init-org.springframework.boot.autoconfigure.sql.init.SqlInitializationProperties' of type [org.springframework.boot.autoconfigure.sql.init.SqlInitializationProperties] is not eligible for getting processed by all BeanPostProcessors (for example: not eligible for auto-proxying). Is this bean getting eagerly injected into a currently created BeanPostProcessor [jobRegistryBeanPostProcessor]? Check the corresponding BeanPostProcessor declaration and its dependencies.
2026-09-02T20:00:50.910+05:30  WARN 13864 --- [smartwatch-leaderboard] [main] trationDelegate$BeanPostProcessorChecker : Bean 'dataSourceScriptDatabaseInitializer' of type [org.springframework.boot.autoconfigure.sql.init.SqlDataSourceScriptDatabaseInitializer] is not eligible for getting processed by all BeanPostProcessors (for example: not eligible for auto-proxying). Is this bean getting eagerly injected into a currently created BeanPostProcessor [jobRegistryBeanPostProcessor]? Check the corresponding BeanPostProcessor declaration and its dependencies.
2026-09-02T20:00:50.914+05:30  WARN 13864 --- [smartwatch-leaderboard] [main] trationDelegate$BeanPostProcessorChecker : Bean 'org.springframework.boot.autoconfigure.batch.BatchAutoConfiguration$DataSourceInitializerConfiguration' of type [org.springframework.boot.autoconfigure.batch.BatchAutoConfiguration$DataSourceInitializerConfiguration] is not eligible for getting processed by all BeanPostProcessors (for example: not eligible for auto-proxying). Is this bean getting eagerly injected into a currently created BeanPostProcessor [jobRegistryBeanPostProcessor]? Check the corresponding BeanPostProcessor declaration and its dependencies.
2026-09-02T20:00:50.924+05:30  WARN 13864 --- [smartwatch-leaderboard] [main] trationDelegate$BeanPostProcessorChecker : Bean 'spring.batch-org.springframework.boot.autoconfigure.batch.BatchProperties' of type [org.springframework.boot.autoconfigure.batch.BatchProperties] is not eligible for getting processed by all BeanPostProcessors (for example: not eligible for auto-proxying). Is this bean getting eagerly injected into a currently created BeanPostProcessor [jobRegistryBeanPostProcessor]? Check the corresponding BeanPostProcessor declaration and its dependencies.
2026-09-02T20:00:50.933+05:30  INFO 13864 --- [smartwatch-leaderboard] [main] com.zaxxer.hikari.HikariDataSource       : HikariPool-1 - Starting...
2026-09-02T20:00:51.147+05:30  INFO 13864 --- [smartwatch-leaderboard] [main] com.zaxxer.hikari.pool.HikariPool        : HikariPool-1 - Added connection conn0: url=jdbc:h2:mem:smartwatch_leaderboard user=SA
2026-09-02T20:00:51.152+05:30  INFO 13864 --- [smartwatch-leaderboard] [main] com.zaxxer.hikari.HikariDataSource       : HikariPool-1 - Start completed.
2026-09-02T20:00:51.248+05:30  WARN 13864 --- [smartwatch-leaderboard] [main] trationDelegate$BeanPostProcessorChecker : Bean 'batchDataSourceInitializer' of type [org.springframework.boot.autoconfigure.batch.BatchDataSourceScriptDatabaseInitializer] is not eligible for getting processed by all BeanPostProcessors (for example: not eligible for auto-proxying). Is this bean getting eagerly injected into a currently created BeanPostProcessor [jobRegistryBeanPostProcessor]? Check the corresponding BeanPostProcessor declaration and its dependencies.
2026-09-02T20:00:51.298+05:30  WARN 13864 --- [smartwatch-leaderboard] [main] trationDelegate$BeanPostProcessorChecker : Bean 'jpaVendorAdapter' of type [org.springframework.orm.jpa.vendor.HibernateJpaVendorAdapter] is not eligible for getting processed by all BeanPostProcessors (for example: not eligible for auto-proxying). Is this bean getting eagerly injected into a currently created BeanPostProcessor [jobRegistryBeanPostProcessor]? Check the corresponding BeanPostProcessor declaration and its dependencies.
2026-09-02T20:00:51.316+05:30  WARN 13864 --- [smartwatch-leaderboard] [main] trationDelegate$BeanPostProcessorChecker : Bean 'entityManagerFactoryBuilder' of type [org.springframework.boot.orm.jpa.EntityManagerFactoryBuilder] is not eligible for getting processed by all BeanPostProcessors (for example: not eligible for auto-proxying). Is this bean getting eagerly injected into a currently created BeanPostProcessor [jobRegistryBeanPostProcessor]? Check the corresponding BeanPostProcessor declaration and its dependencies.
2026-09-02T20:00:51.342+05:30  WARN 13864 --- [smartwatch-leaderboard] [main] trationDelegate$BeanPostProcessorChecker : Bean 'persistenceManagedTypes' of type [org.springframework.orm.jpa.persistenceunit.SimplePersistenceManagedTypes] is not eligible for getting processed by all BeanPostProcessors (for example: not eligible for auto-proxying). Is this bean getting eagerly injected into a currently created BeanPostProcessor [jobRegistryBeanPostProcessor]? Check the corresponding BeanPostProcessor declaration and its dependencies.
2026-09-02T20:00:51.508+05:30  INFO 13864 --- [smartwatch-leaderboard] [main] o.hibernate.jpa.internal.util.LogHelper  : HHH000204: Processing PersistenceUnitInfo [name: default]
2026-09-02T20:00:51.766+05:30  INFO 13864 --- [smartwatch-leaderboard] [main] org.hibernate.Version                    : HHH000412: Hibernate ORM core version 6.4.4.Final
2026-09-02T20:00:51.889+05:30  INFO 13864 --- [smartwatch-leaderboard] [main] o.h.c.internal.RegionFactoryInitiator    : HHH000026: Second-level cache disabled
2026-09-02T20:00:52.902+05:30  INFO 13864 --- [smartwatch-leaderboard] [main] o.s.o.j.p.SpringPersistenceUnitInfo      : No LoadTimeWeaver setup: ignoring JPA class transformer
2026-09-02T20:00:53.160+05:30  WARN 13864 --- [smartwatch-leaderboard] [main] org.hibernate.orm.deprecation            : HHH90000025: H2Dialect does not need to be specified explicitly using 'hibernate.dialect' (remove the property setting and it will be selected by default)
2026-09-02T20:00:55.712+05:30  INFO 13864 --- [smartwatch-leaderboard] [main] o.h.e.t.j.p.i.JtaPlatformInitiator       : HHH000489: No JTA platform available (set 'hibernate.transaction.jta.platform' to enable JTA platform integration)
2026-09-02T20:00:55.968+05:30  INFO 13864 --- [smartwatch-leaderboard] [main] j.LocalContainerEntityManagerFactoryBean : Initialized JPA EntityManagerFactory for persistence unit 'default'
2026-09-02T20:00:55.984+05:30  WARN 13864 --- [smartwatch-leaderboard] [main] trationDelegate$BeanPostProcessorChecker : Bean 'entityManagerFactory' of type [org.springframework.orm.jpa.LocalContainerEntityManagerFactoryBean] is not eligible for getting processed by all BeanPostProcessors (for example: not eligible for auto-proxying). Is this bean getting eagerly injected into a currently created BeanPostProcessor [jobRegistryBeanPostProcessor]? Check the corresponding BeanPostProcessor declaration and its dependencies.
2026-09-02T20:00:56.014+05:30  WARN 13864 --- [smartwatch-leaderboard] [main] trationDelegate$BeanPostProcessorChecker : Bean 'entityManagerFactory' of type [jdk.proxy2.$Proxy148] is not eligible for getting processed by all BeanPostProcessors (for example: not eligible for auto-proxying). Is this bean getting eagerly injected into a currently created BeanPostProcessor [jobRegistryBeanPostProcessor]? Check the corresponding BeanPostProcessor declaration and its dependencies.
2026-09-02T20:00:56.054+05:30  WARN 13864 --- [smartwatch-leaderboard] [main] trationDelegate$BeanPostProcessorChecker : Bean 'transactionManager' of type [org.springframework.orm.jpa.JpaTransactionManager] is not eligible for getting processed by all BeanPostProcessors (for example: not eligible for auto-proxying). Is this bean getting eagerly injected into a currently created BeanPostProcessor [jobRegistryBeanPostProcessor]? Check the corresponding BeanPostProcessor declaration and its dependencies.
2026-09-02T20:00:56.094+05:30  WARN 13864 --- [smartwatch-leaderboard] [main] trationDelegate$BeanPostProcessorChecker : Bean 'org.springframework.boot.autoconfigure.batch.BatchAutoConfiguration$SpringBootBatchConfiguration' of type [org.springframework.boot.autoconfigure.batch.BatchAutoConfiguration$SpringBootBatchConfiguration] is not eligible for getting processed by all BeanPostProcessors (for example: not eligible for auto-proxying). The currently created BeanPostProcessor [jobRegistryBeanPostProcessor] is declared through a non-static factory method on that class; consider declaring it as static instead.
2026-09-02T20:00:57.023+05:30  INFO 13864 --- [smartwatch-leaderboard] [main] o.s.b.w.embedded.tomcat.TomcatWebServer  : Tomcat initialized with port 8080 (http)
2026-09-02T20:00:57.067+05:30  INFO 13864 --- [smartwatch-leaderboard] [main] o.apache.catalina.core.StandardService   : Starting service [Tomcat]
2026-09-02T20:00:57.068+05:30  INFO 13864 --- [smartwatch-leaderboard] [main] o.apache.catalina.core.StandardEngine    : Starting Servlet engine: [Apache Tomcat/10.1.19]
2026-09-02T20:00:57.282+05:30  INFO 13864 --- [smartwatch-leaderboard] [main] o.a.c.c.C.[Tomcat].[localhost].[/]       : Initializing Spring embedded WebApplicationContext
2026-09-02T20:00:57.282+05:30  INFO 13864 --- [smartwatch-leaderboard] [main] w.s.c.ServletWebServerApplicationContext : Root WebApplicationContext: initialization completed in 8256 ms
2026-09-02T20:00:57.513+05:30  INFO 13864 --- [smartwatch-leaderboard] [main] o.s.b.a.h2.H2ConsoleAutoConfiguration    : H2 console available at '/h2-console'. Database available at 'jdbc:h2:mem:smartwatch_leaderboard'
2026-09-02T20:00:58.247+05:30  INFO 13864 --- [smartwatch-leaderboard] [main] o.s.d.j.r.query.QueryEnhancerFactory     : Hibernate is in classpath; If applicable, HQL parser will be used.
2026-09-02T20:01:01.882+05:30  INFO 13864 --- [smartwatch-leaderboard] [main] o.s.b.a.e.web.EndpointLinksResolver      : Exposing 1 endpoint(s) beneath base path '/actuator'
2026-09-02T20:01:02.015+05:30  INFO 13864 --- [smartwatch-leaderboard] [main] o.s.s.web.DefaultSecurityFilterChain     : Will secure any request with [org.springframework.security.web.session.DisableEncodeUrlFilter@552cd6ad, org.springframework.security.web.context.request.async.WebAsyncManagerIntegrationFilter@1062f767, org.springframework.security.web.context.SecurityContextHolderFilter@289bb421, org.springframework.security.web.header.HeaderWriterFilter@7bfb9224, org.springframework.web.filter.CorsFilter@6d9020e6, org.springframework.security.web.authentication.logout.LogoutFilter@25a93e0f, com.smartwatch.leaderboard.utils.JwtAuthFilter@268215b3, org.springframework.security.web.savedrequest.RequestCacheAwareFilter@4d923ffc, org.springframework.security.web.servletapi.SecurityContextHolderAwareRequestFilter@4bcb5415, org.springframework.security.web.authentication.AnonymousAuthenticationFilter@4a3d0660, org.springframework.security.web.session.SessionManagementFilter@7359781c, org.springframework.security.web.access.ExceptionTranslationFilter@19106753, org.springframework.security.web.access.intercept.AuthorizationFilter@48c15d35]
2026-09-02T20:01:03.179+05:30  WARN 13864 --- [smartwatch-leaderboard] [main] ConfigServletWebServerApplicationContext : Exception encountered during context initialization - cancelling refresh attempt: org.springframework.context.ApplicationContextException: Failed to start bean 'webServerStartStop'
2026-09-02T20:01:03.183+05:30  WARN 13864 --- [smartwatch-leaderboard] [main] o.s.b.f.support.DisposableBeanAdapter    : Custom destroy method 'close' on bean with name 'userLevelReader' propagated an exception: org.springframework.batch.item.ItemStreamException: Error while closing item reader
2026-09-02T20:01:03.183+05:30  WARN 13864 --- [smartwatch-leaderboard] [main] o.s.b.f.support.DisposableBeanAdapter    : Custom destroy method 'close' on bean with name 'userChallengeReader' propagated an exception: org.springframework.batch.item.ItemStreamException: Error while closing item reader
2026-09-02T20:01:03.187+05:30  INFO 13864 --- [smartwatch-leaderboard] [main] j.LocalContainerEntityManagerFactoryBean : Closing JPA EntityManagerFactory for persistence unit 'default'
2026-09-02T20:01:03.190+05:30  INFO 13864 --- [smartwatch-leaderboard] [main] com.zaxxer.hikari.HikariDataSource       : HikariPool-1 - Shutdown initiated...
2026-09-02T20:01:03.192+05:30  INFO 13864 --- [smartwatch-leaderboard] [main] com.zaxxer.hikari.HikariDataSource       : HikariPool-1 - Shutdown completed.
2026-09-02T20:01:03.224+05:30  INFO 13864 --- [smartwatch-leaderboard] [main] .s.b.a.l.ConditionEvaluationReportLogger : 

Error starting ApplicationContext. To display the condition evaluation report re-run your application with 'debug' enabled.
2026-09-02T20:01:03.250+05:30 ERROR 13864 --- [smartwatch-leaderboard] [main] o.s.b.d.LoggingFailureAnalysisReporter   : 

***************************
APPLICATION FAILED TO START
***************************

Description:

Web server failed to start. Port 8080 was already in use.

Action:

Identify and stop the process that's listening on port 8080 or configure this application to listen on another port.

2026-09-02T20:03:31.685+05:30  INFO 26148 --- [smartwatch-leaderboard] [main] c.s.leaderboard.SmartwatchLeaderboard    : Starting SmartwatchLeaderboard using Java 21.0.2 with PID 26148 (C:\Users\PC\smartwatch_application\target\classes started by PC in C:\Users\PC\smartwatch_application)
2026-09-02T20:03:31.688+05:30  INFO 26148 --- [smartwatch-leaderboard] [main] c.s.leaderboard.SmartwatchLeaderboard    : The following 1 profile is active: "local"
2026-09-02T20:03:32.997+05:30  INFO 26148 --- [smartwatch-leaderboard] [main] .s.d.r.c.RepositoryConfigurationDelegate : Bootstrapping Spring Data JPA repositories in DEFAULT mode.
2026-09-02T20:03:33.081+05:30  INFO 26148 --- [smartwatch-leaderboard] [main] .s.d.r.c.RepositoryConfigurationDelegate : Finished Spring Data repository scanning in 76 ms. Found 11 JPA repository interfaces.
2026-09-02T20:03:33.579+05:30  WARN 26148 --- [smartwatch-leaderboard] [main] trationDelegate$BeanPostProcessorChecker : Bean 'org.springframework.boot.autoconfigure.jdbc.DataSourceConfiguration$Hikari' of type [org.springframework.boot.autoconfigure.jdbc.DataSourceConfiguration$Hikari] is not eligible for getting processed by all BeanPostProcessors (for example: not eligible for auto-proxying). Is this bean getting eagerly injected into a currently created BeanPostProcessor [jobRegistryBeanPostProcessor]? Check the corresponding BeanPostProcessor declaration and its dependencies.
2026-09-02T20:03:33.596+05:30  WARN 26148 --- [smartwatch-leaderboard] [main] trationDelegate$BeanPostProcessorChecker : Bean 'spring.datasource-org.springframework.boot.autoconfigure.jdbc.DataSourceProperties' of type [org.springframework.boot.autoconfigure.jdbc.DataSourceProperties] is not eligible for getting processed by all BeanPostProcessors (for example: not eligible for auto-proxying). Is this bean getting eagerly injected into a currently created BeanPostProcessor [jobRegistryBeanPostProcessor]? Check the corresponding BeanPostProcessor declaration and its dependencies.
2026-09-02T20:03:33.604+05:30  WARN 26148 --- [smartwatch-leaderboard] [main] trationDelegate$BeanPostProcessorChecker : Bean 'org.springframework.boot.autoconfigure.jdbc.DataSourceAutoConfiguration$PooledDataSourceConfiguration' of type [org.springframework.boot.autoconfigure.jdbc.DataSourceAutoConfiguration$PooledDataSourceConfiguration] is not eligible for getting processed by all BeanPostProcessors (for example: not eligible for auto-proxying). Is this bean getting eagerly injected into a currently created BeanPostProcessor [jobRegistryBeanPostProcessor]? Check the corresponding BeanPostProcessor declaration and its dependencies.
2026-09-02T20:03:33.607+05:30  WARN 26148 --- [smartwatch-leaderboard] [main] trationDelegate$BeanPostProcessorChecker : Bean 'jdbcConnectionDetails' of type [org.springframework.boot.autoconfigure.jdbc.PropertiesJdbcConnectionDetails] is not eligible for getting processed by all BeanPostProcessors (for example: not eligible for auto-proxying). Is this bean getting eagerly injected into a currently created BeanPostProcessor [jobRegistryBeanPostProcessor]? Check the corresponding BeanPostProcessor declaration and its dependencies.
2026-09-02T20:03:33.624+05:30  WARN 26148 --- [smartwatch-leaderboard] [main] trationDelegate$BeanPostProcessorChecker : Bean 'dataSource' of type [com.zaxxer.hikari.HikariDataSource] is not eligible for getting processed by all BeanPostProcessors (for example: not eligible for auto-proxying). Is this bean getting eagerly injected into a currently created BeanPostProcessor [jobRegistryBeanPostProcessor]? Check the corresponding BeanPostProcessor declaration and its dependencies.
2026-09-02T20:03:33.660+05:30  WARN 26148 --- [smartwatch-leaderboard] [main] trationDelegate$BeanPostProcessorChecker : Bean 'spring.jpa-org.springframework.boot.autoconfigure.orm.jpa.JpaProperties' of type [org.springframework.boot.autoconfigure.orm.jpa.JpaProperties] is not eligible for getting processed by all BeanPostProcessors (for example: not eligible for auto-proxying). Is this bean getting eagerly injected into a currently created BeanPostProcessor [jobRegistryBeanPostProcessor]? Check the corresponding BeanPostProcessor declaration and its dependencies.
2026-09-02T20:03:33.666+05:30  WARN 26148 --- [smartwatch-leaderboard] [main] trationDelegate$BeanPostProcessorChecker : Bean 'spring.jpa.hibernate-org.springframework.boot.autoconfigure.orm.jpa.HibernateProperties' of type [org.springframework.boot.autoconfigure.orm.jpa.HibernateProperties] is not eligible for getting processed by all BeanPostProcessors (for example: not eligible for auto-proxying). Is this bean getting eagerly injected into a currently created BeanPostProcessor [jobRegistryBeanPostProcessor]? Check the corresponding BeanPostProcessor declaration and its dependencies.
2026-09-02T20:03:33.673+05:30  WARN 26148 --- [smartwatch-leaderboard] [main] trationDelegate$BeanPostProcessorChecker : Bean 'org.springframework.boot.autoconfigure.jdbc.metadata.DataSourcePoolMetadataProvidersConfiguration$HikariPoolDataSourceMetadataProviderConfiguration' of type [org.springframework.boot.autoconfigure.jdbc.metadata.DataSourcePoolMetadataProvidersConfiguration$HikariPoolDataSourceMetadataProviderConfiguration] is not eligible for getting processed by all BeanPostProcessors (for example: not eligible for auto-proxying). Is this bean getting eagerly injected into a currently created BeanPostProcessor [jobRegistryBeanPostProcessor]? Check the corresponding BeanPostProcessor declaration and its dependencies.
2026-09-02T20:03:33.675+05:30  WARN 26148 --- [smartwatch-leaderboard] [main] trationDelegate$BeanPostProcessorChecker : Bean 'hikariPoolDataSourceMetadataProvider' of type [org.springframework.boot.autoconfigure.jdbc.metadata.DataSourcePoolMetadataProvidersConfiguration$HikariPoolDataSourceMetadataProviderConfiguration$$Lambda/0x0000029b81443a68] is not eligible for getting processed by all BeanPostProcessors (for example: not eligible for auto-proxying). Is this bean getting eagerly injected into a currently created BeanPostProcessor [jobRegistryBeanPostProcessor]? Check the corresponding BeanPostProcessor declaration and its dependencies.
2026-09-02T20:03:33.681+05:30  WARN 26148 --- [smartwatch-leaderboard] [main] trationDelegate$BeanPostProcessorChecker : Bean 'org.springframework.boot.autoconfigure.orm.jpa.HibernateJpaConfiguration' of type [org.springframework.boot.autoconfigure.orm.jpa.HibernateJpaConfiguration] is not eligible for getting processed by all BeanPostProcessors (for example: not eligible for auto-proxying). Is this bean getting eagerly injected into a currently created BeanPostProcessor [jobRegistryBeanPostProcessor]? Check the corresponding BeanPostProcessor declaration and its dependencies.
2026-09-02T20:03:33.691+05:30  WARN 26148 --- [smartwatch-leaderboard] [main] trationDelegate$BeanPostProcessorChecker : Bean 'org.springframework.boot.autoconfigure.transaction.TransactionManagerCustomizationAutoConfiguration' of type [org.springframework.boot.autoconfigure.transaction.TransactionManagerCustomizationAutoConfiguration] is not eligible for getting processed by all BeanPostProcessors (for example: not eligible for auto-proxying). Is this bean getting eagerly injected into a currently created BeanPostProcessor [jobRegistryBeanPostProcessor]? Check the corresponding BeanPostProcessor declaration and its dependencies.
2026-09-02T20:03:33.698+05:30  WARN 26148 --- [smartwatch-leaderboard] [main] trationDelegate$BeanPostProcessorChecker : Bean 'transactionExecutionListeners' of type [org.springframework.boot.autoconfigure.transaction.ExecutionListenersTransactionManagerCustomizer] is not eligible for getting processed by all BeanPostProcessors (for example: not eligible for auto-proxying). Is this bean getting eagerly injected into a currently created BeanPostProcessor [jobRegistryBeanPostProcessor]? Check the corresponding BeanPostProcessor declaration and its dependencies.
2026-09-02T20:03:33.703+05:30  WARN 26148 --- [smartwatch-leaderboard] [main] trationDelegate$BeanPostProcessorChecker : Bean 'spring.transaction-org.springframework.boot.autoconfigure.transaction.TransactionProperties' of type [org.springframework.boot.autoconfigure.transaction.TransactionProperties] is not eligible for getting processed by all BeanPostProcessors (for example: not eligible for auto-proxying). Is this bean getting eagerly injected into a currently created BeanPostProcessor [jobRegistryBeanPostProcessor]? Check the corresponding BeanPostProcessor declaration and its dependencies.
2026-09-02T20:03:33.706+05:30  WARN 26148 --- [smartwatch-leaderboard] [main] trationDelegate$BeanPostProcessorChecker : Bean 'platformTransactionManagerCustomizers' of type [org.springframework.boot.autoconfigure.transaction.TransactionManagerCustomizers] is not eligible for getting processed by all BeanPostProcessors (for example: not eligible for auto-proxying). Is this bean getting eagerly injected into a currently created BeanPostProcessor [jobRegistryBeanPostProcessor]? Check the corresponding BeanPostProcessor declaration and its dependencies.
2026-09-02T20:03:33.721+05:30  WARN 26148 --- [smartwatch-leaderboard] [main] trationDelegate$BeanPostProcessorChecker : Bean 'org.springframework.boot.autoconfigure.sql.init.DataSourceInitializationConfiguration' of type [org.springframework.boot.autoconfigure.sql.init.DataSourceInitializationConfiguration] is not eligible for getting processed by all BeanPostProcessors (for example: not eligible for auto-proxying). Is this bean getting eagerly injected into a currently created BeanPostProcessor [jobRegistryBeanPostProcessor]? Check the corresponding BeanPostProcessor declaration and its dependencies.
2026-09-02T20:03:33.726+05:30  WARN 26148 --- [smartwatch-leaderboard] [main] trationDelegate$BeanPostProcessorChecker : Bean 'spring.sql.init-org.springframework.boot.autoconfigure.sql.init.SqlInitializationProperties' of type [org.springframework.boot.autoconfigure.sql.init.SqlInitializationProperties] is not eligible for getting processed by all BeanPostProcessors (for example: not eligible for auto-proxying). Is this bean getting eagerly injected into a currently created BeanPostProcessor [jobRegistryBeanPostProcessor]? Check the corresponding BeanPostProcessor declaration and its dependencies.
2026-09-02T20:03:33.735+05:30  WARN 26148 --- [smartwatch-leaderboard] [main] trationDelegate$BeanPostProcessorChecker : Bean 'dataSourceScriptDatabaseInitializer' of type [org.springframework.boot.autoconfigure.sql.init.SqlDataSourceScriptDatabaseInitializer] is not eligible for getting processed by all BeanPostProcessors (for example: not eligible for auto-proxying). Is this bean getting eagerly injected into a currently created BeanPostProcessor [jobRegistryBeanPostProcessor]? Check the corresponding BeanPostProcessor declaration and its dependencies.
2026-09-02T20:03:33.739+05:30  WARN 26148 --- [smartwatch-leaderboard] [main] trationDelegate$BeanPostProcessorChecker : Bean 'org.springframework.boot.autoconfigure.batch.BatchAutoConfiguration$DataSourceInitializerConfiguration' of type [org.springframework.boot.autoconfigure.batch.BatchAutoConfiguration$DataSourceInitializerConfiguration] is not eligible for getting processed by all BeanPostProcessors (for example: not eligible for auto-proxying). Is this bean getting eagerly injected into a currently created BeanPostProcessor [jobRegistryBeanPostProcessor]? Check the corresponding BeanPostProcessor declaration and its dependencies.
2026-09-02T20:03:33.746+05:30  WARN 26148 --- [smartwatch-leaderboard] [main] trationDelegate$BeanPostProcessorChecker : Bean 'spring.batch-org.springframework.boot.autoconfigure.batch.BatchProperties' of type [org.springframework.boot.autoconfigure.batch.BatchProperties] is not eligible for getting processed by all BeanPostProcessors (for example: not eligible for auto-proxying). Is this bean getting eagerly injected into a currently created BeanPostProcessor [jobRegistryBeanPostProcessor]? Check the corresponding BeanPostProcessor declaration and its dependencies.
2026-09-02T20:03:33.758+05:30  INFO 26148 --- [smartwatch-leaderboard] [main] com.zaxxer.hikari.HikariDataSource       : HikariPool-1 - Starting...
2026-09-02T20:03:33.949+05:30  INFO 26148 --- [smartwatch-leaderboard] [main] com.zaxxer.hikari.pool.HikariPool        : HikariPool-1 - Added connection conn0: url=jdbc:h2:mem:smartwatch_leaderboard user=SA
2026-09-02T20:03:33.951+05:30  INFO 26148 --- [smartwatch-leaderboard] [main] com.zaxxer.hikari.HikariDataSource       : HikariPool-1 - Start completed.
2026-09-02T20:03:34.001+05:30  WARN 26148 --- [smartwatch-leaderboard] [main] trationDelegate$BeanPostProcessorChecker : Bean 'batchDataSourceInitializer' of type [org.springframework.boot.autoconfigure.batch.BatchDataSourceScriptDatabaseInitializer] is not eligible for getting processed by all BeanPostProcessors (for example: not eligible for auto-proxying). Is this bean getting eagerly injected into a currently created BeanPostProcessor [jobRegistryBeanPostProcessor]? Check the corresponding BeanPostProcessor declaration and its dependencies.
2026-09-02T20:03:34.013+05:30  WARN 26148 --- [smartwatch-leaderboard] [main] trationDelegate$BeanPostProcessorChecker : Bean 'jpaVendorAdapter' of type [org.springframework.orm.jpa.vendor.HibernateJpaVendorAdapter] is not eligible for getting processed by all BeanPostProcessors (for example: not eligible for auto-proxying). Is this bean getting eagerly injected into a currently created BeanPostProcessor [jobRegistryBeanPostProcessor]? Check the corresponding BeanPostProcessor declaration and its dependencies.
2026-09-02T20:03:34.020+05:30  WARN 26148 --- [smartwatch-leaderboard] [main] trationDelegate$BeanPostProcessorChecker : Bean 'entityManagerFactoryBuilder' of type [org.springframework.boot.orm.jpa.EntityManagerFactoryBuilder] is not eligible for getting processed by all BeanPostProcessors (for example: not eligible for auto-proxying). Is this bean getting eagerly injected into a currently created BeanPostProcessor [jobRegistryBeanPostProcessor]? Check the corresponding BeanPostProcessor declaration and its dependencies.
2026-09-02T20:03:34.034+05:30  WARN 26148 --- [smartwatch-leaderboard] [main] trationDelegate$BeanPostProcessorChecker : Bean 'persistenceManagedTypes' of type [org.springframework.orm.jpa.persistenceunit.SimplePersistenceManagedTypes] is not eligible for getting processed by all BeanPostProcessors (for example: not eligible for auto-proxying). Is this bean getting eagerly injected into a currently created BeanPostProcessor [jobRegistryBeanPostProcessor]? Check the corresponding BeanPostProcessor declaration and its dependencies.
2026-09-02T20:03:34.105+05:30  INFO 26148 --- [smartwatch-leaderboard] [main] o.hibernate.jpa.internal.util.LogHelper  : HHH000204: Processing PersistenceUnitInfo [name: default]
2026-09-02T20:03:34.168+05:30  INFO 26148 --- [smartwatch-leaderboard] [main] org.hibernate.Version                    : HHH000412: Hibernate ORM core version 6.4.4.Final
2026-09-02T20:03:34.205+05:30  INFO 26148 --- [smartwatch-leaderboard] [main] o.h.c.internal.RegionFactoryInitiator    : HHH000026: Second-level cache disabled
2026-09-02T20:03:34.441+05:30  INFO 26148 --- [smartwatch-leaderboard] [main] o.s.o.j.p.SpringPersistenceUnitInfo      : No LoadTimeWeaver setup: ignoring JPA class transformer
2026-09-02T20:03:34.487+05:30  WARN 26148 --- [smartwatch-leaderboard] [main] org.hibernate.orm.deprecation            : HHH90000025: H2Dialect does not need to be specified explicitly using 'hibernate.dialect' (remove the property setting and it will be selected by default)
2026-09-02T20:03:35.634+05:30  INFO 26148 --- [smartwatch-leaderboard] [main] o.h.e.t.j.p.i.JtaPlatformInitiator       : HHH000489: No JTA platform available (set 'hibernate.transaction.jta.platform' to enable JTA platform integration)
2026-09-02T20:03:35.744+05:30  INFO 26148 --- [smartwatch-leaderboard] [main] j.LocalContainerEntityManagerFactoryBean : Initialized JPA EntityManagerFactory for persistence unit 'default'
2026-09-02T20:03:35.750+05:30  WARN 26148 --- [smartwatch-leaderboard] [main] trationDelegate$BeanPostProcessorChecker : Bean 'entityManagerFactory' of type [org.springframework.orm.jpa.LocalContainerEntityManagerFactoryBean] is not eligible for getting processed by all BeanPostProcessors (for example: not eligible for auto-proxying). Is this bean getting eagerly injected into a currently created BeanPostProcessor [jobRegistryBeanPostProcessor]? Check the corresponding BeanPostProcessor declaration and its dependencies.
2026-09-02T20:03:35.769+05:30  WARN 26148 --- [smartwatch-leaderboard] [main] trationDelegate$BeanPostProcessorChecker : Bean 'entityManagerFactory' of type [jdk.proxy2.$Proxy148] is not eligible for getting processed by all BeanPostProcessors (for example: not eligible for auto-proxying). Is this bean getting eagerly injected into a currently created BeanPostProcessor [jobRegistryBeanPostProcessor]? Check the corresponding BeanPostProcessor declaration and its dependencies.
2026-09-02T20:03:35.791+05:30  WARN 26148 --- [smartwatch-leaderboard] [main] trationDelegate$BeanPostProcessorChecker : Bean 'transactionManager' of type [org.springframework.orm.jpa.JpaTransactionManager] is not eligible for getting processed by all BeanPostProcessors (for example: not eligible for auto-proxying). Is this bean getting eagerly injected into a currently created BeanPostProcessor [jobRegistryBeanPostProcessor]? Check the corresponding BeanPostProcessor declaration and its dependencies.
2026-09-02T20:03:35.817+05:30  WARN 26148 --- [smartwatch-leaderboard] [main] trationDelegate$BeanPostProcessorChecker : Bean 'org.springframework.boot.autoconfigure.batch.BatchAutoConfiguration$SpringBootBatchConfiguration' of type [org.springframework.boot.autoconfigure.batch.BatchAutoConfiguration$SpringBootBatchConfiguration] is not eligible for getting processed by all BeanPostProcessors (for example: not eligible for auto-proxying). The currently created BeanPostProcessor [jobRegistryBeanPostProcessor] is declared through a non-static factory method on that class; consider declaring it as static instead.
2026-09-02T20:03:36.151+05:30  INFO 26148 --- [smartwatch-leaderboard] [main] o.s.b.w.embedded.tomcat.TomcatWebServer  : Tomcat initialized with port 8081 (http)
2026-09-02T20:03:36.167+05:30  INFO 26148 --- [smartwatch-leaderboard] [main] o.apache.catalina.core.StandardService   : Starting service [Tomcat]
2026-09-02T20:03:36.168+05:30  INFO 26148 --- [smartwatch-leaderboard] [main] o.apache.catalina.core.StandardEngine    : Starting Servlet engine: [Apache Tomcat/10.1.19]
2026-09-02T20:03:36.257+05:30  INFO 26148 --- [smartwatch-leaderboard] [main] o.a.c.c.C.[Tomcat].[localhost].[/]       : Initializing Spring embedded WebApplicationContext
2026-09-02T20:03:36.258+05:30  INFO 26148 --- [smartwatch-leaderboard] [main] w.s.c.ServletWebServerApplicationContext : Root WebApplicationContext: initialization completed in 4500 ms
2026-09-02T20:03:36.385+05:30  INFO 26148 --- [smartwatch-leaderboard] [main] o.s.b.a.h2.H2ConsoleAutoConfiguration    : H2 console available at '/h2-console'. Database available at 'jdbc:h2:mem:smartwatch_leaderboard'
2026-09-02T20:03:36.869+05:30  INFO 26148 --- [smartwatch-leaderboard] [main] o.s.d.j.r.query.QueryEnhancerFactory     : Hibernate is in classpath; If applicable, HQL parser will be used.
2026-09-02T20:03:39.095+05:30  INFO 26148 --- [smartwatch-leaderboard] [main] o.s.b.a.e.web.EndpointLinksResolver      : Exposing 1 endpoint(s) beneath base path '/actuator'
2026-09-02T20:03:39.187+05:30  INFO 26148 --- [smartwatch-leaderboard] [main] o.s.s.web.DefaultSecurityFilterChain     : Will secure any request with [org.springframework.security.web.session.DisableEncodeUrlFilter@4e75cf7c, org.springframework.security.web.context.request.async.WebAsyncManagerIntegrationFilter@48dad22b, org.springframework.security.web.context.SecurityContextHolderFilter@6aee292d, org.springframework.security.web.header.HeaderWriterFilter@13d86de8, org.springframework.web.filter.CorsFilter@144ad1f5, org.springframework.security.web.authentication.logout.LogoutFilter@39e79726, com.smartwatch.leaderboard.utils.JwtAuthFilter@4e31229f, org.springframework.security.web.savedrequest.RequestCacheAwareFilter@62edb254, org.springframework.security.web.servletapi.SecurityContextHolderAwareRequestFilter@61466b5f, org.springframework.security.web.authentication.AnonymousAuthenticationFilter@78eee5fc, org.springframework.security.web.session.SessionManagementFilter@52c86b9f, org.springframework.security.web.access.ExceptionTranslationFilter@73985c99, org.springframework.security.web.access.intercept.AuthorizationFilter@250b6762]
2026-09-02T20:03:39.968+05:30  INFO 26148 --- [smartwatch-leaderboard] [main] o.s.b.w.embedded.tomcat.TomcatWebServer  : Tomcat started on port 8081 (http) with context path ''
2026-09-02T20:03:39.985+05:30  INFO 26148 --- [smartwatch-leaderboard] [main] c.s.leaderboard.SmartwatchLeaderboard    : Started SmartwatchLeaderboard in 8.754 seconds (process running for 9.157)
2026-09-02T20:04:49.821+05:30  INFO 26148 --- [smartwatch-leaderboard] [http-nio-8081-exec-1] o.a.c.c.C.[Tomcat].[localhost].[/]       : Initializing Spring DispatcherServlet 'dispatcherServlet'
2026-09-02T20:04:49.821+05:30  INFO 26148 --- [smartwatch-leaderboard] [http-nio-8081-exec-1] o.s.web.servlet.DispatcherServlet        : Initializing Servlet 'dispatcherServlet'
2026-09-02T20:04:49.821+05:30  INFO 26148 --- [smartwatch-leaderboard] [http-nio-8081-exec-1] o.s.web.servlet.DispatcherServlet        : Completed initialization in 0 ms
2026-09-02T20:04:49.871+05:30 DEBUG 26148 --- [smartwatch-leaderboard] [http-nio-8081-exec-1] o.s.security.web.FilterChainProxy        : Securing GET /swagger-ui/index.html
2026-09-02T20:04:49.888+05:30 DEBUG 26148 --- [smartwatch-leaderboard] [http-nio-8081-exec-1] o.s.s.w.a.AnonymousAuthenticationFilter  : Set SecurityContextHolder to anonymous SecurityContext
2026-09-02T20:04:49.907+05:30 DEBUG 26148 --- [smartwatch-leaderboard] [http-nio-8081-exec-1] o.s.security.web.FilterChainProxy        : Secured GET /swagger-ui/index.html
2026-09-02T20:04:49.956+05:30 DEBUG 26148 --- [smartwatch-leaderboard] [http-nio-8081-exec-2] o.s.security.web.FilterChainProxy        : Securing GET /swagger-ui/swagger-ui.css
2026-09-02T20:04:49.956+05:30 DEBUG 26148 --- [smartwatch-leaderboard] [http-nio-8081-exec-3] o.s.security.web.FilterChainProxy        : Securing GET /swagger-ui/index.css
2026-09-02T20:04:49.956+05:30 DEBUG 26148 --- [smartwatch-leaderboard] [http-nio-8081-exec-4] o.s.security.web.FilterChainProxy        : Securing GET /swagger-ui/swagger-ui-bundle.js
2026-09-02T20:04:49.956+05:30 DEBUG 26148 --- [smartwatch-leaderboard] [http-nio-8081-exec-3] o.s.s.w.a.AnonymousAuthenticationFilter  : Set SecurityContextHolder to anonymous SecurityContext
2026-09-02T20:04:49.956+05:30 DEBUG 26148 --- [smartwatch-leaderboard] [http-nio-8081-exec-2] o.s.s.w.a.AnonymousAuthenticationFilter  : Set SecurityContextHolder to anonymous SecurityContext
2026-09-02T20:04:49.956+05:30 DEBUG 26148 --- [smartwatch-leaderboard] [http-nio-8081-exec-3] o.s.security.web.FilterChainProxy        : Secured GET /swagger-ui/index.css
2026-09-02T20:04:49.956+05:30 DEBUG 26148 --- [smartwatch-leaderboard] [http-nio-8081-exec-4] o.s.s.w.a.AnonymousAuthenticationFilter  : Set SecurityContextHolder to anonymous SecurityContext
2026-09-02T20:04:49.956+05:30 DEBUG 26148 --- [smartwatch-leaderboard] [http-nio-8081-exec-6] o.s.security.web.FilterChainProxy        : Securing GET /swagger-ui/swagger-initializer.js
2026-09-02T20:04:49.956+05:30 DEBUG 26148 --- [smartwatch-leaderboard] [http-nio-8081-exec-5] o.s.security.web.FilterChainProxy        : Securing GET /swagger-ui/swagger-ui-standalone-preset.js
2026-09-02T20:04:49.956+05:30 DEBUG 26148 --- [smartwatch-leaderboard] [http-nio-8081-exec-2] o.s.security.web.FilterChainProxy        : Secured GET /swagger-ui/swagger-ui.css
2026-09-02T20:04:49.956+05:30 DEBUG 26148 --- [smartwatch-leaderboard] [http-nio-8081-exec-4] o.s.security.web.FilterChainProxy        : Secured GET /swagger-ui/swagger-ui-bundle.js
2026-09-02T20:04:49.956+05:30 DEBUG 26148 --- [smartwatch-leaderboard] [http-nio-8081-exec-5] o.s.s.w.a.AnonymousAuthenticationFilter  : Set SecurityContextHolder to anonymous SecurityContext
2026-09-02T20:04:49.956+05:30 DEBUG 26148 --- [smartwatch-leaderboard] [http-nio-8081-exec-6] o.s.s.w.a.AnonymousAuthenticationFilter  : Set SecurityContextHolder to anonymous SecurityContext
2026-09-02T20:04:49.956+05:30 DEBUG 26148 --- [smartwatch-leaderboard] [http-nio-8081-exec-5] o.s.security.web.FilterChainProxy        : Secured GET /swagger-ui/swagger-ui-standalone-preset.js
2026-09-02T20:04:49.980+05:30 DEBUG 26148 --- [smartwatch-leaderboard] [http-nio-8081-exec-6] o.s.security.web.FilterChainProxy        : Secured GET /swagger-ui/swagger-initializer.js
2026-09-02T20:04:50.205+05:30 DEBUG 26148 --- [smartwatch-leaderboard] [http-nio-8081-exec-7] o.s.security.web.FilterChainProxy        : Securing GET /v3/api-docs/swagger-config
2026-09-02T20:04:50.207+05:30 DEBUG 26148 --- [smartwatch-leaderboard] [http-nio-8081-exec-8] o.s.security.web.FilterChainProxy        : Securing GET /swagger-ui/favicon-32x32.png
2026-09-02T20:04:50.207+05:30 DEBUG 26148 --- [smartwatch-leaderboard] [http-nio-8081-exec-7] o.s.s.w.a.AnonymousAuthenticationFilter  : Set SecurityContextHolder to anonymous SecurityContext
2026-09-02T20:04:50.209+05:30 DEBUG 26148 --- [smartwatch-leaderboard] [http-nio-8081-exec-7] o.s.security.web.FilterChainProxy        : Secured GET /v3/api-docs/swagger-config
2026-09-02T20:04:50.209+05:30 DEBUG 26148 --- [smartwatch-leaderboard] [http-nio-8081-exec-8] o.s.s.w.a.AnonymousAuthenticationFilter  : Set SecurityContextHolder to anonymous SecurityContext
2026-09-02T20:04:50.211+05:30 DEBUG 26148 --- [smartwatch-leaderboard] [http-nio-8081-exec-8] o.s.security.web.FilterChainProxy        : Secured GET /swagger-ui/favicon-32x32.png
2026-09-02T20:04:50.255+05:30 DEBUG 26148 --- [smartwatch-leaderboard] [http-nio-8081-exec-9] o.s.security.web.FilterChainProxy        : Securing GET /v3/api-docs
2026-09-02T20:04:50.258+05:30 DEBUG 26148 --- [smartwatch-leaderboard] [http-nio-8081-exec-9] o.s.s.w.a.AnonymousAuthenticationFilter  : Set SecurityContextHolder to anonymous SecurityContext
2026-09-02T20:04:50.259+05:30 DEBUG 26148 --- [smartwatch-leaderboard] [http-nio-8081-exec-9] o.s.security.web.FilterChainProxy        : Secured GET /v3/api-docs
2026-09-02T20:04:51.072+05:30  INFO 26148 --- [smartwatch-leaderboard] [http-nio-8081-exec-9] o.springdoc.api.AbstractOpenApiResource  : Init duration for springdoc-openapi is: 792 ms
2026-09-02T20:05:04.827+05:30 DEBUG 26148 --- [smartwatch-leaderboard] [http-nio-8081-exec-10] o.s.security.web.FilterChainProxy        : Securing GET /health
2026-09-02T20:05:04.829+05:30 DEBUG 26148 --- [smartwatch-leaderboard] [http-nio-8081-exec-10] o.s.s.w.a.AnonymousAuthenticationFilter  : Set SecurityContextHolder to anonymous SecurityContext
2026-09-02T20:05:04.830+05:30 DEBUG 26148 --- [smartwatch-leaderboard] [http-nio-8081-exec-10] o.s.security.web.FilterChainProxy        : Secured GET /health
2026-09-02T20:05:04.896+05:30  INFO 26148 --- [smartwatch-leaderboard] [http-nio-8081-exec-10] o.a.k.clients.admin.AdminClientConfig    : AdminClientConfig values: 
	auto.include.jmx.reporter = true
	bootstrap.servers = [localhost:9092]
	client.dns.lookup = use_all_dns_ips
	client.id = 
	connections.max.idle.ms = 300000
	default.api.timeout.ms = 3000
	metadata.max.age.ms = 300000
	metric.reporters = []
	metrics.num.samples = 2
	metrics.recording.level = INFO
	metrics.sample.window.ms = 30000
	receive.buffer.bytes = 65536
	reconnect.backoff.max.ms = 1000
	reconnect.backoff.ms = 50
	request.timeout.ms = 3000
	retries = 2147483647
	retry.backoff.ms = 100
	sasl.client.callback.handler.class = null
	sasl.jaas.config = null
	sasl.kerberos.kinit.cmd = /usr/bin/kinit
	sasl.kerberos.min.time.before.relogin = 60000
	sasl.kerberos.service.name = null
	sasl.kerberos.ticket.renew.jitter = 0.05
	sasl.kerberos.ticket.renew.window.factor = 0.8
	sasl.login.callback.handler.class = null
	sasl.login.class = null
	sasl.login.connect.timeout.ms = null
	sasl.login.read.timeout.ms = null
	sasl.login.refresh.buffer.seconds = 300
	sasl.login.refresh.min.period.seconds = 60
	sasl.login.refresh.window.factor = 0.8
	sasl.login.refresh.window.jitter = 0.05
	sasl.login.retry.backoff.max.ms = 10000
	sasl.login.retry.backoff.ms = 100
	sasl.mechanism = GSSAPI
	sasl.oauthbearer.clock.skew.seconds = 30
	sasl.oauthbearer.expected.audience = null
	sasl.oauthbearer.expected.issuer = null
	sasl.oauthbearer.jwks.endpoint.refresh.ms = 3600000
	sasl.oauthbearer.jwks.endpoint.retry.backoff.max.ms = 10000
	sasl.oauthbearer.jwks.endpoint.retry.backoff.ms = 100
	sasl.oauthbearer.jwks.endpoint.url = null
	sasl.oauthbearer.scope.claim.name = scope
	sasl.oauthbearer.sub.claim.name = sub
	sasl.oauthbearer.token.endpoint.url = null
	security.protocol = PLAINTEXT
	security.providers = null
	send.buffer.bytes = 131072
	socket.connection.setup.timeout.max.ms = 30000
	socket.connection.setup.timeout.ms = 10000
	ssl.cipher.suites = null
	ssl.enabled.protocols = [TLSv1.2, TLSv1.3]
	ssl.endpoint.identification.algorithm = https
	ssl.engine.factory.class = null
	ssl.key.password = null
	ssl.keymanager.algorithm = SunX509
	ssl.keystore.certificate.chain = null
	ssl.keystore.key = null
	ssl.keystore.location = null
	ssl.keystore.password = null
	ssl.keystore.type = JKS
	ssl.protocol = TLSv1.3
	ssl.provider = null
	ssl.secure.random.implementation = null
	ssl.trustmanager.algorithm = PKIX
	ssl.truststore.certificates = null
	ssl.truststore.location = null
	ssl.truststore.password = null
	ssl.truststore.type = JKS

2026-09-02T20:05:05.263+05:30  INFO 26148 --- [smartwatch-leaderboard] [http-nio-8081-exec-10] o.a.kafka.common.utils.AppInfoParser     : Kafka version: 3.6.1
2026-09-02T20:05:05.263+05:30  INFO 26148 --- [smartwatch-leaderboard] [http-nio-8081-exec-10] o.a.kafka.common.utils.AppInfoParser     : Kafka commitId: 5e3c2b738d253ff5
2026-09-02T20:05:05.263+05:30  INFO 26148 --- [smartwatch-leaderboard] [http-nio-8081-exec-10] o.a.kafka.common.utils.AppInfoParser     : Kafka startTimeMs: 1788359705246
2026-09-02T20:05:05.326+05:30  INFO 26148 --- [smartwatch-leaderboard] [kafka-admin-client-thread | adminclient-1] org.apache.kafka.clients.NetworkClient   : [AdminClient clientId=adminclient-1] Node -1 disconnected.
2026-09-02T20:05:05.327+05:30  WARN 26148 --- [smartwatch-leaderboard] [kafka-admin-client-thread | adminclient-1] org.apache.kafka.clients.NetworkClient   : [AdminClient clientId=adminclient-1] Connection to node -1 (localhost/127.0.0.1:9092) could not be established. Broker may not be available.
2026-09-02T20:05:05.446+05:30  INFO 26148 --- [smartwatch-leaderboard] [kafka-admin-client-thread | adminclient-1] org.apache.kafka.clients.NetworkClient   : [AdminClient clientId=adminclient-1] Node -1 disconnected.
2026-09-02T20:05:05.446+05:30  WARN 26148 --- [smartwatch-leaderboard] [kafka-admin-client-thread | adminclient-1] org.apache.kafka.clients.NetworkClient   : [AdminClient clientId=adminclient-1] Connection to node -1 (localhost/127.0.0.1:9092) could not be established. Broker may not be available.
2026-09-02T20:05:05.546+05:30  INFO 26148 --- [smartwatch-leaderboard] [kafka-admin-client-thread | adminclient-1] org.apache.kafka.clients.NetworkClient   : [AdminClient clientId=adminclient-1] Node -1 disconnected.
2026-09-02T20:05:05.546+05:30  WARN 26148 --- [smartwatch-leaderboard] [kafka-admin-client-thread | adminclient-1] org.apache.kafka.clients.NetworkClient   : [AdminClient clientId=adminclient-1] Connection to node -1 (localhost/127.0.0.1:9092) could not be established. Broker may not be available.
2026-09-02T20:05:05.865+05:30  INFO 26148 --- [smartwatch-leaderboard] [kafka-admin-client-thread | adminclient-1] org.apache.kafka.clients.NetworkClient   : [AdminClient clientId=adminclient-1] Node -1 disconnected.
2026-09-02T20:05:05.865+05:30  WARN 26148 --- [smartwatch-leaderboard] [kafka-admin-client-thread | adminclient-1] org.apache.kafka.clients.NetworkClient   : [AdminClient clientId=adminclient-1] Connection to node -1 (localhost/127.0.0.1:9092) could not be established. Broker may not be available.
2026-09-02T20:05:06.297+05:30  INFO 26148 --- [smartwatch-leaderboard] [kafka-admin-client-thread | adminclient-1] org.apache.kafka.clients.NetworkClient   : [AdminClient clientId=adminclient-1] Node -1 disconnected.
2026-09-02T20:05:06.298+05:30  WARN 26148 --- [smartwatch-leaderboard] [kafka-admin-client-thread | adminclient-1] org.apache.kafka.clients.NetworkClient   : [AdminClient clientId=adminclient-1] Connection to node -1 (localhost/127.0.0.1:9092) could not be established. Broker may not be available.
2026-09-02T20:05:07.045+05:30  INFO 26148 --- [smartwatch-leaderboard] [kafka-admin-client-thread | adminclient-1] org.apache.kafka.clients.NetworkClient   : [AdminClient clientId=adminclient-1] Node -1 disconnected.
2026-09-02T20:05:07.045+05:30  WARN 26148 --- [smartwatch-leaderboard] [kafka-admin-client-thread | adminclient-1] org.apache.kafka.clients.NetworkClient   : [AdminClient clientId=adminclient-1] Connection to node -1 (localhost/127.0.0.1:9092) could not be established. Broker may not be available.
2026-09-02T20:05:08.212+05:30  INFO 26148 --- [smartwatch-leaderboard] [kafka-admin-client-thread | adminclient-1] org.apache.kafka.clients.NetworkClient   : [AdminClient clientId=adminclient-1] Node -1 disconnected.
2026-09-02T20:05:08.212+05:30  WARN 26148 --- [smartwatch-leaderboard] [kafka-admin-client-thread | adminclient-1] org.apache.kafka.clients.NetworkClient   : [AdminClient clientId=adminclient-1] Connection to node -1 (localhost/127.0.0.1:9092) could not be established. Broker may not be available.
2026-09-02T20:05:08.278+05:30  INFO 26148 --- [smartwatch-leaderboard] [kafka-admin-client-thread | adminclient-1] o.a.k.c.a.i.AdminMetadataManager         : [AdminClient clientId=adminclient-1] Metadata update failed

org.apache.kafka.common.errors.TimeoutException: Timed out waiting for a node assignment. Call: fetchMetadata

2026-09-02T20:05:08.278+05:30  INFO 26148 --- [smartwatch-leaderboard] [kafka-admin-client-thread | adminclient-1] o.a.kafka.common.utils.AppInfoParser     : App info kafka.admin.client for adminclient-1 unregistered
2026-09-02T20:05:08.278+05:30  INFO 26148 --- [smartwatch-leaderboard] [kafka-admin-client-thread | adminclient-1] o.a.k.c.a.i.AdminMetadataManager         : [AdminClient clientId=adminclient-1] Metadata update failed

org.apache.kafka.common.errors.TimeoutException: The AdminClient thread has exited. Call: fetchMetadata

2026-09-02T20:05:08.278+05:30  INFO 26148 --- [smartwatch-leaderboard] [kafka-admin-client-thread | adminclient-1] o.a.k.clients.admin.KafkaAdminClient     : [AdminClient clientId=adminclient-1] Timed out 1 remaining operation(s) during close.
2026-09-02T20:05:08.278+05:30  INFO 26148 --- [smartwatch-leaderboard] [kafka-admin-client-thread | adminclient-1] o.apache.kafka.common.metrics.Metrics    : Metrics scheduler closed
2026-09-02T20:05:08.278+05:30  INFO 26148 --- [smartwatch-leaderboard] [kafka-admin-client-thread | adminclient-1] o.apache.kafka.common.metrics.Metrics    : Closing reporter org.apache.kafka.common.metrics.JmxReporter
2026-09-02T20:05:08.278+05:30  INFO 26148 --- [smartwatch-leaderboard] [kafka-admin-client-thread | adminclient-1] o.apache.kafka.common.metrics.Metrics    : Metrics reporters closed
2026-09-02T20:05:08.278+05:30  WARN 26148 --- [smartwatch-leaderboard] [http-nio-8081-exec-10] c.s.leaderboard.service.HealthService    : Kafka health check failed: org.apache.kafka.common.errors.TimeoutException: Timed out waiting for a node assignment. Call: listNodes
2026-09-02T20:57:37.345+05:30 DEBUG 26148 --- [smartwatch-leaderboard] [http-nio-8081-exec-4] o.s.security.web.FilterChainProxy        : Securing POST /auth/register
2026-09-02T20:57:37.351+05:30 DEBUG 26148 --- [smartwatch-leaderboard] [http-nio-8081-exec-4] o.s.s.w.a.AnonymousAuthenticationFilter  : Set SecurityContextHolder to anonymous SecurityContext
2026-09-02T20:57:37.355+05:30 DEBUG 26148 --- [smartwatch-leaderboard] [http-nio-8081-exec-4] o.s.security.web.FilterChainProxy        : Secured POST /auth/register
2026-09-02T20:57:38.874+05:30 ERROR 26148 --- [smartwatch-leaderboard] [http-nio-8081-exec-4] c.s.l.exception.GlobalExceptionHandler   : Unhandled exception [IllegalArgumentException]: Device not found: 41

java.lang.IllegalArgumentException: Device not found: 41
	at com.smartwatch.leaderboard.service.AuthService.lambda$register$0(AuthService.java:45) ~[classes/:na]
	at java.base/java.util.Optional.orElseThrow(Optional.java:403) ~[na:na]
	at com.smartwatch.leaderboard.service.AuthService.register(AuthService.java:45) ~[classes/:na]
	at java.base/jdk.internal.reflect.DirectMethodHandleAccessor.invoke(DirectMethodHandleAccessor.java:103) ~[na:na]
	at java.base/java.lang.reflect.Method.invoke(Method.java:580) ~[na:na]
	at org.springframework.aop.support.AopUtils.invokeJoinpointUsingReflection(AopUtils.java:351) ~[spring-aop-6.1.5.jar:6.1.5]
	at org.springframework.aop.framework.ReflectiveMethodInvocation.invokeJoinpoint(ReflectiveMethodInvocation.java:196) ~[spring-aop-6.1.5.jar:6.1.5]
	at org.springframework.aop.framework.ReflectiveMethodInvocation.proceed(ReflectiveMethodInvocation.java:163) ~[spring-aop-6.1.5.jar:6.1.5]
	at org.springframework.aop.framework.CglibAopProxy$CglibMethodInvocation.proceed(CglibAopProxy.java:765) ~[spring-aop-6.1.5.jar:6.1.5]
	at org.springframework.transaction.interceptor.TransactionInterceptor$1.proceedWithInvocation(TransactionInterceptor.java:123) ~[spring-tx-6.1.5.jar:6.1.5]
	at org.springframework.transaction.interceptor.TransactionAspectSupport.invokeWithinTransaction(TransactionAspectSupport.java:392) ~[spring-tx-6.1.5.jar:6.1.5]
	at org.springframework.transaction.interceptor.TransactionInterceptor.invoke(TransactionInterceptor.java:119) ~[spring-tx-6.1.5.jar:6.1.5]
	at org.springframework.aop.framework.ReflectiveMethodInvocation.proceed(ReflectiveMethodInvocation.java:184) ~[spring-aop-6.1.5.jar:6.1.5]
	at org.springframework.aop.framework.CglibAopProxy$CglibMethodInvocation.proceed(CglibAopProxy.java:765) ~[spring-aop-6.1.5.jar:6.1.5]
	at org.springframework.aop.framework.CglibAopProxy$DynamicAdvisedInterceptor.intercept(CglibAopProxy.java:717) ~[spring-aop-6.1.5.jar:6.1.5]
	at com.smartwatch.leaderboard.service.AuthService$$SpringCGLIB$$0.register(<generated>) ~[classes/:na]
	at com.smartwatch.leaderboard.controller.AuthController.register(AuthController.java:30) ~[classes/:na]
	at java.base/jdk.internal.reflect.DirectMethodHandleAccessor.invoke(DirectMethodHandleAccessor.java:103) ~[na:na]
	at java.base/java.lang.reflect.Method.invoke(Method.java:580) ~[na:na]
	at org.springframework.web.method.support.InvocableHandlerMethod.doInvoke(InvocableHandlerMethod.java:255) ~[spring-web-6.1.5.jar:6.1.5]
	at org.springframework.web.method.support.InvocableHandlerMethod.invokeForRequest(InvocableHandlerMethod.java:188) ~[spring-web-6.1.5.jar:6.1.5]
	at org.springframework.web.servlet.mvc.method.annotation.ServletInvocableHandlerMethod.invokeAndHandle(ServletInvocableHandlerMethod.java:118) ~[spring-webmvc-6.1.5.jar:6.1.5]
	at org.springframework.web.servlet.mvc.method.annotation.RequestMappingHandlerAdapter.invokeHandlerMethod(RequestMappingHandlerAdapter.java:925) ~[spring-webmvc-6.1.5.jar:6.1.5]
	at org.springframework.web.servlet.mvc.method.annotation.RequestMappingHandlerAdapter.handleInternal(RequestMappingHandlerAdapter.java:830) ~[spring-webmvc-6.1.5.jar:6.1.5]
	at org.springframework.web.servlet.mvc.method.AbstractHandlerMethodAdapter.handle(AbstractHandlerMethodAdapter.java:87) ~[spring-webmvc-6.1.5.jar:6.1.5]
	at org.springframework.web.servlet.DispatcherServlet.doDispatch(DispatcherServlet.java:1089) ~[spring-webmvc-6.1.5.jar:6.1.5]
	at org.springframework.web.servlet.DispatcherServlet.doService(DispatcherServlet.java:979) ~[spring-webmvc-6.1.5.jar:6.1.5]
	at org.springframework.web.servlet.FrameworkServlet.processRequest(FrameworkServlet.java:1014) ~[spring-webmvc-6.1.5.jar:6.1.5]
	at org.springframework.web.servlet.FrameworkServlet.doPost(FrameworkServlet.java:914) ~[spring-webmvc-6.1.5.jar:6.1.5]
	at jakarta.servlet.http.HttpServlet.service(HttpServlet.java:590) ~[tomcat-embed-core-10.1.19.jar:6.0]
	at org.springframework.web.servlet.FrameworkServlet.service(FrameworkServlet.java:885) ~[spring-webmvc-6.1.5.jar:6.1.5]
	at jakarta.servlet.http.HttpServlet.service(HttpServlet.java:658) ~[tomcat-embed-core-10.1.19.jar:6.0]
	at org.apache.catalina.core.ApplicationFilterChain.internalDoFilter(ApplicationFilterChain.java:205) ~[tomcat-embed-core-10.1.19.jar:10.1.19]
	at org.apache.catalina.core.ApplicationFilterChain.doFilter(ApplicationFilterChain.java:149) ~[tomcat-embed-core-10.1.19.jar:10.1.19]
	at org.apache.tomcat.websocket.server.WsFilter.doFilter(WsFilter.java:51) ~[tomcat-embed-websocket-10.1.19.jar:10.1.19]
	at org.apache.catalina.core.ApplicationFilterChain.internalDoFilter(ApplicationFilterChain.java:174) ~[tomcat-embed-core-10.1.19.jar:10.1.19]
	at org.apache.catalina.core.ApplicationFilterChain.doFilter(ApplicationFilterChain.java:149) ~[tomcat-embed-core-10.1.19.jar:10.1.19]
	at org.springframework.web.filter.OncePerRequestFilter.doFilter(OncePerRequestFilter.java:110) ~[spring-web-6.1.5.jar:6.1.5]
	at org.apache.catalina.core.ApplicationFilterChain.internalDoFilter(ApplicationFilterChain.java:174) ~[tomcat-embed-core-10.1.19.jar:10.1.19]
	at org.apache.catalina.core.ApplicationFilterChain.doFilter(ApplicationFilterChain.java:149) ~[tomcat-embed-core-10.1.19.jar:10.1.19]
	at org.springframework.web.filter.CompositeFilter$VirtualFilterChain.doFilter(CompositeFilter.java:108) ~[spring-web-6.1.5.jar:6.1.5]
	at org.springframework.security.web.FilterChainProxy.lambda$doFilterInternal$3(FilterChainProxy.java:231) ~[spring-security-web-6.2.3.jar:6.2.3]
	at org.springframework.security.web.ObservationFilterChainDecorator$FilterObservation$SimpleFilterObservation.lambda$wrap$1(ObservationFilterChainDecorator.java:479) ~[spring-security-web-6.2.3.jar:6.2.3]
	at org.springframework.security.web.ObservationFilterChainDecorator$AroundFilterObservation$SimpleAroundFilterObservation.lambda$wrap$1(ObservationFilterChainDecorator.java:340) ~[spring-security-web-6.2.3.jar:6.2.3]
	at org.springframework.security.web.ObservationFilterChainDecorator.lambda$wrapSecured$0(ObservationFilterChainDecorator.java:82) ~[spring-security-web-6.2.3.jar:6.2.3]
	at org.springframework.security.web.ObservationFilterChainDecorator$VirtualFilterChain.doFilter(ObservationFilterChainDecorator.java:128) ~[spring-security-web-6.2.3.jar:6.2.3]
	at org.springframework.security.web.access.intercept.AuthorizationFilter.doFilter(AuthorizationFilter.java:100) ~[spring-security-web-6.2.3.jar:6.2.3]
	at org.springframework.security.web.ObservationFilterChainDecorator$ObservationFilter.wrapFilter(ObservationFilterChainDecorator.java:240) ~[spring-security-web-6.2.3.jar:6.2.3]
	at org.springframework.security.web.ObservationFilterChainDecorator$ObservationFilter.doFilter(ObservationFilterChainDecorator.java:227) ~[spring-security-web-6.2.3.jar:6.2.3]
	at org.springframework.security.web.ObservationFilterChainDecorator$VirtualFilterChain.doFilter(ObservationFilterChainDecorator.java:137) ~[spring-security-web-6.2.3.jar:6.2.3]
	at org.springframework.security.web.access.ExceptionTranslationFilter.doFilter(ExceptionTranslationFilter.java:126) ~[spring-security-web-6.2.3.jar:6.2.3]
	at org.springframework.security.web.access.ExceptionTranslationFilter.doFilter(ExceptionTranslationFilter.java:120) ~[spring-security-web-6.2.3.jar:6.2.3]
	at org.springframework.security.web.ObservationFilterChainDecorator$ObservationFilter.wrapFilter(ObservationFilterChainDecorator.java:240) ~[spring-security-web-6.2.3.jar:6.2.3]
	at org.springframework.security.web.ObservationFilterChainDecorator$ObservationFilter.doFilter(ObservationFilterChainDecorator.java:227) ~[spring-security-web-6.2.3.jar:6.2.3]
	at org.springframework.security.web.ObservationFilterChainDecorator$VirtualFilterChain.doFilter(ObservationFilterChainDecorator.java:137) ~[spring-security-web-6.2.3.jar:6.2.3]
	at org.springframework.security.web.session.SessionManagementFilter.doFilter(SessionManagementFilter.java:131) ~[spring-security-web-6.2.3.jar:6.2.3]
	at org.springframework.security.web.session.SessionManagementFilter.doFilter(SessionManagementFilter.java:85) ~[spring-security-web-6.2.3.jar:6.2.3]
	at org.springframework.security.web.ObservationFilterChainDecorator$ObservationFilter.wrapFilter(ObservationFilterChainDecorator.java:240) ~[spring-security-web-6.2.3.jar:6.2.3]
	at org.springframework.security.web.ObservationFilterChainDecorator$ObservationFilter.doFilter(ObservationFilterChainDecorator.java:227) ~[spring-security-web-6.2.3.jar:6.2.3]
	at org.springframework.security.web.ObservationFilterChainDecorator$VirtualFilterChain.doFilter(ObservationFilterChainDecorator.java:137) ~[spring-security-web-6.2.3.jar:6.2.3]
	at org.springframework.security.web.authentication.AnonymousAuthenticationFilter.doFilter(AnonymousAuthenticationFilter.java:100) ~[spring-security-web-6.2.3.jar:6.2.3]
	at org.springframework.security.web.ObservationFilterChainDecorator$ObservationFilter.wrapFilter(ObservationFilterChainDecorator.java:240) ~[spring-security-web-6.2.3.jar:6.2.3]
	at org.springframework.security.web.ObservationFilterChainDecorator$ObservationFilter.doFilter(ObservationFilterChainDecorator.java:227) ~[spring-security-web-6.2.3.jar:6.2.3]
	at org.springframework.security.web.ObservationFilterChainDecorator$VirtualFilterChain.doFilter(ObservationFilterChainDecorator.java:137) ~[spring-security-web-6.2.3.jar:6.2.3]
	at org.springframework.security.web.servletapi.SecurityContextHolderAwareRequestFilter.doFilter(SecurityContextHolderAwareRequestFilter.java:179) ~[spring-security-web-6.2.3.jar:6.2.3]
	at org.springframework.security.web.ObservationFilterChainDecorator$ObservationFilter.wrapFilter(ObservationFilterChainDecorator.java:240) ~[spring-security-web-6.2.3.jar:6.2.3]
	at org.springframework.security.web.ObservationFilterChainDecorator$ObservationFilter.doFilter(ObservationFilterChainDecorator.java:227) ~[spring-security-web-6.2.3.jar:6.2.3]
	at org.springframework.security.web.ObservationFilterChainDecorator$VirtualFilterChain.doFilter(ObservationFilterChainDecorator.java:137) ~[spring-security-web-6.2.3.jar:6.2.3]
	at org.springframework.security.web.savedrequest.RequestCacheAwareFilter.doFilter(RequestCacheAwareFilter.java:63) ~[spring-security-web-6.2.3.jar:6.2.3]
	at org.springframework.security.web.ObservationFilterChainDecorator$ObservationFilter.wrapFilter(ObservationFilterChainDecorator.java:240) ~[spring-security-web-6.2.3.jar:6.2.3]
	at org.springframework.security.web.ObservationFilterChainDecorator$ObservationFilter.doFilter(ObservationFilterChainDecorator.java:227) ~[spring-security-web-6.2.3.jar:6.2.3]
	at org.springframework.security.web.ObservationFilterChainDecorator$VirtualFilterChain.doFilter(ObservationFilterChainDecorator.java:137) ~[spring-security-web-6.2.3.jar:6.2.3]
	at com.smartwatch.leaderboard.utils.JwtAuthFilter.doFilterInternal(JwtAuthFilter.java:44) ~[classes/:na]
	at org.springframework.web.filter.OncePerRequestFilter.doFilter(OncePerRequestFilter.java:116) ~[spring-web-6.1.5.jar:6.1.5]
	at org.springframework.security.web.ObservationFilterChainDecorator$ObservationFilter.wrapFilter(ObservationFilterChainDecorator.java:240) ~[spring-security-web-6.2.3.jar:6.2.3]
	at org.springframework.security.web.ObservationFilterChainDecorator$ObservationFilter.doFilter(ObservationFilterChainDecorator.java:227) ~[spring-security-web-6.2.3.jar:6.2.3]
	at org.springframework.security.web.ObservationFilterChainDecorator$VirtualFilterChain.doFilter(ObservationFilterChainDecorator.java:137) ~[spring-security-web-6.2.3.jar:6.2.3]
	at org.springframework.security.web.authentication.logout.LogoutFilter.doFilter(LogoutFilter.java:107) ~[spring-security-web-6.2.3.jar:6.2.3]
	at org.springframework.security.web.authentication.logout.LogoutFilter.doFilter(LogoutFilter.java:93) ~[spring-security-web-6.2.3.jar:6.2.3]
	at org.springframework.security.web.ObservationFilterChainDecorator$ObservationFilter.wrapFilter(ObservationFilterChainDecorator.java:240) ~[spring-security-web-6.2.3.jar:6.2.3]
	at org.springframework.security.web.ObservationFilterChainDecorator$ObservationFilter.doFilter(ObservationFilterChainDecorator.java:227) ~[spring-security-web-6.2.3.jar:6.2.3]
	at org.springframework.security.web.ObservationFilterChainDecorator$VirtualFilterChain.doFilter(ObservationFilterChainDecorator.java:137) ~[spring-security-web-6.2.3.jar:6.2.3]
	at org.springframework.web.filter.CorsFilter.doFilterInternal(CorsFilter.java:91) ~[spring-web-6.1.5.jar:6.1.5]
	at org.springframework.web.filter.OncePerRequestFilter.doFilter(OncePerRequestFilter.java:116) ~[spring-web-6.1.5.jar:6.1.5]
	at org.springframework.security.web.ObservationFilterChainDecorator$ObservationFilter.wrapFilter(ObservationFilterChainDecorator.java:240) ~[spring-security-web-6.2.3.jar:6.2.3]
	at org.springframework.security.web.ObservationFilterChainDecorator$ObservationFilter.doFilter(ObservationFilterChainDecorator.java:227) ~[spring-security-web-6.2.3.jar:6.2.3]
	at org.springframework.security.web.ObservationFilterChainDecorator$VirtualFilterChain.doFilter(ObservationFilterChainDecorator.java:137) ~[spring-security-web-6.2.3.jar:6.2.3]
	at org.springframework.security.web.header.HeaderWriterFilter.doHeadersAfter(HeaderWriterFilter.java:90) ~[spring-security-web-6.2.3.jar:6.2.3]
	at org.springframework.security.web.header.HeaderWriterFilter.doFilterInternal(HeaderWriterFilter.java:75) ~[spring-security-web-6.2.3.jar:6.2.3]
	at org.springframework.web.filter.OncePerRequestFilter.doFilter(OncePerRequestFilter.java:116) ~[spring-web-6.1.5.jar:6.1.5]
	at org.springframework.security.web.ObservationFilterChainDecorator$ObservationFilter.wrapFilter(ObservationFilterChainDecorator.java:240) ~[spring-security-web-6.2.3.jar:6.2.3]
	at org.springframework.security.web.ObservationFilterChainDecorator$ObservationFilter.doFilter(ObservationFilterChainDecorator.java:227) ~[spring-security-web-6.2.3.jar:6.2.3]
	at org.springframework.security.web.ObservationFilterChainDecorator$VirtualFilterChain.doFilter(ObservationFilterChainDecorator.java:137) ~[spring-security-web-6.2.3.jar:6.2.3]
	at org.springframework.security.web.context.SecurityContextHolderFilter.doFilter(SecurityContextHolderFilter.java:82) ~[spring-security-web-6.2.3.jar:6.2.3]
	at org.springframework.security.web.context.SecurityContextHolderFilter.doFilter(SecurityContextHolderFilter.java:69) ~[spring-security-web-6.2.3.jar:6.2.3]
	at org.springframework.security.web.ObservationFilterChainDecorator$ObservationFilter.wrapFilter(ObservationFilterChainDecorator.java:240) ~[spring-security-web-6.2.3.jar:6.2.3]
	at org.springframework.security.web.ObservationFilterChainDecorator$ObservationFilter.doFilter(ObservationFilterChainDecorator.java:227) ~[spring-security-web-6.2.3.jar:6.2.3]
	at org.springframework.security.web.ObservationFilterChainDecorator$VirtualFilterChain.doFilter(ObservationFilterChainDecorator.java:137) ~[spring-security-web-6.2.3.jar:6.2.3]
	at org.springframework.security.web.context.request.async.WebAsyncManagerIntegrationFilter.doFilterInternal(WebAsyncManagerIntegrationFilter.java:62) ~[spring-security-web-6.2.3.jar:6.2.3]
	at org.springframework.web.filter.OncePerRequestFilter.doFilter(OncePerRequestFilter.java:116) ~[spring-web-6.1.5.jar:6.1.5]
	at org.springframework.security.web.ObservationFilterChainDecorator$ObservationFilter.wrapFilter(ObservationFilterChainDecorator.java:240) ~[spring-security-web-6.2.3.jar:6.2.3]
	at org.springframework.security.web.ObservationFilterChainDecorator$ObservationFilter.doFilter(ObservationFilterChainDecorator.java:227) ~[spring-security-web-6.2.3.jar:6.2.3]
	at org.springframework.security.web.ObservationFilterChainDecorator$VirtualFilterChain.doFilter(ObservationFilterChainDecorator.java:137) ~[spring-security-web-6.2.3.jar:6.2.3]
	at org.springframework.security.web.session.DisableEncodeUrlFilter.doFilterInternal(DisableEncodeUrlFilter.java:42) ~[spring-security-web-6.2.3.jar:6.2.3]
	at org.springframework.web.filter.OncePerRequestFilter.doFilter(OncePerRequestFilter.java:116) ~[spring-web-6.1.5.jar:6.1.5]
	at org.springframework.security.web.ObservationFilterChainDecorator$ObservationFilter.wrapFilter(ObservationFilterChainDecorator.java:240) ~[spring-security-web-6.2.3.jar:6.2.3]
	at org.springframework.security.web.ObservationFilterChainDecorator$AroundFilterObservation$SimpleAroundFilterObservation.lambda$wrap$0(ObservationFilterChainDecorator.java:323) ~[spring-security-web-6.2.3.jar:6.2.3]
	at org.springframework.security.web.ObservationFilterChainDecorator$ObservationFilter.doFilter(ObservationFilterChainDecorator.java:224) ~[spring-security-web-6.2.3.jar:6.2.3]
	at org.springframework.security.web.ObservationFilterChainDecorator$VirtualFilterChain.doFilter(ObservationFilterChainDecorator.java:137) ~[spring-security-web-6.2.3.jar:6.2.3]
	at org.springframework.security.web.FilterChainProxy.doFilterInternal(FilterChainProxy.java:233) ~[spring-security-web-6.2.3.jar:6.2.3]
	at org.springframework.security.web.FilterChainProxy.doFilter(FilterChainProxy.java:191) ~[spring-security-web-6.2.3.jar:6.2.3]
	at org.springframework.web.filter.CompositeFilter$VirtualFilterChain.doFilter(CompositeFilter.java:113) ~[spring-web-6.1.5.jar:6.1.5]
	at org.springframework.web.servlet.handler.HandlerMappingIntrospector.lambda$createCacheFilter$3(HandlerMappingIntrospector.java:195) ~[spring-webmvc-6.1.5.jar:6.1.5]
	at org.springframework.web.filter.CompositeFilter$VirtualFilterChain.doFilter(CompositeFilter.java:113) ~[spring-web-6.1.5.jar:6.1.5]
	at org.springframework.web.filter.CompositeFilter.doFilter(CompositeFilter.java:74) ~[spring-web-6.1.5.jar:6.1.5]
	at org.springframework.security.config.annotation.web.configuration.WebMvcSecurityConfiguration$CompositeFilterChainProxy.doFilter(WebMvcSecurityConfiguration.java:230) ~[spring-security-config-6.2.3.jar:6.2.3]
	at org.springframework.web.filter.DelegatingFilterProxy.invokeDelegate(DelegatingFilterProxy.java:352) ~[spring-web-6.1.5.jar:6.1.5]
	at org.springframework.web.filter.DelegatingFilterProxy.doFilter(DelegatingFilterProxy.java:268) ~[spring-web-6.1.5.jar:6.1.5]
	at org.apache.catalina.core.ApplicationFilterChain.internalDoFilter(ApplicationFilterChain.java:174) ~[tomcat-embed-core-10.1.19.jar:10.1.19]
	at org.apache.catalina.core.ApplicationFilterChain.doFilter(ApplicationFilterChain.java:149) ~[tomcat-embed-core-10.1.19.jar:10.1.19]
	at org.springframework.web.filter.RequestContextFilter.doFilterInternal(RequestContextFilter.java:100) ~[spring-web-6.1.5.jar:6.1.5]
	at org.springframework.web.filter.OncePerRequestFilter.doFilter(OncePerRequestFilter.java:116) ~[spring-web-6.1.5.jar:6.1.5]
	at org.apache.catalina.core.ApplicationFilterChain.internalDoFilter(ApplicationFilterChain.java:174) ~[tomcat-embed-core-10.1.19.jar:10.1.19]
	at org.apache.catalina.core.ApplicationFilterChain.doFilter(ApplicationFilterChain.java:149) ~[tomcat-embed-core-10.1.19.jar:10.1.19]
	at org.springframework.web.filter.FormContentFilter.doFilterInternal(FormContentFilter.java:93) ~[spring-web-6.1.5.jar:6.1.5]
	at org.springframework.web.filter.OncePerRequestFilter.doFilter(OncePerRequestFilter.java:116) ~[spring-web-6.1.5.jar:6.1.5]
	at org.apache.catalina.core.ApplicationFilterChain.internalDoFilter(ApplicationFilterChain.java:174) ~[tomcat-embed-core-10.1.19.jar:10.1.19]
	at org.apache.catalina.core.ApplicationFilterChain.doFilter(ApplicationFilterChain.java:149) ~[tomcat-embed-core-10.1.19.jar:10.1.19]
	at org.springframework.web.filter.ServerHttpObservationFilter.doFilterInternal(ServerHttpObservationFilter.java:109) ~[spring-web-6.1.5.jar:6.1.5]
	at org.springframework.web.filter.OncePerRequestFilter.doFilter(OncePerRequestFilter.java:116) ~[spring-web-6.1.5.jar:6.1.5]
	at org.apache.catalina.core.ApplicationFilterChain.internalDoFilter(ApplicationFilterChain.java:174) ~[tomcat-embed-core-10.1.19.jar:10.1.19]
	at org.apache.catalina.core.ApplicationFilterChain.doFilter(ApplicationFilterChain.java:149) ~[tomcat-embed-core-10.1.19.jar:10.1.19]
	at org.springframework.web.filter.CharacterEncodingFilter.doFilterInternal(CharacterEncodingFilter.java:201) ~[spring-web-6.1.5.jar:6.1.5]
	at org.springframework.web.filter.OncePerRequestFilter.doFilter(OncePerRequestFilter.java:116) ~[spring-web-6.1.5.jar:6.1.5]
	at org.apache.catalina.core.ApplicationFilterChain.internalDoFilter(ApplicationFilterChain.java:174) ~[tomcat-embed-core-10.1.19.jar:10.1.19]
	at org.apache.catalina.core.ApplicationFilterChain.doFilter(ApplicationFilterChain.java:149) ~[tomcat-embed-core-10.1.19.jar:10.1.19]
	at org.apache.catalina.core.StandardWrapperValve.invoke(StandardWrapperValve.java:167) ~[tomcat-embed-core-10.1.19.jar:10.1.19]
	at org.apache.catalina.core.StandardContextValve.invoke(StandardContextValve.java:90) ~[tomcat-embed-core-10.1.19.jar:10.1.19]
	at org.apache.catalina.authenticator.AuthenticatorBase.invoke(AuthenticatorBase.java:482) ~[tomcat-embed-core-10.1.19.jar:10.1.19]
	at org.apache.catalina.core.StandardHostValve.invoke(StandardHostValve.java:115) ~[tomcat-embed-core-10.1.19.jar:10.1.19]
	at org.apache.catalina.valves.ErrorReportValve.invoke(ErrorReportValve.java:93) ~[tomcat-embed-core-10.1.19.jar:10.1.19]
	at org.apache.catalina.core.StandardEngineValve.invoke(StandardEngineValve.java:74) ~[tomcat-embed-core-10.1.19.jar:10.1.19]
	at org.apache.catalina.connector.CoyoteAdapter.service(CoyoteAdapter.java:344) ~[tomcat-embed-core-10.1.19.jar:10.1.19]
	at org.apache.coyote.http11.Http11Processor.service(Http11Processor.java:391) ~[tomcat-embed-core-10.1.19.jar:10.1.19]
	at org.apache.coyote.AbstractProcessorLight.process(AbstractProcessorLight.java:63) ~[tomcat-embed-core-10.1.19.jar:10.1.19]
	at org.apache.coyote.AbstractProtocol$ConnectionHandler.process(AbstractProtocol.java:896) ~[tomcat-embed-core-10.1.19.jar:10.1.19]
	at org.apache.tomcat.util.net.NioEndpoint$SocketProcessor.doRun(NioEndpoint.java:1744) ~[tomcat-embed-core-10.1.19.jar:10.1.19]
	at org.apache.tomcat.util.net.SocketProcessorBase.run(SocketProcessorBase.java:52) ~[tomcat-embed-core-10.1.19.jar:10.1.19]
	at org.apache.tomcat.util.threads.ThreadPoolExecutor.runWorker(ThreadPoolExecutor.java:1191) ~[tomcat-embed-core-10.1.19.jar:10.1.19]
	at org.apache.tomcat.util.threads.ThreadPoolExecutor$Worker.run(ThreadPoolExecutor.java:659) ~[tomcat-embed-core-10.1.19.jar:10.1.19]
	at org.apache.tomcat.util.threads.TaskThread$WrappingRunnable.run(TaskThread.java:63) ~[tomcat-embed-core-10.1.19.jar:10.1.19]
	at java.base/java.lang.Thread.run(Thread.java:1583) ~[na:na]

2026-09-02T20:59:29.619+05:30 DEBUG 26148 --- [smartwatch-leaderboard] [http-nio-8081-exec-6] o.s.security.web.FilterChainProxy        : Securing GET /health
2026-09-02T20:59:29.626+05:30 DEBUG 26148 --- [smartwatch-leaderboard] [http-nio-8081-exec-6] o.s.s.w.a.AnonymousAuthenticationFilter  : Set SecurityContextHolder to anonymous SecurityContext
2026-09-02T20:59:29.627+05:30 DEBUG 26148 --- [smartwatch-leaderboard] [http-nio-8081-exec-6] o.s.security.web.FilterChainProxy        : Secured GET /health
2026-09-02T20:59:29.629+05:30  INFO 26148 --- [smartwatch-leaderboard] [http-nio-8081-exec-6] o.a.k.clients.admin.AdminClientConfig    : AdminClientConfig values: 
	auto.include.jmx.reporter = true
	bootstrap.servers = [localhost:9092]
	client.dns.lookup = use_all_dns_ips
	client.id = 
	connections.max.idle.ms = 300000
	default.api.timeout.ms = 3000
	metadata.max.age.ms = 300000
	metric.reporters = []
	metrics.num.samples = 2
	metrics.recording.level = INFO
	metrics.sample.window.ms = 30000
	receive.buffer.bytes = 65536
	reconnect.backoff.max.ms = 1000
	reconnect.backoff.ms = 50
	request.timeout.ms = 3000
	retries = 2147483647
	retry.backoff.ms = 100
	sasl.client.callback.handler.class = null
	sasl.jaas.config = null
	sasl.kerberos.kinit.cmd = /usr/bin/kinit
	sasl.kerberos.min.time.before.relogin = 60000
	sasl.kerberos.service.name = null
	sasl.kerberos.ticket.renew.jitter = 0.05
	sasl.kerberos.ticket.renew.window.factor = 0.8
	sasl.login.callback.handler.class = null
	sasl.login.class = null
	sasl.login.connect.timeout.ms = null
	sasl.login.read.timeout.ms = null
	sasl.login.refresh.buffer.seconds = 300
	sasl.login.refresh.min.period.seconds = 60
	sasl.login.refresh.window.factor = 0.8
	sasl.login.refresh.window.jitter = 0.05
	sasl.login.retry.backoff.max.ms = 10000
	sasl.login.retry.backoff.ms = 100
	sasl.mechanism = GSSAPI
	sasl.oauthbearer.clock.skew.seconds = 30
	sasl.oauthbearer.expected.audience = null
	sasl.oauthbearer.expected.issuer = null
	sasl.oauthbearer.jwks.endpoint.refresh.ms = 3600000
	sasl.oauthbearer.jwks.endpoint.retry.backoff.max.ms = 10000
	sasl.oauthbearer.jwks.endpoint.retry.backoff.ms = 100
	sasl.oauthbearer.jwks.endpoint.url = null
	sasl.oauthbearer.scope.claim.name = scope
	sasl.oauthbearer.sub.claim.name = sub
	sasl.oauthbearer.token.endpoint.url = null
	security.protocol = PLAINTEXT
	security.providers = null
	send.buffer.bytes = 131072
	socket.connection.setup.timeout.max.ms = 30000
	socket.connection.setup.timeout.ms = 10000
	ssl.cipher.suites = null
	ssl.enabled.protocols = [TLSv1.2, TLSv1.3]
	ssl.endpoint.identification.algorithm = https
	ssl.engine.factory.class = null
	ssl.key.password = null
	ssl.keymanager.algorithm = SunX509
	ssl.keystore.certificate.chain = null
	ssl.keystore.key = null
	ssl.keystore.location = null
	ssl.keystore.password = null
	ssl.keystore.type = JKS
	ssl.protocol = TLSv1.3
	ssl.provider = null
	ssl.secure.random.implementation = null
	ssl.trustmanager.algorithm = PKIX
	ssl.truststore.certificates = null
	ssl.truststore.location = null
	ssl.truststore.password = null
	ssl.truststore.type = JKS

2026-09-02T20:59:29.661+05:30  INFO 26148 --- [smartwatch-leaderboard] [http-nio-8081-exec-6] o.a.kafka.common.utils.AppInfoParser     : Kafka version: 3.6.1
2026-09-02T20:59:29.661+05:30  INFO 26148 --- [smartwatch-leaderboard] [http-nio-8081-exec-6] o.a.kafka.common.utils.AppInfoParser     : Kafka commitId: 5e3c2b738d253ff5
2026-09-02T20:59:29.661+05:30  INFO 26148 --- [smartwatch-leaderboard] [http-nio-8081-exec-6] o.a.kafka.common.utils.AppInfoParser     : Kafka startTimeMs: 1788362969661
2026-09-02T20:59:32.846+05:30  INFO 26148 --- [smartwatch-leaderboard] [kafka-admin-client-thread | adminclient-2] o.a.k.c.a.i.AdminMetadataManager         : [AdminClient clientId=adminclient-2] Metadata update failed

org.apache.kafka.common.errors.TimeoutException: Timed out waiting to send the call. Call: fetchMetadata

2026-09-02T20:59:32.852+05:30  INFO 26148 --- [smartwatch-leaderboard] [kafka-admin-client-thread | adminclient-2] o.a.kafka.common.utils.AppInfoParser     : App info kafka.admin.client for adminclient-2 unregistered
2026-09-02T20:59:32.855+05:30  INFO 26148 --- [smartwatch-leaderboard] [kafka-admin-client-thread | adminclient-2] o.a.k.c.a.i.AdminMetadataManager         : [AdminClient clientId=adminclient-2] Metadata update failed

org.apache.kafka.common.errors.TimeoutException: The AdminClient thread has exited. Call: fetchMetadata

2026-09-02T20:59:32.856+05:30  INFO 26148 --- [smartwatch-leaderboard] [kafka-admin-client-thread | adminclient-2] o.a.k.clients.admin.KafkaAdminClient     : [AdminClient clientId=adminclient-2] Timed out 1 remaining operation(s) during close.
2026-09-02T20:59:32.873+05:30  INFO 26148 --- [smartwatch-leaderboard] [kafka-admin-client-thread | adminclient-2] o.apache.kafka.common.metrics.Metrics    : Metrics scheduler closed
2026-09-02T20:59:32.877+05:30  INFO 26148 --- [smartwatch-leaderboard] [kafka-admin-client-thread | adminclient-2] o.apache.kafka.common.metrics.Metrics    : Closing reporter org.apache.kafka.common.metrics.JmxReporter
2026-09-02T20:59:32.879+05:30  INFO 26148 --- [smartwatch-leaderboard] [kafka-admin-client-thread | adminclient-2] o.apache.kafka.common.metrics.Metrics    : Metrics reporters closed
2026-09-02T20:59:32.884+05:30  WARN 26148 --- [smartwatch-leaderboard] [http-nio-8081-exec-6] c.s.leaderboard.service.HealthService    : Kafka health check failed: null
2026-09-02T20:59:33.290+05:30 DEBUG 26148 --- [smartwatch-leaderboard] [http-nio-8081-exec-8] o.s.security.web.FilterChainProxy        : Securing GET /health
2026-09-02T20:59:33.293+05:30 DEBUG 26148 --- [smartwatch-leaderboard] [http-nio-8081-exec-8] o.s.s.w.a.AnonymousAuthenticationFilter  : Set SecurityContextHolder to anonymous SecurityContext
2026-09-02T20:59:33.298+05:30 DEBUG 26148 --- [smartwatch-leaderboard] [http-nio-8081-exec-8] o.s.security.web.FilterChainProxy        : Secured GET /health
2026-09-02T20:59:33.302+05:30  INFO 26148 --- [smartwatch-leaderboard] [http-nio-8081-exec-8] o.a.k.clients.admin.AdminClientConfig    : AdminClientConfig values: 
	auto.include.jmx.reporter = true
	bootstrap.servers = [localhost:9092]
	client.dns.lookup = use_all_dns_ips
	client.id = 
	connections.max.idle.ms = 300000
	default.api.timeout.ms = 3000
	metadata.max.age.ms = 300000
	metric.reporters = []
	metrics.num.samples = 2
	metrics.recording.level = INFO
	metrics.sample.window.ms = 30000
	receive.buffer.bytes = 65536
	reconnect.backoff.max.ms = 1000
	reconnect.backoff.ms = 50
	request.timeout.ms = 3000
	retries = 2147483647
	retry.backoff.ms = 100
	sasl.client.callback.handler.class = null
	sasl.jaas.config = null
	sasl.kerberos.kinit.cmd = /usr/bin/kinit
	sasl.kerberos.min.time.before.relogin = 60000
	sasl.kerberos.service.name = null
	sasl.kerberos.ticket.renew.jitter = 0.05
	sasl.kerberos.ticket.renew.window.factor = 0.8
	sasl.login.callback.handler.class = null
	sasl.login.class = null
	sasl.login.connect.timeout.ms = null
	sasl.login.read.timeout.ms = null
	sasl.login.refresh.buffer.seconds = 300
	sasl.login.refresh.min.period.seconds = 60
	sasl.login.refresh.window.factor = 0.8
	sasl.login.refresh.window.jitter = 0.05
	sasl.login.retry.backoff.max.ms = 10000
	sasl.login.retry.backoff.ms = 100
	sasl.mechanism = GSSAPI
	sasl.oauthbearer.clock.skew.seconds = 30
	sasl.oauthbearer.expected.audience = null
	sasl.oauthbearer.expected.issuer = null
	sasl.oauthbearer.jwks.endpoint.refresh.ms = 3600000
	sasl.oauthbearer.jwks.endpoint.retry.backoff.max.ms = 10000
	sasl.oauthbearer.jwks.endpoint.retry.backoff.ms = 100
	sasl.oauthbearer.jwks.endpoint.url = null
	sasl.oauthbearer.scope.claim.name = scope
	sasl.oauthbearer.sub.claim.name = sub
	sasl.oauthbearer.token.endpoint.url = null
	security.protocol = PLAINTEXT
	security.providers = null
	send.buffer.bytes = 131072
	socket.connection.setup.timeout.max.ms = 30000
	socket.connection.setup.timeout.ms = 10000
	ssl.cipher.suites = null
	ssl.enabled.protocols = [TLSv1.2, TLSv1.3]
	ssl.endpoint.identification.algorithm = https
	ssl.engine.factory.class = null
	ssl.key.password = null
	ssl.keymanager.algorithm = SunX509
	ssl.keystore.certificate.chain = null
	ssl.keystore.key = null
	ssl.keystore.location = null
	ssl.keystore.password = null
	ssl.keystore.type = JKS
	ssl.protocol = TLSv1.3
	ssl.provider = null
	ssl.secure.random.implementation = null
	ssl.trustmanager.algorithm = PKIX
	ssl.truststore.certificates = null
	ssl.truststore.location = null
	ssl.truststore.password = null
	ssl.truststore.type = JKS

2026-09-02T20:59:33.338+05:30  INFO 26148 --- [smartwatch-leaderboard] [http-nio-8081-exec-8] o.a.kafka.common.utils.AppInfoParser     : Kafka version: 3.6.1
2026-09-02T20:59:33.339+05:30  INFO 26148 --- [smartwatch-leaderboard] [http-nio-8081-exec-8] o.a.kafka.common.utils.AppInfoParser     : Kafka commitId: 5e3c2b738d253ff5
2026-09-02T20:59:33.340+05:30  INFO 26148 --- [smartwatch-leaderboard] [http-nio-8081-exec-8] o.a.kafka.common.utils.AppInfoParser     : Kafka startTimeMs: 1788362973338
2026-09-02T20:59:33.476+05:30  INFO 26148 --- [smartwatch-leaderboard] [kafka-admin-client-thread | adminclient-3] o.a.kafka.common.utils.AppInfoParser     : App info kafka.admin.client for adminclient-3 unregistered
2026-09-02T20:59:33.487+05:30  INFO 26148 --- [smartwatch-leaderboard] [kafka-admin-client-thread | adminclient-3] o.apache.kafka.common.metrics.Metrics    : Metrics scheduler closed
2026-09-02T20:59:33.488+05:30  INFO 26148 --- [smartwatch-leaderboard] [kafka-admin-client-thread | adminclient-3] o.apache.kafka.common.metrics.Metrics    : Closing reporter org.apache.kafka.common.metrics.JmxReporter
2026-09-02T20:59:33.489+05:30  INFO 26148 --- [smartwatch-leaderboard] [kafka-admin-client-thread | adminclient-3] o.apache.kafka.common.metrics.Metrics    : Metrics reporters closed
2026-09-02T21:00:12.521+05:30 DEBUG 26148 --- [smartwatch-leaderboard] [http-nio-8081-exec-7] o.s.security.web.FilterChainProxy        : Securing GET /health
2026-09-02T21:00:12.524+05:30 DEBUG 26148 --- [smartwatch-leaderboard] [http-nio-8081-exec-7] o.s.s.w.a.AnonymousAuthenticationFilter  : Set SecurityContextHolder to anonymous SecurityContext
2026-09-02T21:00:12.528+05:30 DEBUG 26148 --- [smartwatch-leaderboard] [http-nio-8081-exec-7] o.s.security.web.FilterChainProxy        : Secured GET /health
2026-09-02T21:00:12.534+05:30  INFO 26148 --- [smartwatch-leaderboard] [http-nio-8081-exec-7] o.a.k.clients.admin.AdminClientConfig    : AdminClientConfig values: 
	auto.include.jmx.reporter = true
	bootstrap.servers = [localhost:9092]
	client.dns.lookup = use_all_dns_ips
	client.id = 
	connections.max.idle.ms = 300000
	default.api.timeout.ms = 3000
	metadata.max.age.ms = 300000
	metric.reporters = []
	metrics.num.samples = 2
	metrics.recording.level = INFO
	metrics.sample.window.ms = 30000
	receive.buffer.bytes = 65536
	reconnect.backoff.max.ms = 1000
	reconnect.backoff.ms = 50
	request.timeout.ms = 3000
	retries = 2147483647
	retry.backoff.ms = 100
	sasl.client.callback.handler.class = null
	sasl.jaas.config = null
	sasl.kerberos.kinit.cmd = /usr/bin/kinit
	sasl.kerberos.min.time.before.relogin = 60000
	sasl.kerberos.service.name = null
	sasl.kerberos.ticket.renew.jitter = 0.05
	sasl.kerberos.ticket.renew.window.factor = 0.8
	sasl.login.callback.handler.class = null
	sasl.login.class = null
	sasl.login.connect.timeout.ms = null
	sasl.login.read.timeout.ms = null
	sasl.login.refresh.buffer.seconds = 300
	sasl.login.refresh.min.period.seconds = 60
	sasl.login.refresh.window.factor = 0.8
	sasl.login.refresh.window.jitter = 0.05
	sasl.login.retry.backoff.max.ms = 10000
	sasl.login.retry.backoff.ms = 100
	sasl.mechanism = GSSAPI
	sasl.oauthbearer.clock.skew.seconds = 30
	sasl.oauthbearer.expected.audience = null
	sasl.oauthbearer.expected.issuer = null
	sasl.oauthbearer.jwks.endpoint.refresh.ms = 3600000
	sasl.oauthbearer.jwks.endpoint.retry.backoff.max.ms = 10000
	sasl.oauthbearer.jwks.endpoint.retry.backoff.ms = 100
	sasl.oauthbearer.jwks.endpoint.url = null
	sasl.oauthbearer.scope.claim.name = scope
	sasl.oauthbearer.sub.claim.name = sub
	sasl.oauthbearer.token.endpoint.url = null
	security.protocol = PLAINTEXT
	security.providers = null
	send.buffer.bytes = 131072
	socket.connection.setup.timeout.max.ms = 30000
	socket.connection.setup.timeout.ms = 10000
	ssl.cipher.suites = null
	ssl.enabled.protocols = [TLSv1.2, TLSv1.3]
	ssl.endpoint.identification.algorithm = https
	ssl.engine.factory.class = null
	ssl.key.password = null
	ssl.keymanager.algorithm = SunX509
	ssl.keystore.certificate.chain = null
	ssl.keystore.key = null
	ssl.keystore.location = null
	ssl.keystore.password = null
	ssl.keystore.type = JKS
	ssl.protocol = TLSv1.3
	ssl.provider = null
	ssl.secure.random.implementation = null
	ssl.trustmanager.algorithm = PKIX
	ssl.truststore.certificates = null
	ssl.truststore.location = null
	ssl.truststore.password = null
	ssl.truststore.type = JKS

2026-09-02T21:00:12.575+05:30  INFO 26148 --- [smartwatch-leaderboard] [http-nio-8081-exec-7] o.a.kafka.common.utils.AppInfoParser     : Kafka version: 3.6.1
2026-09-02T21:00:12.575+05:30  INFO 26148 --- [smartwatch-leaderboard] [http-nio-8081-exec-7] o.a.kafka.common.utils.AppInfoParser     : Kafka commitId: 5e3c2b738d253ff5
2026-09-02T21:00:12.578+05:30  INFO 26148 --- [smartwatch-leaderboard] [http-nio-8081-exec-7] o.a.kafka.common.utils.AppInfoParser     : Kafka startTimeMs: 1788363012575
2026-09-02T21:00:12.627+05:30  INFO 26148 --- [smartwatch-leaderboard] [kafka-admin-client-thread | adminclient-4] o.a.kafka.common.utils.AppInfoParser     : App info kafka.admin.client for adminclient-4 unregistered
2026-09-02T21:00:12.635+05:30  INFO 26148 --- [smartwatch-leaderboard] [kafka-admin-client-thread | adminclient-4] o.apache.kafka.common.metrics.Metrics    : Metrics scheduler closed
2026-09-02T21:00:12.636+05:30  INFO 26148 --- [smartwatch-leaderboard] [kafka-admin-client-thread | adminclient-4] o.apache.kafka.common.metrics.Metrics    : Closing reporter org.apache.kafka.common.metrics.JmxReporter
2026-09-02T21:00:12.636+05:30  INFO 26148 --- [smartwatch-leaderboard] [kafka-admin-client-thread | adminclient-4] o.apache.kafka.common.metrics.Metrics    : Metrics reporters closed
2026-09-02T21:00:12.772+05:30 DEBUG 26148 --- [smartwatch-leaderboard] [http-nio-8081-exec-10] o.s.security.web.FilterChainProxy        : Securing POST /auth/register
2026-09-02T21:00:12.803+05:30 DEBUG 26148 --- [smartwatch-leaderboard] [http-nio-8081-exec-10] o.s.s.w.a.AnonymousAuthenticationFilter  : Set SecurityContextHolder to anonymous SecurityContext
2026-09-02T21:00:12.807+05:30 DEBUG 26148 --- [smartwatch-leaderboard] [http-nio-8081-exec-10] o.s.security.web.FilterChainProxy        : Secured POST /auth/register
2026-09-02T21:00:12.817+05:30  WARN 26148 --- [smartwatch-leaderboard] [http-nio-8081-exec-10] c.s.l.exception.GlobalExceptionHandler   : Malformed request body: JSON parse error: Unexpected character ('\' (code 92)): was expecting double-quote to start field name
2026-09-02T21:03:21.802+05:30 DEBUG 26148 --- [smartwatch-leaderboard] [http-nio-8081-exec-3] o.s.security.web.FilterChainProxy        : Securing GET /health
2026-09-02T21:03:21.804+05:30 DEBUG 26148 --- [smartwatch-leaderboard] [http-nio-8081-exec-3] o.s.s.w.a.AnonymousAuthenticationFilter  : Set SecurityContextHolder to anonymous SecurityContext
2026-09-02T21:03:21.806+05:30 DEBUG 26148 --- [smartwatch-leaderboard] [http-nio-8081-exec-3] o.s.security.web.FilterChainProxy        : Secured GET /health
2026-09-02T21:03:21.808+05:30  INFO 26148 --- [smartwatch-leaderboard] [http-nio-8081-exec-3] o.a.k.clients.admin.AdminClientConfig    : AdminClientConfig values: 
	auto.include.jmx.reporter = true
	bootstrap.servers = [localhost:9092]
	client.dns.lookup = use_all_dns_ips
	client.id = 
	connections.max.idle.ms = 300000
	default.api.timeout.ms = 3000
	metadata.max.age.ms = 300000
	metric.reporters = []
	metrics.num.samples = 2
	metrics.recording.level = INFO
	metrics.sample.window.ms = 30000
	receive.buffer.bytes = 65536
	reconnect.backoff.max.ms = 1000
	reconnect.backoff.ms = 50
	request.timeout.ms = 3000
	retries = 2147483647
	retry.backoff.ms = 100
	sasl.client.callback.handler.class = null
	sasl.jaas.config = null
	sasl.kerberos.kinit.cmd = /usr/bin/kinit
	sasl.kerberos.min.time.before.relogin = 60000
	sasl.kerberos.service.name = null
	sasl.kerberos.ticket.renew.jitter = 0.05
	sasl.kerberos.ticket.renew.window.factor = 0.8
	sasl.login.callback.handler.class = null
	sasl.login.class = null
	sasl.login.connect.timeout.ms = null
	sasl.login.read.timeout.ms = null
	sasl.login.refresh.buffer.seconds = 300
	sasl.login.refresh.min.period.seconds = 60
	sasl.login.refresh.window.factor = 0.8
	sasl.login.refresh.window.jitter = 0.05
	sasl.login.retry.backoff.max.ms = 10000
	sasl.login.retry.backoff.ms = 100
	sasl.mechanism = GSSAPI
	sasl.oauthbearer.clock.skew.seconds = 30
	sasl.oauthbearer.expected.audience = null
	sasl.oauthbearer.expected.issuer = null
	sasl.oauthbearer.jwks.endpoint.refresh.ms = 3600000
	sasl.oauthbearer.jwks.endpoint.retry.backoff.max.ms = 10000
	sasl.oauthbearer.jwks.endpoint.retry.backoff.ms = 100
	sasl.oauthbearer.jwks.endpoint.url = null
	sasl.oauthbearer.scope.claim.name = scope
	sasl.oauthbearer.sub.claim.name = sub
	sasl.oauthbearer.token.endpoint.url = null
	security.protocol = PLAINTEXT
	security.providers = null
	send.buffer.bytes = 131072
	socket.connection.setup.timeout.max.ms = 30000
	socket.connection.setup.timeout.ms = 10000
	ssl.cipher.suites = null
	ssl.enabled.protocols = [TLSv1.2, TLSv1.3]
	ssl.endpoint.identification.algorithm = https
	ssl.engine.factory.class = null
	ssl.key.password = null
	ssl.keymanager.algorithm = SunX509
	ssl.keystore.certificate.chain = null
	ssl.keystore.key = null
	ssl.keystore.location = null
	ssl.keystore.password = null
	ssl.keystore.type = JKS
	ssl.protocol = TLSv1.3
	ssl.provider = null
	ssl.secure.random.implementation = null
	ssl.trustmanager.algorithm = PKIX
	ssl.truststore.certificates = null
	ssl.truststore.location = null
	ssl.truststore.password = null
	ssl.truststore.type = JKS

2026-09-02T21:03:21.820+05:30  INFO 26148 --- [smartwatch-leaderboard] [http-nio-8081-exec-3] o.a.kafka.common.utils.AppInfoParser     : Kafka version: 3.6.1
2026-09-02T21:03:21.821+05:30  INFO 26148 --- [smartwatch-leaderboard] [http-nio-8081-exec-3] o.a.kafka.common.utils.AppInfoParser     : Kafka commitId: 5e3c2b738d253ff5
2026-09-02T21:03:21.821+05:30  INFO 26148 --- [smartwatch-leaderboard] [http-nio-8081-exec-3] o.a.kafka.common.utils.AppInfoParser     : Kafka startTimeMs: 1788363201820
2026-09-02T21:03:21.847+05:30  INFO 26148 --- [smartwatch-leaderboard] [kafka-admin-client-thread | adminclient-5] o.a.kafka.common.utils.AppInfoParser     : App info kafka.admin.client for adminclient-5 unregistered
2026-09-02T21:03:21.853+05:30  INFO 26148 --- [smartwatch-leaderboard] [kafka-admin-client-thread | adminclient-5] o.apache.kafka.common.metrics.Metrics    : Metrics scheduler closed
2026-09-02T21:03:21.854+05:30  INFO 26148 --- [smartwatch-leaderboard] [kafka-admin-client-thread | adminclient-5] o.apache.kafka.common.metrics.Metrics    : Closing reporter org.apache.kafka.common.metrics.JmxReporter
2026-09-02T21:03:21.855+05:30  INFO 26148 --- [smartwatch-leaderboard] [kafka-admin-client-thread | adminclient-5] o.apache.kafka.common.metrics.Metrics    : Metrics reporters closed
2026-09-02T21:04:00.251+05:30 DEBUG 26148 --- [smartwatch-leaderboard] [http-nio-8081-exec-2] o.s.security.web.FilterChainProxy        : Securing POST /auth/register
2026-09-02T21:04:00.252+05:30 DEBUG 26148 --- [smartwatch-leaderboard] [http-nio-8081-exec-2] o.s.s.w.a.AnonymousAuthenticationFilter  : Set SecurityContextHolder to anonymous SecurityContext
2026-09-02T21:04:00.254+05:30 DEBUG 26148 --- [smartwatch-leaderboard] [http-nio-8081-exec-2] o.s.security.web.FilterChainProxy        : Secured POST /auth/register
2026-09-02T21:04:00.267+05:30 ERROR 26148 --- [smartwatch-leaderboard] [http-nio-8081-exec-2] c.s.l.exception.GlobalExceptionHandler   : Unhandled exception [IllegalArgumentException]: Device not found: 1

java.lang.IllegalArgumentException: Device not found: 1
	at com.smartwatch.leaderboard.service.AuthService.lambda$register$0(AuthService.java:45) ~[classes/:na]
	at java.base/java.util.Optional.orElseThrow(Optional.java:403) ~[na:na]
	at com.smartwatch.leaderboard.service.AuthService.register(AuthService.java:45) ~[classes/:na]
	at java.base/jdk.internal.reflect.DirectMethodHandleAccessor.invoke(DirectMethodHandleAccessor.java:103) ~[na:na]
	at java.base/java.lang.reflect.Method.invoke(Method.java:580) ~[na:na]
	at org.springframework.aop.support.AopUtils.invokeJoinpointUsingReflection(AopUtils.java:351) ~[spring-aop-6.1.5.jar:6.1.5]
	at org.springframework.aop.framework.ReflectiveMethodInvocation.invokeJoinpoint(ReflectiveMethodInvocation.java:196) ~[spring-aop-6.1.5.jar:6.1.5]
	at org.springframework.aop.framework.ReflectiveMethodInvocation.proceed(ReflectiveMethodInvocation.java:163) ~[spring-aop-6.1.5.jar:6.1.5]
	at org.springframework.aop.framework.CglibAopProxy$CglibMethodInvocation.proceed(CglibAopProxy.java:765) ~[spring-aop-6.1.5.jar:6.1.5]
	at org.springframework.transaction.interceptor.TransactionInterceptor$1.proceedWithInvocation(TransactionInterceptor.java:123) ~[spring-tx-6.1.5.jar:6.1.5]
	at org.springframework.transaction.interceptor.TransactionAspectSupport.invokeWithinTransaction(TransactionAspectSupport.java:392) ~[spring-tx-6.1.5.jar:6.1.5]
	at org.springframework.transaction.interceptor.TransactionInterceptor.invoke(TransactionInterceptor.java:119) ~[spring-tx-6.1.5.jar:6.1.5]
	at org.springframework.aop.framework.ReflectiveMethodInvocation.proceed(ReflectiveMethodInvocation.java:184) ~[spring-aop-6.1.5.jar:6.1.5]
	at org.springframework.aop.framework.CglibAopProxy$CglibMethodInvocation.proceed(CglibAopProxy.java:765) ~[spring-aop-6.1.5.jar:6.1.5]
	at org.springframework.aop.framework.CglibAopProxy$DynamicAdvisedInterceptor.intercept(CglibAopProxy.java:717) ~[spring-aop-6.1.5.jar:6.1.5]
	at com.smartwatch.leaderboard.service.AuthService$$SpringCGLIB$$0.register(<generated>) ~[classes/:na]
	at com.smartwatch.leaderboard.controller.AuthController.register(AuthController.java:30) ~[classes/:na]
	at java.base/jdk.internal.reflect.DirectMethodHandleAccessor.invoke(DirectMethodHandleAccessor.java:103) ~[na:na]
	at java.base/java.lang.reflect.Method.invoke(Method.java:580) ~[na:na]
	at org.springframework.web.method.support.InvocableHandlerMethod.doInvoke(InvocableHandlerMethod.java:255) ~[spring-web-6.1.5.jar:6.1.5]
	at org.springframework.web.method.support.InvocableHandlerMethod.invokeForRequest(InvocableHandlerMethod.java:188) ~[spring-web-6.1.5.jar:6.1.5]
	at org.springframework.web.servlet.mvc.method.annotation.ServletInvocableHandlerMethod.invokeAndHandle(ServletInvocableHandlerMethod.java:118) ~[spring-webmvc-6.1.5.jar:6.1.5]
	at org.springframework.web.servlet.mvc.method.annotation.RequestMappingHandlerAdapter.invokeHandlerMethod(RequestMappingHandlerAdapter.java:925) ~[spring-webmvc-6.1.5.jar:6.1.5]
	at org.springframework.web.servlet.mvc.method.annotation.RequestMappingHandlerAdapter.handleInternal(RequestMappingHandlerAdapter.java:830) ~[spring-webmvc-6.1.5.jar:6.1.5]
	at org.springframework.web.servlet.mvc.method.AbstractHandlerMethodAdapter.handle(AbstractHandlerMethodAdapter.java:87) ~[spring-webmvc-6.1.5.jar:6.1.5]
	at org.springframework.web.servlet.DispatcherServlet.doDispatch(DispatcherServlet.java:1089) ~[spring-webmvc-6.1.5.jar:6.1.5]
	at org.springframework.web.servlet.DispatcherServlet.doService(DispatcherServlet.java:979) ~[spring-webmvc-6.1.5.jar:6.1.5]
	at org.springframework.web.servlet.FrameworkServlet.processRequest(FrameworkServlet.java:1014) ~[spring-webmvc-6.1.5.jar:6.1.5]
	at org.springframework.web.servlet.FrameworkServlet.doPost(FrameworkServlet.java:914) ~[spring-webmvc-6.1.5.jar:6.1.5]
	at jakarta.servlet.http.HttpServlet.service(HttpServlet.java:590) ~[tomcat-embed-core-10.1.19.jar:6.0]
	at org.springframework.web.servlet.FrameworkServlet.service(FrameworkServlet.java:885) ~[spring-webmvc-6.1.5.jar:6.1.5]
	at jakarta.servlet.http.HttpServlet.service(HttpServlet.java:658) ~[tomcat-embed-core-10.1.19.jar:6.0]
	at org.apache.catalina.core.ApplicationFilterChain.internalDoFilter(ApplicationFilterChain.java:205) ~[tomcat-embed-core-10.1.19.jar:10.1.19]
	at org.apache.catalina.core.ApplicationFilterChain.doFilter(ApplicationFilterChain.java:149) ~[tomcat-embed-core-10.1.19.jar:10.1.19]
	at org.apache.tomcat.websocket.server.WsFilter.doFilter(WsFilter.java:51) ~[tomcat-embed-websocket-10.1.19.jar:10.1.19]
	at org.apache.catalina.core.ApplicationFilterChain.internalDoFilter(ApplicationFilterChain.java:174) ~[tomcat-embed-core-10.1.19.jar:10.1.19]
	at org.apache.catalina.core.ApplicationFilterChain.doFilter(ApplicationFilterChain.java:149) ~[tomcat-embed-core-10.1.19.jar:10.1.19]
	at org.springframework.web.filter.OncePerRequestFilter.doFilter(OncePerRequestFilter.java:110) ~[spring-web-6.1.5.jar:6.1.5]
	at org.apache.catalina.core.ApplicationFilterChain.internalDoFilter(ApplicationFilterChain.java:174) ~[tomcat-embed-core-10.1.19.jar:10.1.19]
	at org.apache.catalina.core.ApplicationFilterChain.doFilter(ApplicationFilterChain.java:149) ~[tomcat-embed-core-10.1.19.jar:10.1.19]
	at org.springframework.web.filter.CompositeFilter$VirtualFilterChain.doFilter(CompositeFilter.java:108) ~[spring-web-6.1.5.jar:6.1.5]
	at org.springframework.security.web.FilterChainProxy.lambda$doFilterInternal$3(FilterChainProxy.java:231) ~[spring-security-web-6.2.3.jar:6.2.3]
	at org.springframework.security.web.ObservationFilterChainDecorator$FilterObservation$SimpleFilterObservation.lambda$wrap$1(ObservationFilterChainDecorator.java:479) ~[spring-security-web-6.2.3.jar:6.2.3]
	at org.springframework.security.web.ObservationFilterChainDecorator$AroundFilterObservation$SimpleAroundFilterObservation.lambda$wrap$1(ObservationFilterChainDecorator.java:340) ~[spring-security-web-6.2.3.jar:6.2.3]
	at org.springframework.security.web.ObservationFilterChainDecorator.lambda$wrapSecured$0(ObservationFilterChainDecorator.java:82) ~[spring-security-web-6.2.3.jar:6.2.3]
	at org.springframework.security.web.ObservationFilterChainDecorator$VirtualFilterChain.doFilter(ObservationFilterChainDecorator.java:128) ~[spring-security-web-6.2.3.jar:6.2.3]
	at org.springframework.security.web.access.intercept.AuthorizationFilter.doFilter(AuthorizationFilter.java:100) ~[spring-security-web-6.2.3.jar:6.2.3]
	at org.springframework.security.web.ObservationFilterChainDecorator$ObservationFilter.wrapFilter(ObservationFilterChainDecorator.java:240) ~[spring-security-web-6.2.3.jar:6.2.3]
	at org.springframework.security.web.ObservationFilterChainDecorator$ObservationFilter.doFilter(ObservationFilterChainDecorator.java:227) ~[spring-security-web-6.2.3.jar:6.2.3]
	at org.springframework.security.web.ObservationFilterChainDecorator$VirtualFilterChain.doFilter(ObservationFilterChainDecorator.java:137) ~[spring-security-web-6.2.3.jar:6.2.3]
	at org.springframework.security.web.access.ExceptionTranslationFilter.doFilter(ExceptionTranslationFilter.java:126) ~[spring-security-web-6.2.3.jar:6.2.3]
	at org.springframework.security.web.access.ExceptionTranslationFilter.doFilter(ExceptionTranslationFilter.java:120) ~[spring-security-web-6.2.3.jar:6.2.3]
	at org.springframework.security.web.ObservationFilterChainDecorator$ObservationFilter.wrapFilter(ObservationFilterChainDecorator.java:240) ~[spring-security-web-6.2.3.jar:6.2.3]
	at org.springframework.security.web.ObservationFilterChainDecorator$ObservationFilter.doFilter(ObservationFilterChainDecorator.java:227) ~[spring-security-web-6.2.3.jar:6.2.3]
	at org.springframework.security.web.ObservationFilterChainDecorator$VirtualFilterChain.doFilter(ObservationFilterChainDecorator.java:137) ~[spring-security-web-6.2.3.jar:6.2.3]
	at org.springframework.security.web.session.SessionManagementFilter.doFilter(SessionManagementFilter.java:131) ~[spring-security-web-6.2.3.jar:6.2.3]
	at org.springframework.security.web.session.SessionManagementFilter.doFilter(SessionManagementFilter.java:85) ~[spring-security-web-6.2.3.jar:6.2.3]
	at org.springframework.security.web.ObservationFilterChainDecorator$ObservationFilter.wrapFilter(ObservationFilterChainDecorator.java:240) ~[spring-security-web-6.2.3.jar:6.2.3]
	at org.springframework.security.web.ObservationFilterChainDecorator$ObservationFilter.doFilter(ObservationFilterChainDecorator.java:227) ~[spring-security-web-6.2.3.jar:6.2.3]
	at org.springframework.security.web.ObservationFilterChainDecorator$VirtualFilterChain.doFilter(ObservationFilterChainDecorator.java:137) ~[spring-security-web-6.2.3.jar:6.2.3]
	at org.springframework.security.web.authentication.AnonymousAuthenticationFilter.doFilter(AnonymousAuthenticationFilter.java:100) ~[spring-security-web-6.2.3.jar:6.2.3]
	at org.springframework.security.web.ObservationFilterChainDecorator$ObservationFilter.wrapFilter(ObservationFilterChainDecorator.java:240) ~[spring-security-web-6.2.3.jar:6.2.3]
	at org.springframework.security.web.ObservationFilterChainDecorator$ObservationFilter.doFilter(ObservationFilterChainDecorator.java:227) ~[spring-security-web-6.2.3.jar:6.2.3]
	at org.springframework.security.web.ObservationFilterChainDecorator$VirtualFilterChain.doFilter(ObservationFilterChainDecorator.java:137) ~[spring-security-web-6.2.3.jar:6.2.3]
	at org.springframework.security.web.servletapi.SecurityContextHolderAwareRequestFilter.doFilter(SecurityContextHolderAwareRequestFilter.java:179) ~[spring-security-web-6.2.3.jar:6.2.3]
	at org.springframework.security.web.ObservationFilterChainDecorator$ObservationFilter.wrapFilter(ObservationFilterChainDecorator.java:240) ~[spring-security-web-6.2.3.jar:6.2.3]
	at org.springframework.security.web.ObservationFilterChainDecorator$ObservationFilter.doFilter(ObservationFilterChainDecorator.java:227) ~[spring-security-web-6.2.3.jar:6.2.3]
	at org.springframework.security.web.ObservationFilterChainDecorator$VirtualFilterChain.doFilter(ObservationFilterChainDecorator.java:137) ~[spring-security-web-6.2.3.jar:6.2.3]
	at org.springframework.security.web.savedrequest.RequestCacheAwareFilter.doFilter(RequestCacheAwareFilter.java:63) ~[spring-security-web-6.2.3.jar:6.2.3]
	at org.springframework.security.web.ObservationFilterChainDecorator$ObservationFilter.wrapFilter(ObservationFilterChainDecorator.java:240) ~[spring-security-web-6.2.3.jar:6.2.3]
	at org.springframework.security.web.ObservationFilterChainDecorator$ObservationFilter.doFilter(ObservationFilterChainDecorator.java:227) ~[spring-security-web-6.2.3.jar:6.2.3]
	at org.springframework.security.web.ObservationFilterChainDecorator$VirtualFilterChain.doFilter(ObservationFilterChainDecorator.java:137) ~[spring-security-web-6.2.3.jar:6.2.3]
	at com.smartwatch.leaderboard.utils.JwtAuthFilter.doFilterInternal(JwtAuthFilter.java:44) ~[classes/:na]
	at org.springframework.web.filter.OncePerRequestFilter.doFilter(OncePerRequestFilter.java:116) ~[spring-web-6.1.5.jar:6.1.5]
	at org.springframework.security.web.ObservationFilterChainDecorator$ObservationFilter.wrapFilter(ObservationFilterChainDecorator.java:240) ~[spring-security-web-6.2.3.jar:6.2.3]
	at org.springframework.security.web.ObservationFilterChainDecorator$ObservationFilter.doFilter(ObservationFilterChainDecorator.java:227) ~[spring-security-web-6.2.3.jar:6.2.3]
	at org.springframework.security.web.ObservationFilterChainDecorator$VirtualFilterChain.doFilter(ObservationFilterChainDecorator.java:137) ~[spring-security-web-6.2.3.jar:6.2.3]
	at org.springframework.security.web.authentication.logout.LogoutFilter.doFilter(LogoutFilter.java:107) ~[spring-security-web-6.2.3.jar:6.2.3]
	at org.springframework.security.web.authentication.logout.LogoutFilter.doFilter(LogoutFilter.java:93) ~[spring-security-web-6.2.3.jar:6.2.3]
	at org.springframework.security.web.ObservationFilterChainDecorator$ObservationFilter.wrapFilter(ObservationFilterChainDecorator.java:240) ~[spring-security-web-6.2.3.jar:6.2.3]
	at org.springframework.security.web.ObservationFilterChainDecorator$ObservationFilter.doFilter(ObservationFilterChainDecorator.java:227) ~[spring-security-web-6.2.3.jar:6.2.3]
	at org.springframework.security.web.ObservationFilterChainDecorator$VirtualFilterChain.doFilter(ObservationFilterChainDecorator.java:137) ~[spring-security-web-6.2.3.jar:6.2.3]
	at org.springframework.web.filter.CorsFilter.doFilterInternal(CorsFilter.java:91) ~[spring-web-6.1.5.jar:6.1.5]
	at org.springframework.web.filter.OncePerRequestFilter.doFilter(OncePerRequestFilter.java:116) ~[spring-web-6.1.5.jar:6.1.5]
	at org.springframework.security.web.ObservationFilterChainDecorator$ObservationFilter.wrapFilter(ObservationFilterChainDecorator.java:240) ~[spring-security-web-6.2.3.jar:6.2.3]
	at org.springframework.security.web.ObservationFilterChainDecorator$ObservationFilter.doFilter(ObservationFilterChainDecorator.java:227) ~[spring-security-web-6.2.3.jar:6.2.3]
	at org.springframework.security.web.ObservationFilterChainDecorator$VirtualFilterChain.doFilter(ObservationFilterChainDecorator.java:137) ~[spring-security-web-6.2.3.jar:6.2.3]
	at org.springframework.security.web.header.HeaderWriterFilter.doHeadersAfter(HeaderWriterFilter.java:90) ~[spring-security-web-6.2.3.jar:6.2.3]
	at org.springframework.security.web.header.HeaderWriterFilter.doFilterInternal(HeaderWriterFilter.java:75) ~[spring-security-web-6.2.3.jar:6.2.3]
	at org.springframework.web.filter.OncePerRequestFilter.doFilter(OncePerRequestFilter.java:116) ~[spring-web-6.1.5.jar:6.1.5]
	at org.springframework.security.web.ObservationFilterChainDecorator$ObservationFilter.wrapFilter(ObservationFilterChainDecorator.java:240) ~[spring-security-web-6.2.3.jar:6.2.3]
	at org.springframework.security.web.ObservationFilterChainDecorator$ObservationFilter.doFilter(ObservationFilterChainDecorator.java:227) ~[spring-security-web-6.2.3.jar:6.2.3]
	at org.springframework.security.web.ObservationFilterChainDecorator$VirtualFilterChain.doFilter(ObservationFilterChainDecorator.java:137) ~[spring-security-web-6.2.3.jar:6.2.3]
	at org.springframework.security.web.context.SecurityContextHolderFilter.doFilter(SecurityContextHolderFilter.java:82) ~[spring-security-web-6.2.3.jar:6.2.3]
	at org.springframework.security.web.context.SecurityContextHolderFilter.doFilter(SecurityContextHolderFilter.java:69) ~[spring-security-web-6.2.3.jar:6.2.3]
	at org.springframework.security.web.ObservationFilterChainDecorator$ObservationFilter.wrapFilter(ObservationFilterChainDecorator.java:240) ~[spring-security-web-6.2.3.jar:6.2.3]
	at org.springframework.security.web.ObservationFilterChainDecorator$ObservationFilter.doFilter(ObservationFilterChainDecorator.java:227) ~[spring-security-web-6.2.3.jar:6.2.3]
	at org.springframework.security.web.ObservationFilterChainDecorator$VirtualFilterChain.doFilter(ObservationFilterChainDecorator.java:137) ~[spring-security-web-6.2.3.jar:6.2.3]
	at org.springframework.security.web.context.request.async.WebAsyncManagerIntegrationFilter.doFilterInternal(WebAsyncManagerIntegrationFilter.java:62) ~[spring-security-web-6.2.3.jar:6.2.3]
	at org.springframework.web.filter.OncePerRequestFilter.doFilter(OncePerRequestFilter.java:116) ~[spring-web-6.1.5.jar:6.1.5]
	at org.springframework.security.web.ObservationFilterChainDecorator$ObservationFilter.wrapFilter(ObservationFilterChainDecorator.java:240) ~[spring-security-web-6.2.3.jar:6.2.3]
	at org.springframework.security.web.ObservationFilterChainDecorator$ObservationFilter.doFilter(ObservationFilterChainDecorator.java:227) ~[spring-security-web-6.2.3.jar:6.2.3]
	at org.springframework.security.web.ObservationFilterChainDecorator$VirtualFilterChain.doFilter(ObservationFilterChainDecorator.java:137) ~[spring-security-web-6.2.3.jar:6.2.3]
	at org.springframework.security.web.session.DisableEncodeUrlFilter.doFilterInternal(DisableEncodeUrlFilter.java:42) ~[spring-security-web-6.2.3.jar:6.2.3]
	at org.springframework.web.filter.OncePerRequestFilter.doFilter(OncePerRequestFilter.java:116) ~[spring-web-6.1.5.jar:6.1.5]
	at org.springframework.security.web.ObservationFilterChainDecorator$ObservationFilter.wrapFilter(ObservationFilterChainDecorator.java:240) ~[spring-security-web-6.2.3.jar:6.2.3]
	at org.springframework.security.web.ObservationFilterChainDecorator$AroundFilterObservation$SimpleAroundFilterObservation.lambda$wrap$0(ObservationFilterChainDecorator.java:323) ~[spring-security-web-6.2.3.jar:6.2.3]
	at org.springframework.security.web.ObservationFilterChainDecorator$ObservationFilter.doFilter(ObservationFilterChainDecorator.java:224) ~[spring-security-web-6.2.3.jar:6.2.3]
	at org.springframework.security.web.ObservationFilterChainDecorator$VirtualFilterChain.doFilter(ObservationFilterChainDecorator.java:137) ~[spring-security-web-6.2.3.jar:6.2.3]
	at org.springframework.security.web.FilterChainProxy.doFilterInternal(FilterChainProxy.java:233) ~[spring-security-web-6.2.3.jar:6.2.3]
	at org.springframework.security.web.FilterChainProxy.doFilter(FilterChainProxy.java:191) ~[spring-security-web-6.2.3.jar:6.2.3]
	at org.springframework.web.filter.CompositeFilter$VirtualFilterChain.doFilter(CompositeFilter.java:113) ~[spring-web-6.1.5.jar:6.1.5]
	at org.springframework.web.servlet.handler.HandlerMappingIntrospector.lambda$createCacheFilter$3(HandlerMappingIntrospector.java:195) ~[spring-webmvc-6.1.5.jar:6.1.5]
	at org.springframework.web.filter.CompositeFilter$VirtualFilterChain.doFilter(CompositeFilter.java:113) ~[spring-web-6.1.5.jar:6.1.5]
	at org.springframework.web.filter.CompositeFilter.doFilter(CompositeFilter.java:74) ~[spring-web-6.1.5.jar:6.1.5]
	at org.springframework.security.config.annotation.web.configuration.WebMvcSecurityConfiguration$CompositeFilterChainProxy.doFilter(WebMvcSecurityConfiguration.java:230) ~[spring-security-config-6.2.3.jar:6.2.3]
	at org.springframework.web.filter.DelegatingFilterProxy.invokeDelegate(DelegatingFilterProxy.java:352) ~[spring-web-6.1.5.jar:6.1.5]
	at org.springframework.web.filter.DelegatingFilterProxy.doFilter(DelegatingFilterProxy.java:268) ~[spring-web-6.1.5.jar:6.1.5]
	at org.apache.catalina.core.ApplicationFilterChain.internalDoFilter(ApplicationFilterChain.java:174) ~[tomcat-embed-core-10.1.19.jar:10.1.19]
	at org.apache.catalina.core.ApplicationFilterChain.doFilter(ApplicationFilterChain.java:149) ~[tomcat-embed-core-10.1.19.jar:10.1.19]
	at org.springframework.web.filter.RequestContextFilter.doFilterInternal(RequestContextFilter.java:100) ~[spring-web-6.1.5.jar:6.1.5]
	at org.springframework.web.filter.OncePerRequestFilter.doFilter(OncePerRequestFilter.java:116) ~[spring-web-6.1.5.jar:6.1.5]
	at org.apache.catalina.core.ApplicationFilterChain.internalDoFilter(ApplicationFilterChain.java:174) ~[tomcat-embed-core-10.1.19.jar:10.1.19]
	at org.apache.catalina.core.ApplicationFilterChain.doFilter(ApplicationFilterChain.java:149) ~[tomcat-embed-core-10.1.19.jar:10.1.19]
	at org.springframework.web.filter.FormContentFilter.doFilterInternal(FormContentFilter.java:93) ~[spring-web-6.1.5.jar:6.1.5]
	at org.springframework.web.filter.OncePerRequestFilter.doFilter(OncePerRequestFilter.java:116) ~[spring-web-6.1.5.jar:6.1.5]
	at org.apache.catalina.core.ApplicationFilterChain.internalDoFilter(ApplicationFilterChain.java:174) ~[tomcat-embed-core-10.1.19.jar:10.1.19]
	at org.apache.catalina.core.ApplicationFilterChain.doFilter(ApplicationFilterChain.java:149) ~[tomcat-embed-core-10.1.19.jar:10.1.19]
	at org.springframework.web.filter.ServerHttpObservationFilter.doFilterInternal(ServerHttpObservationFilter.java:109) ~[spring-web-6.1.5.jar:6.1.5]
	at org.springframework.web.filter.OncePerRequestFilter.doFilter(OncePerRequestFilter.java:116) ~[spring-web-6.1.5.jar:6.1.5]
	at org.apache.catalina.core.ApplicationFilterChain.internalDoFilter(ApplicationFilterChain.java:174) ~[tomcat-embed-core-10.1.19.jar:10.1.19]
	at org.apache.catalina.core.ApplicationFilterChain.doFilter(ApplicationFilterChain.java:149) ~[tomcat-embed-core-10.1.19.jar:10.1.19]
	at org.springframework.web.filter.CharacterEncodingFilter.doFilterInternal(CharacterEncodingFilter.java:201) ~[spring-web-6.1.5.jar:6.1.5]
	at org.springframework.web.filter.OncePerRequestFilter.doFilter(OncePerRequestFilter.java:116) ~[spring-web-6.1.5.jar:6.1.5]
	at org.apache.catalina.core.ApplicationFilterChain.internalDoFilter(ApplicationFilterChain.java:174) ~[tomcat-embed-core-10.1.19.jar:10.1.19]
	at org.apache.catalina.core.ApplicationFilterChain.doFilter(ApplicationFilterChain.java:149) ~[tomcat-embed-core-10.1.19.jar:10.1.19]
	at org.apache.catalina.core.StandardWrapperValve.invoke(StandardWrapperValve.java:167) ~[tomcat-embed-core-10.1.19.jar:10.1.19]
	at org.apache.catalina.core.StandardContextValve.invoke(StandardContextValve.java:90) ~[tomcat-embed-core-10.1.19.jar:10.1.19]
	at org.apache.catalina.authenticator.AuthenticatorBase.invoke(AuthenticatorBase.java:482) ~[tomcat-embed-core-10.1.19.jar:10.1.19]
	at org.apache.catalina.core.StandardHostValve.invoke(StandardHostValve.java:115) ~[tomcat-embed-core-10.1.19.jar:10.1.19]
	at org.apache.catalina.valves.ErrorReportValve.invoke(ErrorReportValve.java:93) ~[tomcat-embed-core-10.1.19.jar:10.1.19]
	at org.apache.catalina.core.StandardEngineValve.invoke(StandardEngineValve.java:74) ~[tomcat-embed-core-10.1.19.jar:10.1.19]
	at org.apache.catalina.connector.CoyoteAdapter.service(CoyoteAdapter.java:344) ~[tomcat-embed-core-10.1.19.jar:10.1.19]
	at org.apache.coyote.http11.Http11Processor.service(Http11Processor.java:391) ~[tomcat-embed-core-10.1.19.jar:10.1.19]
	at org.apache.coyote.AbstractProcessorLight.process(AbstractProcessorLight.java:63) ~[tomcat-embed-core-10.1.19.jar:10.1.19]
	at org.apache.coyote.AbstractProtocol$ConnectionHandler.process(AbstractProtocol.java:896) ~[tomcat-embed-core-10.1.19.jar:10.1.19]
	at org.apache.tomcat.util.net.NioEndpoint$SocketProcessor.doRun(NioEndpoint.java:1744) ~[tomcat-embed-core-10.1.19.jar:10.1.19]
	at org.apache.tomcat.util.net.SocketProcessorBase.run(SocketProcessorBase.java:52) ~[tomcat-embed-core-10.1.19.jar:10.1.19]
	at org.apache.tomcat.util.threads.ThreadPoolExecutor.runWorker(ThreadPoolExecutor.java:1191) ~[tomcat-embed-core-10.1.19.jar:10.1.19]
	at org.apache.tomcat.util.threads.ThreadPoolExecutor$Worker.run(ThreadPoolExecutor.java:659) ~[tomcat-embed-core-10.1.19.jar:10.1.19]
	at org.apache.tomcat.util.threads.TaskThread$WrappingRunnable.run(TaskThread.java:63) ~[tomcat-embed-core-10.1.19.jar:10.1.19]
	at java.base/java.lang.Thread.run(Thread.java:1583) ~[na:na]

2026-09-02T21:11:08.350+05:30 DEBUG 26148 --- [smartwatch-leaderboard] [http-nio-8081-exec-1] o.s.security.web.FilterChainProxy        : Securing POST /auth/register
2026-09-02T21:11:08.351+05:30 DEBUG 26148 --- [smartwatch-leaderboard] [http-nio-8081-exec-1] o.s.s.w.a.AnonymousAuthenticationFilter  : Set SecurityContextHolder to anonymous SecurityContext
2026-09-02T21:11:08.353+05:30 DEBUG 26148 --- [smartwatch-leaderboard] [http-nio-8081-exec-1] o.s.security.web.FilterChainProxy        : Secured POST /auth/register
2026-09-02T21:11:08.371+05:30 ERROR 26148 --- [smartwatch-leaderboard] [http-nio-8081-exec-1] c.s.l.exception.GlobalExceptionHandler   : Unhandled exception [IllegalArgumentException]: Device not found: 1

java.lang.IllegalArgumentException: Device not found: 1
	at com.smartwatch.leaderboard.service.AuthService.lambda$register$0(AuthService.java:45) ~[classes/:na]
	at java.base/java.util.Optional.orElseThrow(Optional.java:403) ~[na:na]
	at com.smartwatch.leaderboard.service.AuthService.register(AuthService.java:45) ~[classes/:na]
	at java.base/jdk.internal.reflect.DirectMethodHandleAccessor.invoke(DirectMethodHandleAccessor.java:103) ~[na:na]
	at java.base/java.lang.reflect.Method.invoke(Method.java:580) ~[na:na]
	at org.springframework.aop.support.AopUtils.invokeJoinpointUsingReflection(AopUtils.java:351) ~[spring-aop-6.1.5.jar:6.1.5]
	at org.springframework.aop.framework.ReflectiveMethodInvocation.invokeJoinpoint(ReflectiveMethodInvocation.java:196) ~[spring-aop-6.1.5.jar:6.1.5]
	at org.springframework.aop.framework.ReflectiveMethodInvocation.proceed(ReflectiveMethodInvocation.java:163) ~[spring-aop-6.1.5.jar:6.1.5]
	at org.springframework.aop.framework.CglibAopProxy$CglibMethodInvocation.proceed(CglibAopProxy.java:765) ~[spring-aop-6.1.5.jar:6.1.5]
	at org.springframework.transaction.interceptor.TransactionInterceptor$1.proceedWithInvocation(TransactionInterceptor.java:123) ~[spring-tx-6.1.5.jar:6.1.5]
	at org.springframework.transaction.interceptor.TransactionAspectSupport.invokeWithinTransaction(TransactionAspectSupport.java:392) ~[spring-tx-6.1.5.jar:6.1.5]
	at org.springframework.transaction.interceptor.TransactionInterceptor.invoke(TransactionInterceptor.java:119) ~[spring-tx-6.1.5.jar:6.1.5]
	at org.springframework.aop.framework.ReflectiveMethodInvocation.proceed(ReflectiveMethodInvocation.java:184) ~[spring-aop-6.1.5.jar:6.1.5]
	at org.springframework.aop.framework.CglibAopProxy$CglibMethodInvocation.proceed(CglibAopProxy.java:765) ~[spring-aop-6.1.5.jar:6.1.5]
	at org.springframework.aop.framework.CglibAopProxy$DynamicAdvisedInterceptor.intercept(CglibAopProxy.java:717) ~[spring-aop-6.1.5.jar:6.1.5]
	at com.smartwatch.leaderboard.service.AuthService$$SpringCGLIB$$0.register(<generated>) ~[classes/:na]
	at com.smartwatch.leaderboard.controller.AuthController.register(AuthController.java:30) ~[classes/:na]
	at java.base/jdk.internal.reflect.DirectMethodHandleAccessor.invoke(DirectMethodHandleAccessor.java:103) ~[na:na]
	at java.base/java.lang.reflect.Method.invoke(Method.java:580) ~[na:na]
	at org.springframework.web.method.support.InvocableHandlerMethod.doInvoke(InvocableHandlerMethod.java:255) ~[spring-web-6.1.5.jar:6.1.5]
	at org.springframework.web.method.support.InvocableHandlerMethod.invokeForRequest(InvocableHandlerMethod.java:188) ~[spring-web-6.1.5.jar:6.1.5]
	at org.springframework.web.servlet.mvc.method.annotation.ServletInvocableHandlerMethod.invokeAndHandle(ServletInvocableHandlerMethod.java:118) ~[spring-webmvc-6.1.5.jar:6.1.5]
	at org.springframework.web.servlet.mvc.method.annotation.RequestMappingHandlerAdapter.invokeHandlerMethod(RequestMappingHandlerAdapter.java:925) ~[spring-webmvc-6.1.5.jar:6.1.5]
	at org.springframework.web.servlet.mvc.method.annotation.RequestMappingHandlerAdapter.handleInternal(RequestMappingHandlerAdapter.java:830) ~[spring-webmvc-6.1.5.jar:6.1.5]
	at org.springframework.web.servlet.mvc.method.AbstractHandlerMethodAdapter.handle(AbstractHandlerMethodAdapter.java:87) ~[spring-webmvc-6.1.5.jar:6.1.5]
	at org.springframework.web.servlet.DispatcherServlet.doDispatch(DispatcherServlet.java:1089) ~[spring-webmvc-6.1.5.jar:6.1.5]
	at org.springframework.web.servlet.DispatcherServlet.doService(DispatcherServlet.java:979) ~[spring-webmvc-6.1.5.jar:6.1.5]
	at org.springframework.web.servlet.FrameworkServlet.processRequest(FrameworkServlet.java:1014) ~[spring-webmvc-6.1.5.jar:6.1.5]
	at org.springframework.web.servlet.FrameworkServlet.doPost(FrameworkServlet.java:914) ~[spring-webmvc-6.1.5.jar:6.1.5]
	at jakarta.servlet.http.HttpServlet.service(HttpServlet.java:590) ~[tomcat-embed-core-10.1.19.jar:6.0]
	at org.springframework.web.servlet.FrameworkServlet.service(FrameworkServlet.java:885) ~[spring-webmvc-6.1.5.jar:6.1.5]
	at jakarta.servlet.http.HttpServlet.service(HttpServlet.java:658) ~[tomcat-embed-core-10.1.19.jar:6.0]
	at org.apache.catalina.core.ApplicationFilterChain.internalDoFilter(ApplicationFilterChain.java:205) ~[tomcat-embed-core-10.1.19.jar:10.1.19]
	at org.apache.catalina.core.ApplicationFilterChain.doFilter(ApplicationFilterChain.java:149) ~[tomcat-embed-core-10.1.19.jar:10.1.19]
	at org.apache.tomcat.websocket.server.WsFilter.doFilter(WsFilter.java:51) ~[tomcat-embed-websocket-10.1.19.jar:10.1.19]
	at org.apache.catalina.core.ApplicationFilterChain.internalDoFilter(ApplicationFilterChain.java:174) ~[tomcat-embed-core-10.1.19.jar:10.1.19]
	at org.apache.catalina.core.ApplicationFilterChain.doFilter(ApplicationFilterChain.java:149) ~[tomcat-embed-core-10.1.19.jar:10.1.19]
	at org.springframework.web.filter.OncePerRequestFilter.doFilter(OncePerRequestFilter.java:110) ~[spring-web-6.1.5.jar:6.1.5]
	at org.apache.catalina.core.ApplicationFilterChain.internalDoFilter(ApplicationFilterChain.java:174) ~[tomcat-embed-core-10.1.19.jar:10.1.19]
	at org.apache.catalina.core.ApplicationFilterChain.doFilter(ApplicationFilterChain.java:149) ~[tomcat-embed-core-10.1.19.jar:10.1.19]
	at org.springframework.web.filter.CompositeFilter$VirtualFilterChain.doFilter(CompositeFilter.java:108) ~[spring-web-6.1.5.jar:6.1.5]
	at org.springframework.security.web.FilterChainProxy.lambda$doFilterInternal$3(FilterChainProxy.java:231) ~[spring-security-web-6.2.3.jar:6.2.3]
	at org.springframework.security.web.ObservationFilterChainDecorator$FilterObservation$SimpleFilterObservation.lambda$wrap$1(ObservationFilterChainDecorator.java:479) ~[spring-security-web-6.2.3.jar:6.2.3]
	at org.springframework.security.web.ObservationFilterChainDecorator$AroundFilterObservation$SimpleAroundFilterObservation.lambda$wrap$1(ObservationFilterChainDecorator.java:340) ~[spring-security-web-6.2.3.jar:6.2.3]
	at org.springframework.security.web.ObservationFilterChainDecorator.lambda$wrapSecured$0(ObservationFilterChainDecorator.java:82) ~[spring-security-web-6.2.3.jar:6.2.3]
	at org.springframework.security.web.ObservationFilterChainDecorator$VirtualFilterChain.doFilter(ObservationFilterChainDecorator.java:128) ~[spring-security-web-6.2.3.jar:6.2.3]
	at org.springframework.security.web.access.intercept.AuthorizationFilter.doFilter(AuthorizationFilter.java:100) ~[spring-security-web-6.2.3.jar:6.2.3]
	at org.springframework.security.web.ObservationFilterChainDecorator$ObservationFilter.wrapFilter(ObservationFilterChainDecorator.java:240) ~[spring-security-web-6.2.3.jar:6.2.3]
	at org.springframework.security.web.ObservationFilterChainDecorator$ObservationFilter.doFilter(ObservationFilterChainDecorator.java:227) ~[spring-security-web-6.2.3.jar:6.2.3]
	at org.springframework.security.web.ObservationFilterChainDecorator$VirtualFilterChain.doFilter(ObservationFilterChainDecorator.java:137) ~[spring-security-web-6.2.3.jar:6.2.3]
	at org.springframework.security.web.access.ExceptionTranslationFilter.doFilter(ExceptionTranslationFilter.java:126) ~[spring-security-web-6.2.3.jar:6.2.3]
	at org.springframework.security.web.access.ExceptionTranslationFilter.doFilter(ExceptionTranslationFilter.java:120) ~[spring-security-web-6.2.3.jar:6.2.3]
	at org.springframework.security.web.ObservationFilterChainDecorator$ObservationFilter.wrapFilter(ObservationFilterChainDecorator.java:240) ~[spring-security-web-6.2.3.jar:6.2.3]
	at org.springframework.security.web.ObservationFilterChainDecorator$ObservationFilter.doFilter(ObservationFilterChainDecorator.java:227) ~[spring-security-web-6.2.3.jar:6.2.3]
	at org.springframework.security.web.ObservationFilterChainDecorator$VirtualFilterChain.doFilter(ObservationFilterChainDecorator.java:137) ~[spring-security-web-6.2.3.jar:6.2.3]
	at org.springframework.security.web.session.SessionManagementFilter.doFilter(SessionManagementFilter.java:131) ~[spring-security-web-6.2.3.jar:6.2.3]
	at org.springframework.security.web.session.SessionManagementFilter.doFilter(SessionManagementFilter.java:85) ~[spring-security-web-6.2.3.jar:6.2.3]
	at org.springframework.security.web.ObservationFilterChainDecorator$ObservationFilter.wrapFilter(ObservationFilterChainDecorator.java:240) ~[spring-security-web-6.2.3.jar:6.2.3]
	at org.springframework.security.web.ObservationFilterChainDecorator$ObservationFilter.doFilter(ObservationFilterChainDecorator.java:227) ~[spring-security-web-6.2.3.jar:6.2.3]
	at org.springframework.security.web.ObservationFilterChainDecorator$VirtualFilterChain.doFilter(ObservationFilterChainDecorator.java:137) ~[spring-security-web-6.2.3.jar:6.2.3]
	at org.springframework.security.web.authentication.AnonymousAuthenticationFilter.doFilter(AnonymousAuthenticationFilter.java:100) ~[spring-security-web-6.2.3.jar:6.2.3]
	at org.springframework.security.web.ObservationFilterChainDecorator$ObservationFilter.wrapFilter(ObservationFilterChainDecorator.java:240) ~[spring-security-web-6.2.3.jar:6.2.3]
	at org.springframework.security.web.ObservationFilterChainDecorator$ObservationFilter.doFilter(ObservationFilterChainDecorator.java:227) ~[spring-security-web-6.2.3.jar:6.2.3]
	at org.springframework.security.web.ObservationFilterChainDecorator$VirtualFilterChain.doFilter(ObservationFilterChainDecorator.java:137) ~[spring-security-web-6.2.3.jar:6.2.3]
	at org.springframework.security.web.servletapi.SecurityContextHolderAwareRequestFilter.doFilter(SecurityContextHolderAwareRequestFilter.java:179) ~[spring-security-web-6.2.3.jar:6.2.3]
	at org.springframework.security.web.ObservationFilterChainDecorator$ObservationFilter.wrapFilter(ObservationFilterChainDecorator.java:240) ~[spring-security-web-6.2.3.jar:6.2.3]
	at org.springframework.security.web.ObservationFilterChainDecorator$ObservationFilter.doFilter(ObservationFilterChainDecorator.java:227) ~[spring-security-web-6.2.3.jar:6.2.3]
	at org.springframework.security.web.ObservationFilterChainDecorator$VirtualFilterChain.doFilter(ObservationFilterChainDecorator.java:137) ~[spring-security-web-6.2.3.jar:6.2.3]
	at org.springframework.security.web.savedrequest.RequestCacheAwareFilter.doFilter(RequestCacheAwareFilter.java:63) ~[spring-security-web-6.2.3.jar:6.2.3]
	at org.springframework.security.web.ObservationFilterChainDecorator$ObservationFilter.wrapFilter(ObservationFilterChainDecorator.java:240) ~[spring-security-web-6.2.3.jar:6.2.3]
	at org.springframework.security.web.ObservationFilterChainDecorator$ObservationFilter.doFilter(ObservationFilterChainDecorator.java:227) ~[spring-security-web-6.2.3.jar:6.2.3]
	at org.springframework.security.web.ObservationFilterChainDecorator$VirtualFilterChain.doFilter(ObservationFilterChainDecorator.java:137) ~[spring-security-web-6.2.3.jar:6.2.3]
	at com.smartwatch.leaderboard.utils.JwtAuthFilter.doFilterInternal(JwtAuthFilter.java:44) ~[classes/:na]
	at org.springframework.web.filter.OncePerRequestFilter.doFilter(OncePerRequestFilter.java:116) ~[spring-web-6.1.5.jar:6.1.5]
	at org.springframework.security.web.ObservationFilterChainDecorator$ObservationFilter.wrapFilter(ObservationFilterChainDecorator.java:240) ~[spring-security-web-6.2.3.jar:6.2.3]
	at org.springframework.security.web.ObservationFilterChainDecorator$ObservationFilter.doFilter(ObservationFilterChainDecorator.java:227) ~[spring-security-web-6.2.3.jar:6.2.3]
	at org.springframework.security.web.ObservationFilterChainDecorator$VirtualFilterChain.doFilter(ObservationFilterChainDecorator.java:137) ~[spring-security-web-6.2.3.jar:6.2.3]
	at org.springframework.security.web.authentication.logout.LogoutFilter.doFilter(LogoutFilter.java:107) ~[spring-security-web-6.2.3.jar:6.2.3]
	at org.springframework.security.web.authentication.logout.LogoutFilter.doFilter(LogoutFilter.java:93) ~[spring-security-web-6.2.3.jar:6.2.3]
	at org.springframework.security.web.ObservationFilterChainDecorator$ObservationFilter.wrapFilter(ObservationFilterChainDecorator.java:240) ~[spring-security-web-6.2.3.jar:6.2.3]
	at org.springframework.security.web.ObservationFilterChainDecorator$ObservationFilter.doFilter(ObservationFilterChainDecorator.java:227) ~[spring-security-web-6.2.3.jar:6.2.3]
	at org.springframework.security.web.ObservationFilterChainDecorator$VirtualFilterChain.doFilter(ObservationFilterChainDecorator.java:137) ~[spring-security-web-6.2.3.jar:6.2.3]
	at org.springframework.web.filter.CorsFilter.doFilterInternal(CorsFilter.java:91) ~[spring-web-6.1.5.jar:6.1.5]
	at org.springframework.web.filter.OncePerRequestFilter.doFilter(OncePerRequestFilter.java:116) ~[spring-web-6.1.5.jar:6.1.5]
	at org.springframework.security.web.ObservationFilterChainDecorator$ObservationFilter.wrapFilter(ObservationFilterChainDecorator.java:240) ~[spring-security-web-6.2.3.jar:6.2.3]
	at org.springframework.security.web.ObservationFilterChainDecorator$ObservationFilter.doFilter(ObservationFilterChainDecorator.java:227) ~[spring-security-web-6.2.3.jar:6.2.3]
	at org.springframework.security.web.ObservationFilterChainDecorator$VirtualFilterChain.doFilter(ObservationFilterChainDecorator.java:137) ~[spring-security-web-6.2.3.jar:6.2.3]
	at org.springframework.security.web.header.HeaderWriterFilter.doHeadersAfter(HeaderWriterFilter.java:90) ~[spring-security-web-6.2.3.jar:6.2.3]
	at org.springframework.security.web.header.HeaderWriterFilter.doFilterInternal(HeaderWriterFilter.java:75) ~[spring-security-web-6.2.3.jar:6.2.3]
	at org.springframework.web.filter.OncePerRequestFilter.doFilter(OncePerRequestFilter.java:116) ~[spring-web-6.1.5.jar:6.1.5]
	at org.springframework.security.web.ObservationFilterChainDecorator$ObservationFilter.wrapFilter(ObservationFilterChainDecorator.java:240) ~[spring-security-web-6.2.3.jar:6.2.3]
	at org.springframework.security.web.ObservationFilterChainDecorator$ObservationFilter.doFilter(ObservationFilterChainDecorator.java:227) ~[spring-security-web-6.2.3.jar:6.2.3]
	at org.springframework.security.web.ObservationFilterChainDecorator$VirtualFilterChain.doFilter(ObservationFilterChainDecorator.java:137) ~[spring-security-web-6.2.3.jar:6.2.3]
	at org.springframework.security.web.context.SecurityContextHolderFilter.doFilter(SecurityContextHolderFilter.java:82) ~[spring-security-web-6.2.3.jar:6.2.3]
	at org.springframework.security.web.context.SecurityContextHolderFilter.doFilter(SecurityContextHolderFilter.java:69) ~[spring-security-web-6.2.3.jar:6.2.3]
	at org.springframework.security.web.ObservationFilterChainDecorator$ObservationFilter.wrapFilter(ObservationFilterChainDecorator.java:240) ~[spring-security-web-6.2.3.jar:6.2.3]
	at org.springframework.security.web.ObservationFilterChainDecorator$ObservationFilter.doFilter(ObservationFilterChainDecorator.java:227) ~[spring-security-web-6.2.3.jar:6.2.3]
	at org.springframework.security.web.ObservationFilterChainDecorator$VirtualFilterChain.doFilter(ObservationFilterChainDecorator.java:137) ~[spring-security-web-6.2.3.jar:6.2.3]
	at org.springframework.security.web.context.request.async.WebAsyncManagerIntegrationFilter.doFilterInternal(WebAsyncManagerIntegrationFilter.java:62) ~[spring-security-web-6.2.3.jar:6.2.3]
	at org.springframework.web.filter.OncePerRequestFilter.doFilter(OncePerRequestFilter.java:116) ~[spring-web-6.1.5.jar:6.1.5]
	at org.springframework.security.web.ObservationFilterChainDecorator$ObservationFilter.wrapFilter(ObservationFilterChainDecorator.java:240) ~[spring-security-web-6.2.3.jar:6.2.3]
	at org.springframework.security.web.ObservationFilterChainDecorator$ObservationFilter.doFilter(ObservationFilterChainDecorator.java:227) ~[spring-security-web-6.2.3.jar:6.2.3]
	at org.springframework.security.web.ObservationFilterChainDecorator$VirtualFilterChain.doFilter(ObservationFilterChainDecorator.java:137) ~[spring-security-web-6.2.3.jar:6.2.3]
	at org.springframework.security.web.session.DisableEncodeUrlFilter.doFilterInternal(DisableEncodeUrlFilter.java:42) ~[spring-security-web-6.2.3.jar:6.2.3]
	at org.springframework.web.filter.OncePerRequestFilter.doFilter(OncePerRequestFilter.java:116) ~[spring-web-6.1.5.jar:6.1.5]
	at org.springframework.security.web.ObservationFilterChainDecorator$ObservationFilter.wrapFilter(ObservationFilterChainDecorator.java:240) ~[spring-security-web-6.2.3.jar:6.2.3]
	at org.springframework.security.web.ObservationFilterChainDecorator$AroundFilterObservation$SimpleAroundFilterObservation.lambda$wrap$0(ObservationFilterChainDecorator.java:323) ~[spring-security-web-6.2.3.jar:6.2.3]
	at org.springframework.security.web.ObservationFilterChainDecorator$ObservationFilter.doFilter(ObservationFilterChainDecorator.java:224) ~[spring-security-web-6.2.3.jar:6.2.3]
	at org.springframework.security.web.ObservationFilterChainDecorator$VirtualFilterChain.doFilter(ObservationFilterChainDecorator.java:137) ~[spring-security-web-6.2.3.jar:6.2.3]
	at org.springframework.security.web.FilterChainProxy.doFilterInternal(FilterChainProxy.java:233) ~[spring-security-web-6.2.3.jar:6.2.3]
	at org.springframework.security.web.FilterChainProxy.doFilter(FilterChainProxy.java:191) ~[spring-security-web-6.2.3.jar:6.2.3]
	at org.springframework.web.filter.CompositeFilter$VirtualFilterChain.doFilter(CompositeFilter.java:113) ~[spring-web-6.1.5.jar:6.1.5]
	at org.springframework.web.servlet.handler.HandlerMappingIntrospector.lambda$createCacheFilter$3(HandlerMappingIntrospector.java:195) ~[spring-webmvc-6.1.5.jar:6.1.5]
	at org.springframework.web.filter.CompositeFilter$VirtualFilterChain.doFilter(CompositeFilter.java:113) ~[spring-web-6.1.5.jar:6.1.5]
	at org.springframework.web.filter.CompositeFilter.doFilter(CompositeFilter.java:74) ~[spring-web-6.1.5.jar:6.1.5]
	at org.springframework.security.config.annotation.web.configuration.WebMvcSecurityConfiguration$CompositeFilterChainProxy.doFilter(WebMvcSecurityConfiguration.java:230) ~[spring-security-config-6.2.3.jar:6.2.3]
	at org.springframework.web.filter.DelegatingFilterProxy.invokeDelegate(DelegatingFilterProxy.java:352) ~[spring-web-6.1.5.jar:6.1.5]
	at org.springframework.web.filter.DelegatingFilterProxy.doFilter(DelegatingFilterProxy.java:268) ~[spring-web-6.1.5.jar:6.1.5]
	at org.apache.catalina.core.ApplicationFilterChain.internalDoFilter(ApplicationFilterChain.java:174) ~[tomcat-embed-core-10.1.19.jar:10.1.19]
	at org.apache.catalina.core.ApplicationFilterChain.doFilter(ApplicationFilterChain.java:149) ~[tomcat-embed-core-10.1.19.jar:10.1.19]
	at org.springframework.web.filter.RequestContextFilter.doFilterInternal(RequestContextFilter.java:100) ~[spring-web-6.1.5.jar:6.1.5]
	at org.springframework.web.filter.OncePerRequestFilter.doFilter(OncePerRequestFilter.java:116) ~[spring-web-6.1.5.jar:6.1.5]
	at org.apache.catalina.core.ApplicationFilterChain.internalDoFilter(ApplicationFilterChain.java:174) ~[tomcat-embed-core-10.1.19.jar:10.1.19]
	at org.apache.catalina.core.ApplicationFilterChain.doFilter(ApplicationFilterChain.java:149) ~[tomcat-embed-core-10.1.19.jar:10.1.19]
	at org.springframework.web.filter.FormContentFilter.doFilterInternal(FormContentFilter.java:93) ~[spring-web-6.1.5.jar:6.1.5]
	at org.springframework.web.filter.OncePerRequestFilter.doFilter(OncePerRequestFilter.java:116) ~[spring-web-6.1.5.jar:6.1.5]
	at org.apache.catalina.core.ApplicationFilterChain.internalDoFilter(ApplicationFilterChain.java:174) ~[tomcat-embed-core-10.1.19.jar:10.1.19]
	at org.apache.catalina.core.ApplicationFilterChain.doFilter(ApplicationFilterChain.java:149) ~[tomcat-embed-core-10.1.19.jar:10.1.19]
	at org.springframework.web.filter.ServerHttpObservationFilter.doFilterInternal(ServerHttpObservationFilter.java:109) ~[spring-web-6.1.5.jar:6.1.5]
	at org.springframework.web.filter.OncePerRequestFilter.doFilter(OncePerRequestFilter.java:116) ~[spring-web-6.1.5.jar:6.1.5]
	at org.apache.catalina.core.ApplicationFilterChain.internalDoFilter(ApplicationFilterChain.java:174) ~[tomcat-embed-core-10.1.19.jar:10.1.19]
	at org.apache.catalina.core.ApplicationFilterChain.doFilter(ApplicationFilterChain.java:149) ~[tomcat-embed-core-10.1.19.jar:10.1.19]
	at org.springframework.web.filter.CharacterEncodingFilter.doFilterInternal(CharacterEncodingFilter.java:201) ~[spring-web-6.1.5.jar:6.1.5]
	at org.springframework.web.filter.OncePerRequestFilter.doFilter(OncePerRequestFilter.java:116) ~[spring-web-6.1.5.jar:6.1.5]
	at org.apache.catalina.core.ApplicationFilterChain.internalDoFilter(ApplicationFilterChain.java:174) ~[tomcat-embed-core-10.1.19.jar:10.1.19]
	at org.apache.catalina.core.ApplicationFilterChain.doFilter(ApplicationFilterChain.java:149) ~[tomcat-embed-core-10.1.19.jar:10.1.19]
	at org.apache.catalina.core.StandardWrapperValve.invoke(StandardWrapperValve.java:167) ~[tomcat-embed-core-10.1.19.jar:10.1.19]
	at org.apache.catalina.core.StandardContextValve.invoke(StandardContextValve.java:90) ~[tomcat-embed-core-10.1.19.jar:10.1.19]
	at org.apache.catalina.authenticator.AuthenticatorBase.invoke(AuthenticatorBase.java:482) ~[tomcat-embed-core-10.1.19.jar:10.1.19]
	at org.apache.catalina.core.StandardHostValve.invoke(StandardHostValve.java:115) ~[tomcat-embed-core-10.1.19.jar:10.1.19]
	at org.apache.catalina.valves.ErrorReportValve.invoke(ErrorReportValve.java:93) ~[tomcat-embed-core-10.1.19.jar:10.1.19]
	at org.apache.catalina.core.StandardEngineValve.invoke(StandardEngineValve.java:74) ~[tomcat-embed-core-10.1.19.jar:10.1.19]
	at org.apache.catalina.connector.CoyoteAdapter.service(CoyoteAdapter.java:344) ~[tomcat-embed-core-10.1.19.jar:10.1.19]
	at org.apache.coyote.http11.Http11Processor.service(Http11Processor.java:391) ~[tomcat-embed-core-10.1.19.jar:10.1.19]
	at org.apache.coyote.AbstractProcessorLight.process(AbstractProcessorLight.java:63) ~[tomcat-embed-core-10.1.19.jar:10.1.19]
	at org.apache.coyote.AbstractProtocol$ConnectionHandler.process(AbstractProtocol.java:896) ~[tomcat-embed-core-10.1.19.jar:10.1.19]
	at org.apache.tomcat.util.net.NioEndpoint$SocketProcessor.doRun(NioEndpoint.java:1744) ~[tomcat-embed-core-10.1.19.jar:10.1.19]
	at org.apache.tomcat.util.net.SocketProcessorBase.run(SocketProcessorBase.java:52) ~[tomcat-embed-core-10.1.19.jar:10.1.19]
	at org.apache.tomcat.util.threads.ThreadPoolExecutor.runWorker(ThreadPoolExecutor.java:1191) ~[tomcat-embed-core-10.1.19.jar:10.1.19]
	at org.apache.tomcat.util.threads.ThreadPoolExecutor$Worker.run(ThreadPoolExecutor.java:659) ~[tomcat-embed-core-10.1.19.jar:10.1.19]
	at org.apache.tomcat.util.threads.TaskThread$WrappingRunnable.run(TaskThread.java:63) ~[tomcat-embed-core-10.1.19.jar:10.1.19]
	at java.base/java.lang.Thread.run(Thread.java:1583) ~[na:na]

2026-09-02T21:11:27.367+05:30 DEBUG 26148 --- [smartwatch-leaderboard] [http-nio-8081-exec-5] o.s.security.web.FilterChainProxy        : Securing GET /swagger-ui/index.html
2026-09-02T21:11:27.371+05:30 DEBUG 26148 --- [smartwatch-leaderboard] [http-nio-8081-exec-5] o.s.s.w.a.AnonymousAuthenticationFilter  : Set SecurityContextHolder to anonymous SecurityContext
2026-09-02T21:11:27.374+05:30 DEBUG 26148 --- [smartwatch-leaderboard] [http-nio-8081-exec-5] o.s.security.web.FilterChainProxy        : Secured GET /swagger-ui/index.html
2026-09-02T21:11:27.470+05:30 DEBUG 26148 --- [smartwatch-leaderboard] [http-nio-8081-exec-6] o.s.security.web.FilterChainProxy        : Securing GET /swagger-ui/index.css
2026-09-02T21:11:27.471+05:30 DEBUG 26148 --- [smartwatch-leaderboard] [http-nio-8081-exec-4] o.s.security.web.FilterChainProxy        : Securing GET /swagger-ui/swagger-ui.css
2026-09-02T21:11:27.474+05:30 DEBUG 26148 --- [smartwatch-leaderboard] [http-nio-8081-exec-6] o.s.s.w.a.AnonymousAuthenticationFilter  : Set SecurityContextHolder to anonymous SecurityContext
2026-09-02T21:11:27.476+05:30 DEBUG 26148 --- [smartwatch-leaderboard] [http-nio-8081-exec-4] o.s.s.w.a.AnonymousAuthenticationFilter  : Set SecurityContextHolder to anonymous SecurityContext
2026-09-02T21:11:27.479+05:30 DEBUG 26148 --- [smartwatch-leaderboard] [http-nio-8081-exec-8] o.s.security.web.FilterChainProxy        : Securing GET /swagger-ui/swagger-ui-bundle.js
2026-09-02T21:11:27.486+05:30 DEBUG 26148 --- [smartwatch-leaderboard] [http-nio-8081-exec-7] o.s.security.web.FilterChainProxy        : Securing GET /swagger-ui/swagger-ui-standalone-preset.js
2026-09-02T21:11:27.593+05:30 DEBUG 26148 --- [smartwatch-leaderboard] [http-nio-8081-exec-7] o.s.s.w.a.AnonymousAuthenticationFilter  : Set SecurityContextHolder to anonymous SecurityContext
2026-09-02T21:11:27.595+05:30 DEBUG 26148 --- [smartwatch-leaderboard] [http-nio-8081-exec-7] o.s.security.web.FilterChainProxy        : Secured GET /swagger-ui/swagger-ui-standalone-preset.js
2026-09-02T21:11:27.488+05:30 DEBUG 26148 --- [smartwatch-leaderboard] [http-nio-8081-exec-9] o.s.security.web.FilterChainProxy        : Securing GET /swagger-ui/swagger-initializer.js
2026-09-02T21:11:27.490+05:30 DEBUG 26148 --- [smartwatch-leaderboard] [http-nio-8081-exec-6] o.s.security.web.FilterChainProxy        : Secured GET /swagger-ui/index.css
2026-09-02T21:11:27.493+05:30 DEBUG 26148 --- [smartwatch-leaderboard] [http-nio-8081-exec-4] o.s.security.web.FilterChainProxy        : Secured GET /swagger-ui/swagger-ui.css
2026-09-02T21:11:27.576+05:30 DEBUG 26148 --- [smartwatch-leaderboard] [http-nio-8081-exec-8] o.s.s.w.a.AnonymousAuthenticationFilter  : Set SecurityContextHolder to anonymous SecurityContext
2026-09-02T21:11:27.600+05:30 DEBUG 26148 --- [smartwatch-leaderboard] [http-nio-8081-exec-9] o.s.s.w.a.AnonymousAuthenticationFilter  : Set SecurityContextHolder to anonymous SecurityContext
2026-09-02T21:11:27.601+05:30 DEBUG 26148 --- [smartwatch-leaderboard] [http-nio-8081-exec-8] o.s.security.web.FilterChainProxy        : Secured GET /swagger-ui/swagger-ui-bundle.js
2026-09-02T21:11:27.601+05:30 DEBUG 26148 --- [smartwatch-leaderboard] [http-nio-8081-exec-9] o.s.security.web.FilterChainProxy        : Secured GET /swagger-ui/swagger-initializer.js
2026-09-02T21:11:28.188+05:30 DEBUG 26148 --- [smartwatch-leaderboard] [http-nio-8081-exec-10] o.s.security.web.FilterChainProxy        : Securing GET /v3/api-docs/swagger-config
2026-09-02T21:11:28.192+05:30 DEBUG 26148 --- [smartwatch-leaderboard] [http-nio-8081-exec-10] o.s.s.w.a.AnonymousAuthenticationFilter  : Set SecurityContextHolder to anonymous SecurityContext
2026-09-02T21:11:28.194+05:30 DEBUG 26148 --- [smartwatch-leaderboard] [http-nio-8081-exec-10] o.s.security.web.FilterChainProxy        : Secured GET /v3/api-docs/swagger-config
2026-09-02T21:11:28.202+05:30 DEBUG 26148 --- [smartwatch-leaderboard] [http-nio-8081-exec-3] o.s.security.web.FilterChainProxy        : Securing GET /swagger-ui/favicon-32x32.png
2026-09-02T21:11:28.205+05:30 DEBUG 26148 --- [smartwatch-leaderboard] [http-nio-8081-exec-3] o.s.s.w.a.AnonymousAuthenticationFilter  : Set SecurityContextHolder to anonymous SecurityContext
2026-09-02T21:11:28.215+05:30 DEBUG 26148 --- [smartwatch-leaderboard] [http-nio-8081-exec-3] o.s.security.web.FilterChainProxy        : Secured GET /swagger-ui/favicon-32x32.png
2026-09-02T21:11:28.250+05:30 DEBUG 26148 --- [smartwatch-leaderboard] [http-nio-8081-exec-2] o.s.security.web.FilterChainProxy        : Securing GET /v3/api-docs
2026-09-02T21:11:28.251+05:30 DEBUG 26148 --- [smartwatch-leaderboard] [http-nio-8081-exec-2] o.s.s.w.a.AnonymousAuthenticationFilter  : Set SecurityContextHolder to anonymous SecurityContext
2026-09-02T21:11:28.252+05:30 DEBUG 26148 --- [smartwatch-leaderboard] [http-nio-8081-exec-2] o.s.security.web.FilterChainProxy        : Secured GET /v3/api-docs
2026-09-02T21:11:28.289+05:30 DEBUG 26148 --- [smartwatch-leaderboard] [http-nio-8081-exec-1] o.s.security.web.FilterChainProxy        : Securing GET /swagger-ui/favicon-32x32.png
2026-09-02T21:11:28.290+05:30 DEBUG 26148 --- [smartwatch-leaderboard] [http-nio-8081-exec-1] o.s.s.w.a.AnonymousAuthenticationFilter  : Set SecurityContextHolder to anonymous SecurityContext
2026-09-02T21:11:28.293+05:30 DEBUG 26148 --- [smartwatch-leaderboard] [http-nio-8081-exec-1] o.s.security.web.FilterChainProxy        : Secured GET /swagger-ui/favicon-32x32.png
2026-09-02T21:11:37.613+05:30 DEBUG 26148 --- [smartwatch-leaderboard] [http-nio-8081-exec-5] o.s.security.web.FilterChainProxy        : Securing POST /auth/register
2026-09-02T21:11:37.616+05:30 DEBUG 26148 --- [smartwatch-leaderboard] [http-nio-8081-exec-5] o.s.s.w.a.AnonymousAuthenticationFilter  : Set SecurityContextHolder to anonymous SecurityContext
2026-09-02T21:11:37.618+05:30 DEBUG 26148 --- [smartwatch-leaderboard] [http-nio-8081-exec-5] o.s.security.web.FilterChainProxy        : Secured POST /auth/register
2026-09-02T21:11:37.655+05:30 ERROR 26148 --- [smartwatch-leaderboard] [http-nio-8081-exec-5] c.s.l.exception.GlobalExceptionHandler   : Unhandled exception [IllegalArgumentException]: Device not found: 1

java.lang.IllegalArgumentException: Device not found: 1
	at com.smartwatch.leaderboard.service.AuthService.lambda$register$0(AuthService.java:45) ~[classes/:na]
	at java.base/java.util.Optional.orElseThrow(Optional.java:403) ~[na:na]
	at com.smartwatch.leaderboard.service.AuthService.register(AuthService.java:45) ~[classes/:na]
	at java.base/jdk.internal.reflect.DirectMethodHandleAccessor.invoke(DirectMethodHandleAccessor.java:103) ~[na:na]
	at java.base/java.lang.reflect.Method.invoke(Method.java:580) ~[na:na]
	at org.springframework.aop.support.AopUtils.invokeJoinpointUsingReflection(AopUtils.java:351) ~[spring-aop-6.1.5.jar:6.1.5]
	at org.springframework.aop.framework.ReflectiveMethodInvocation.invokeJoinpoint(ReflectiveMethodInvocation.java:196) ~[spring-aop-6.1.5.jar:6.1.5]
	at org.springframework.aop.framework.ReflectiveMethodInvocation.proceed(ReflectiveMethodInvocation.java:163) ~[spring-aop-6.1.5.jar:6.1.5]
	at org.springframework.aop.framework.CglibAopProxy$CglibMethodInvocation.proceed(CglibAopProxy.java:765) ~[spring-aop-6.1.5.jar:6.1.5]
	at org.springframework.transaction.interceptor.TransactionInterceptor$1.proceedWithInvocation(TransactionInterceptor.java:123) ~[spring-tx-6.1.5.jar:6.1.5]
	at org.springframework.transaction.interceptor.TransactionAspectSupport.invokeWithinTransaction(TransactionAspectSupport.java:392) ~[spring-tx-6.1.5.jar:6.1.5]
	at org.springframework.transaction.interceptor.TransactionInterceptor.invoke(TransactionInterceptor.java:119) ~[spring-tx-6.1.5.jar:6.1.5]
	at org.springframework.aop.framework.ReflectiveMethodInvocation.proceed(ReflectiveMethodInvocation.java:184) ~[spring-aop-6.1.5.jar:6.1.5]
	at org.springframework.aop.framework.CglibAopProxy$CglibMethodInvocation.proceed(CglibAopProxy.java:765) ~[spring-aop-6.1.5.jar:6.1.5]
	at org.springframework.aop.framework.CglibAopProxy$DynamicAdvisedInterceptor.intercept(CglibAopProxy.java:717) ~[spring-aop-6.1.5.jar:6.1.5]
	at com.smartwatch.leaderboard.service.AuthService$$SpringCGLIB$$0.register(<generated>) ~[classes/:na]
	at com.smartwatch.leaderboard.controller.AuthController.register(AuthController.java:30) ~[classes/:na]
	at java.base/jdk.internal.reflect.DirectMethodHandleAccessor.invoke(DirectMethodHandleAccessor.java:103) ~[na:na]
	at java.base/java.lang.reflect.Method.invoke(Method.java:580) ~[na:na]
	at org.springframework.web.method.support.InvocableHandlerMethod.doInvoke(InvocableHandlerMethod.java:255) ~[spring-web-6.1.5.jar:6.1.5]
	at org.springframework.web.method.support.InvocableHandlerMethod.invokeForRequest(InvocableHandlerMethod.java:188) ~[spring-web-6.1.5.jar:6.1.5]
	at org.springframework.web.servlet.mvc.method.annotation.ServletInvocableHandlerMethod.invokeAndHandle(ServletInvocableHandlerMethod.java:118) ~[spring-webmvc-6.1.5.jar:6.1.5]
	at org.springframework.web.servlet.mvc.method.annotation.RequestMappingHandlerAdapter.invokeHandlerMethod(RequestMappingHandlerAdapter.java:925) ~[spring-webmvc-6.1.5.jar:6.1.5]
	at org.springframework.web.servlet.mvc.method.annotation.RequestMappingHandlerAdapter.handleInternal(RequestMappingHandlerAdapter.java:830) ~[spring-webmvc-6.1.5.jar:6.1.5]
	at org.springframework.web.servlet.mvc.method.AbstractHandlerMethodAdapter.handle(AbstractHandlerMethodAdapter.java:87) ~[spring-webmvc-6.1.5.jar:6.1.5]
	at org.springframework.web.servlet.DispatcherServlet.doDispatch(DispatcherServlet.java:1089) ~[spring-webmvc-6.1.5.jar:6.1.5]
	at org.springframework.web.servlet.DispatcherServlet.doService(DispatcherServlet.java:979) ~[spring-webmvc-6.1.5.jar:6.1.5]
	at org.springframework.web.servlet.FrameworkServlet.processRequest(FrameworkServlet.java:1014) ~[spring-webmvc-6.1.5.jar:6.1.5]
	at org.springframework.web.servlet.FrameworkServlet.doPost(FrameworkServlet.java:914) ~[spring-webmvc-6.1.5.jar:6.1.5]
	at jakarta.servlet.http.HttpServlet.service(HttpServlet.java:590) ~[tomcat-embed-core-10.1.19.jar:6.0]
	at org.springframework.web.servlet.FrameworkServlet.service(FrameworkServlet.java:885) ~[spring-webmvc-6.1.5.jar:6.1.5]
	at jakarta.servlet.http.HttpServlet.service(HttpServlet.java:658) ~[tomcat-embed-core-10.1.19.jar:6.0]
	at org.apache.catalina.core.ApplicationFilterChain.internalDoFilter(ApplicationFilterChain.java:205) ~[tomcat-embed-core-10.1.19.jar:10.1.19]
	at org.apache.catalina.core.ApplicationFilterChain.doFilter(ApplicationFilterChain.java:149) ~[tomcat-embed-core-10.1.19.jar:10.1.19]
	at org.apache.tomcat.websocket.server.WsFilter.doFilter(WsFilter.java:51) ~[tomcat-embed-websocket-10.1.19.jar:10.1.19]
	at org.apache.catalina.core.ApplicationFilterChain.internalDoFilter(ApplicationFilterChain.java:174) ~[tomcat-embed-core-10.1.19.jar:10.1.19]
	at org.apache.catalina.core.ApplicationFilterChain.doFilter(ApplicationFilterChain.java:149) ~[tomcat-embed-core-10.1.19.jar:10.1.19]
	at org.springframework.web.filter.OncePerRequestFilter.doFilter(OncePerRequestFilter.java:110) ~[spring-web-6.1.5.jar:6.1.5]
	at org.apache.catalina.core.ApplicationFilterChain.internalDoFilter(ApplicationFilterChain.java:174) ~[tomcat-embed-core-10.1.19.jar:10.1.19]
	at org.apache.catalina.core.ApplicationFilterChain.doFilter(ApplicationFilterChain.java:149) ~[tomcat-embed-core-10.1.19.jar:10.1.19]
	at org.springframework.web.filter.CompositeFilter$VirtualFilterChain.doFilter(CompositeFilter.java:108) ~[spring-web-6.1.5.jar:6.1.5]
	at org.springframework.security.web.FilterChainProxy.lambda$doFilterInternal$3(FilterChainProxy.java:231) ~[spring-security-web-6.2.3.jar:6.2.3]
	at org.springframework.security.web.ObservationFilterChainDecorator$FilterObservation$SimpleFilterObservation.lambda$wrap$1(ObservationFilterChainDecorator.java:479) ~[spring-security-web-6.2.3.jar:6.2.3]
	at org.springframework.security.web.ObservationFilterChainDecorator$AroundFilterObservation$SimpleAroundFilterObservation.lambda$wrap$1(ObservationFilterChainDecorator.java:340) ~[spring-security-web-6.2.3.jar:6.2.3]
	at org.springframework.security.web.ObservationFilterChainDecorator.lambda$wrapSecured$0(ObservationFilterChainDecorator.java:82) ~[spring-security-web-6.2.3.jar:6.2.3]
	at org.springframework.security.web.ObservationFilterChainDecorator$VirtualFilterChain.doFilter(ObservationFilterChainDecorator.java:128) ~[spring-security-web-6.2.3.jar:6.2.3]
	at org.springframework.security.web.access.intercept.AuthorizationFilter.doFilter(AuthorizationFilter.java:100) ~[spring-security-web-6.2.3.jar:6.2.3]
	at org.springframework.security.web.ObservationFilterChainDecorator$ObservationFilter.wrapFilter(ObservationFilterChainDecorator.java:240) ~[spring-security-web-6.2.3.jar:6.2.3]
	at org.springframework.security.web.ObservationFilterChainDecorator$ObservationFilter.doFilter(ObservationFilterChainDecorator.java:227) ~[spring-security-web-6.2.3.jar:6.2.3]
	at org.springframework.security.web.ObservationFilterChainDecorator$VirtualFilterChain.doFilter(ObservationFilterChainDecorator.java:137) ~[spring-security-web-6.2.3.jar:6.2.3]
	at org.springframework.security.web.access.ExceptionTranslationFilter.doFilter(ExceptionTranslationFilter.java:126) ~[spring-security-web-6.2.3.jar:6.2.3]
	at org.springframework.security.web.access.ExceptionTranslationFilter.doFilter(ExceptionTranslationFilter.java:120) ~[spring-security-web-6.2.3.jar:6.2.3]
	at org.springframework.security.web.ObservationFilterChainDecorator$ObservationFilter.wrapFilter(ObservationFilterChainDecorator.java:240) ~[spring-security-web-6.2.3.jar:6.2.3]
	at org.springframework.security.web.ObservationFilterChainDecorator$ObservationFilter.doFilter(ObservationFilterChainDecorator.java:227) ~[spring-security-web-6.2.3.jar:6.2.3]
	at org.springframework.security.web.ObservationFilterChainDecorator$VirtualFilterChain.doFilter(ObservationFilterChainDecorator.java:137) ~[spring-security-web-6.2.3.jar:6.2.3]
	at org.springframework.security.web.session.SessionManagementFilter.doFilter(SessionManagementFilter.java:131) ~[spring-security-web-6.2.3.jar:6.2.3]
	at org.springframework.security.web.session.SessionManagementFilter.doFilter(SessionManagementFilter.java:85) ~[spring-security-web-6.2.3.jar:6.2.3]
	at org.springframework.security.web.ObservationFilterChainDecorator$ObservationFilter.wrapFilter(ObservationFilterChainDecorator.java:240) ~[spring-security-web-6.2.3.jar:6.2.3]
	at org.springframework.security.web.ObservationFilterChainDecorator$ObservationFilter.doFilter(ObservationFilterChainDecorator.java:227) ~[spring-security-web-6.2.3.jar:6.2.3]
	at org.springframework.security.web.ObservationFilterChainDecorator$VirtualFilterChain.doFilter(ObservationFilterChainDecorator.java:137) ~[spring-security-web-6.2.3.jar:6.2.3]
	at org.springframework.security.web.authentication.AnonymousAuthenticationFilter.doFilter(AnonymousAuthenticationFilter.java:100) ~[spring-security-web-6.2.3.jar:6.2.3]
	at org.springframework.security.web.ObservationFilterChainDecorator$ObservationFilter.wrapFilter(ObservationFilterChainDecorator.java:240) ~[spring-security-web-6.2.3.jar:6.2.3]
	at org.springframework.security.web.ObservationFilterChainDecorator$ObservationFilter.doFilter(ObservationFilterChainDecorator.java:227) ~[spring-security-web-6.2.3.jar:6.2.3]
	at org.springframework.security.web.ObservationFilterChainDecorator$VirtualFilterChain.doFilter(ObservationFilterChainDecorator.java:137) ~[spring-security-web-6.2.3.jar:6.2.3]
	at org.springframework.security.web.servletapi.SecurityContextHolderAwareRequestFilter.doFilter(SecurityContextHolderAwareRequestFilter.java:179) ~[spring-security-web-6.2.3.jar:6.2.3]
	at org.springframework.security.web.ObservationFilterChainDecorator$ObservationFilter.wrapFilter(ObservationFilterChainDecorator.java:240) ~[spring-security-web-6.2.3.jar:6.2.3]
	at org.springframework.security.web.ObservationFilterChainDecorator$ObservationFilter.doFilter(ObservationFilterChainDecorator.java:227) ~[spring-security-web-6.2.3.jar:6.2.3]
	at org.springframework.security.web.ObservationFilterChainDecorator$VirtualFilterChain.doFilter(ObservationFilterChainDecorator.java:137) ~[spring-security-web-6.2.3.jar:6.2.3]
	at org.springframework.security.web.savedrequest.RequestCacheAwareFilter.doFilter(RequestCacheAwareFilter.java:63) ~[spring-security-web-6.2.3.jar:6.2.3]
	at org.springframework.security.web.ObservationFilterChainDecorator$ObservationFilter.wrapFilter(ObservationFilterChainDecorator.java:240) ~[spring-security-web-6.2.3.jar:6.2.3]
	at org.springframework.security.web.ObservationFilterChainDecorator$ObservationFilter.doFilter(ObservationFilterChainDecorator.java:227) ~[spring-security-web-6.2.3.jar:6.2.3]
	at org.springframework.security.web.ObservationFilterChainDecorator$VirtualFilterChain.doFilter(ObservationFilterChainDecorator.java:137) ~[spring-security-web-6.2.3.jar:6.2.3]
	at com.smartwatch.leaderboard.utils.JwtAuthFilter.doFilterInternal(JwtAuthFilter.java:44) ~[classes/:na]
	at org.springframework.web.filter.OncePerRequestFilter.doFilter(OncePerRequestFilter.java:116) ~[spring-web-6.1.5.jar:6.1.5]
	at org.springframework.security.web.ObservationFilterChainDecorator$ObservationFilter.wrapFilter(ObservationFilterChainDecorator.java:240) ~[spring-security-web-6.2.3.jar:6.2.3]
	at org.springframework.security.web.ObservationFilterChainDecorator$ObservationFilter.doFilter(ObservationFilterChainDecorator.java:227) ~[spring-security-web-6.2.3.jar:6.2.3]
	at org.springframework.security.web.ObservationFilterChainDecorator$VirtualFilterChain.doFilter(ObservationFilterChainDecorator.java:137) ~[spring-security-web-6.2.3.jar:6.2.3]
	at org.springframework.security.web.authentication.logout.LogoutFilter.doFilter(LogoutFilter.java:107) ~[spring-security-web-6.2.3.jar:6.2.3]
	at org.springframework.security.web.authentication.logout.LogoutFilter.doFilter(LogoutFilter.java:93) ~[spring-security-web-6.2.3.jar:6.2.3]
	at org.springframework.security.web.ObservationFilterChainDecorator$ObservationFilter.wrapFilter(ObservationFilterChainDecorator.java:240) ~[spring-security-web-6.2.3.jar:6.2.3]
	at org.springframework.security.web.ObservationFilterChainDecorator$ObservationFilter.doFilter(ObservationFilterChainDecorator.java:227) ~[spring-security-web-6.2.3.jar:6.2.3]
	at org.springframework.security.web.ObservationFilterChainDecorator$VirtualFilterChain.doFilter(ObservationFilterChainDecorator.java:137) ~[spring-security-web-6.2.3.jar:6.2.3]
	at org.springframework.web.filter.CorsFilter.doFilterInternal(CorsFilter.java:91) ~[spring-web-6.1.5.jar:6.1.5]
	at org.springframework.web.filter.OncePerRequestFilter.doFilter(OncePerRequestFilter.java:116) ~[spring-web-6.1.5.jar:6.1.5]
	at org.springframework.security.web.ObservationFilterChainDecorator$ObservationFilter.wrapFilter(ObservationFilterChainDecorator.java:240) ~[spring-security-web-6.2.3.jar:6.2.3]
	at org.springframework.security.web.ObservationFilterChainDecorator$ObservationFilter.doFilter(ObservationFilterChainDecorator.java:227) ~[spring-security-web-6.2.3.jar:6.2.3]
	at org.springframework.security.web.ObservationFilterChainDecorator$VirtualFilterChain.doFilter(ObservationFilterChainDecorator.java:137) ~[spring-security-web-6.2.3.jar:6.2.3]
	at org.springframework.security.web.header.HeaderWriterFilter.doHeadersAfter(HeaderWriterFilter.java:90) ~[spring-security-web-6.2.3.jar:6.2.3]
	at org.springframework.security.web.header.HeaderWriterFilter.doFilterInternal(HeaderWriterFilter.java:75) ~[spring-security-web-6.2.3.jar:6.2.3]
	at org.springframework.web.filter.OncePerRequestFilter.doFilter(OncePerRequestFilter.java:116) ~[spring-web-6.1.5.jar:6.1.5]
	at org.springframework.security.web.ObservationFilterChainDecorator$ObservationFilter.wrapFilter(ObservationFilterChainDecorator.java:240) ~[spring-security-web-6.2.3.jar:6.2.3]
	at org.springframework.security.web.ObservationFilterChainDecorator$ObservationFilter.doFilter(ObservationFilterChainDecorator.java:227) ~[spring-security-web-6.2.3.jar:6.2.3]
	at org.springframework.security.web.ObservationFilterChainDecorator$VirtualFilterChain.doFilter(ObservationFilterChainDecorator.java:137) ~[spring-security-web-6.2.3.jar:6.2.3]
	at org.springframework.security.web.context.SecurityContextHolderFilter.doFilter(SecurityContextHolderFilter.java:82) ~[spring-security-web-6.2.3.jar:6.2.3]
	at org.springframework.security.web.context.SecurityContextHolderFilter.doFilter(SecurityContextHolderFilter.java:69) ~[spring-security-web-6.2.3.jar:6.2.3]
	at org.springframework.security.web.ObservationFilterChainDecorator$ObservationFilter.wrapFilter(ObservationFilterChainDecorator.java:240) ~[spring-security-web-6.2.3.jar:6.2.3]
	at org.springframework.security.web.ObservationFilterChainDecorator$ObservationFilter.doFilter(ObservationFilterChainDecorator.java:227) ~[spring-security-web-6.2.3.jar:6.2.3]
	at org.springframework.security.web.ObservationFilterChainDecorator$VirtualFilterChain.doFilter(ObservationFilterChainDecorator.java:137) ~[spring-security-web-6.2.3.jar:6.2.3]
	at org.springframework.security.web.context.request.async.WebAsyncManagerIntegrationFilter.doFilterInternal(WebAsyncManagerIntegrationFilter.java:62) ~[spring-security-web-6.2.3.jar:6.2.3]
	at org.springframework.web.filter.OncePerRequestFilter.doFilter(OncePerRequestFilter.java:116) ~[spring-web-6.1.5.jar:6.1.5]
	at org.springframework.security.web.ObservationFilterChainDecorator$ObservationFilter.wrapFilter(ObservationFilterChainDecorator.java:240) ~[spring-security-web-6.2.3.jar:6.2.3]
	at org.springframework.security.web.ObservationFilterChainDecorator$ObservationFilter.doFilter(ObservationFilterChainDecorator.java:227) ~[spring-security-web-6.2.3.jar:6.2.3]
	at org.springframework.security.web.ObservationFilterChainDecorator$VirtualFilterChain.doFilter(ObservationFilterChainDecorator.java:137) ~[spring-security-web-6.2.3.jar:6.2.3]
	at org.springframework.security.web.session.DisableEncodeUrlFilter.doFilterInternal(DisableEncodeUrlFilter.java:42) ~[spring-security-web-6.2.3.jar:6.2.3]
	at org.springframework.web.filter.OncePerRequestFilter.doFilter(OncePerRequestFilter.java:116) ~[spring-web-6.1.5.jar:6.1.5]
	at org.springframework.security.web.ObservationFilterChainDecorator$ObservationFilter.wrapFilter(ObservationFilterChainDecorator.java:240) ~[spring-security-web-6.2.3.jar:6.2.3]
	at org.springframework.security.web.ObservationFilterChainDecorator$AroundFilterObservation$SimpleAroundFilterObservation.lambda$wrap$0(ObservationFilterChainDecorator.java:323) ~[spring-security-web-6.2.3.jar:6.2.3]
	at org.springframework.security.web.ObservationFilterChainDecorator$ObservationFilter.doFilter(ObservationFilterChainDecorator.java:224) ~[spring-security-web-6.2.3.jar:6.2.3]
	at org.springframework.security.web.ObservationFilterChainDecorator$VirtualFilterChain.doFilter(ObservationFilterChainDecorator.java:137) ~[spring-security-web-6.2.3.jar:6.2.3]
	at org.springframework.security.web.FilterChainProxy.doFilterInternal(FilterChainProxy.java:233) ~[spring-security-web-6.2.3.jar:6.2.3]
	at org.springframework.security.web.FilterChainProxy.doFilter(FilterChainProxy.java:191) ~[spring-security-web-6.2.3.jar:6.2.3]
	at org.springframework.web.filter.CompositeFilter$VirtualFilterChain.doFilter(CompositeFilter.java:113) ~[spring-web-6.1.5.jar:6.1.5]
	at org.springframework.web.servlet.handler.HandlerMappingIntrospector.lambda$createCacheFilter$3(HandlerMappingIntrospector.java:195) ~[spring-webmvc-6.1.5.jar:6.1.5]
	at org.springframework.web.filter.CompositeFilter$VirtualFilterChain.doFilter(CompositeFilter.java:113) ~[spring-web-6.1.5.jar:6.1.5]
	at org.springframework.web.filter.CompositeFilter.doFilter(CompositeFilter.java:74) ~[spring-web-6.1.5.jar:6.1.5]
	at org.springframework.security.config.annotation.web.configuration.WebMvcSecurityConfiguration$CompositeFilterChainProxy.doFilter(WebMvcSecurityConfiguration.java:230) ~[spring-security-config-6.2.3.jar:6.2.3]
	at org.springframework.web.filter.DelegatingFilterProxy.invokeDelegate(DelegatingFilterProxy.java:352) ~[spring-web-6.1.5.jar:6.1.5]
	at org.springframework.web.filter.DelegatingFilterProxy.doFilter(DelegatingFilterProxy.java:268) ~[spring-web-6.1.5.jar:6.1.5]
	at org.apache.catalina.core.ApplicationFilterChain.internalDoFilter(ApplicationFilterChain.java:174) ~[tomcat-embed-core-10.1.19.jar:10.1.19]
	at org.apache.catalina.core.ApplicationFilterChain.doFilter(ApplicationFilterChain.java:149) ~[tomcat-embed-core-10.1.19.jar:10.1.19]
	at org.springframework.web.filter.RequestContextFilter.doFilterInternal(RequestContextFilter.java:100) ~[spring-web-6.1.5.jar:6.1.5]
	at org.springframework.web.filter.OncePerRequestFilter.doFilter(OncePerRequestFilter.java:116) ~[spring-web-6.1.5.jar:6.1.5]
	at org.apache.catalina.core.ApplicationFilterChain.internalDoFilter(ApplicationFilterChain.java:174) ~[tomcat-embed-core-10.1.19.jar:10.1.19]
	at org.apache.catalina.core.ApplicationFilterChain.doFilter(ApplicationFilterChain.java:149) ~[tomcat-embed-core-10.1.19.jar:10.1.19]
	at org.springframework.web.filter.FormContentFilter.doFilterInternal(FormContentFilter.java:93) ~[spring-web-6.1.5.jar:6.1.5]
	at org.springframework.web.filter.OncePerRequestFilter.doFilter(OncePerRequestFilter.java:116) ~[spring-web-6.1.5.jar:6.1.5]
	at org.apache.catalina.core.ApplicationFilterChain.internalDoFilter(ApplicationFilterChain.java:174) ~[tomcat-embed-core-10.1.19.jar:10.1.19]
	at org.apache.catalina.core.ApplicationFilterChain.doFilter(ApplicationFilterChain.java:149) ~[tomcat-embed-core-10.1.19.jar:10.1.19]
	at org.springframework.web.filter.ServerHttpObservationFilter.doFilterInternal(ServerHttpObservationFilter.java:109) ~[spring-web-6.1.5.jar:6.1.5]
	at org.springframework.web.filter.OncePerRequestFilter.doFilter(OncePerRequestFilter.java:116) ~[spring-web-6.1.5.jar:6.1.5]
	at org.apache.catalina.core.ApplicationFilterChain.internalDoFilter(ApplicationFilterChain.java:174) ~[tomcat-embed-core-10.1.19.jar:10.1.19]
	at org.apache.catalina.core.ApplicationFilterChain.doFilter(ApplicationFilterChain.java:149) ~[tomcat-embed-core-10.1.19.jar:10.1.19]
	at org.springframework.web.filter.CharacterEncodingFilter.doFilterInternal(CharacterEncodingFilter.java:201) ~[spring-web-6.1.5.jar:6.1.5]
	at org.springframework.web.filter.OncePerRequestFilter.doFilter(OncePerRequestFilter.java:116) ~[spring-web-6.1.5.jar:6.1.5]
	at org.apache.catalina.core.ApplicationFilterChain.internalDoFilter(ApplicationFilterChain.java:174) ~[tomcat-embed-core-10.1.19.jar:10.1.19]
	at org.apache.catalina.core.ApplicationFilterChain.doFilter(ApplicationFilterChain.java:149) ~[tomcat-embed-core-10.1.19.jar:10.1.19]
	at org.apache.catalina.core.StandardWrapperValve.invoke(StandardWrapperValve.java:167) ~[tomcat-embed-core-10.1.19.jar:10.1.19]
	at org.apache.catalina.core.StandardContextValve.invoke(StandardContextValve.java:90) ~[tomcat-embed-core-10.1.19.jar:10.1.19]
	at org.apache.catalina.authenticator.AuthenticatorBase.invoke(AuthenticatorBase.java:482) ~[tomcat-embed-core-10.1.19.jar:10.1.19]
	at org.apache.catalina.core.StandardHostValve.invoke(StandardHostValve.java:115) ~[tomcat-embed-core-10.1.19.jar:10.1.19]
	at org.apache.catalina.valves.ErrorReportValve.invoke(ErrorReportValve.java:93) ~[tomcat-embed-core-10.1.19.jar:10.1.19]
	at org.apache.catalina.core.StandardEngineValve.invoke(StandardEngineValve.java:74) ~[tomcat-embed-core-10.1.19.jar:10.1.19]
	at org.apache.catalina.connector.CoyoteAdapter.service(CoyoteAdapter.java:344) ~[tomcat-embed-core-10.1.19.jar:10.1.19]
	at org.apache.coyote.http11.Http11Processor.service(Http11Processor.java:391) ~[tomcat-embed-core-10.1.19.jar:10.1.19]
	at org.apache.coyote.AbstractProcessorLight.process(AbstractProcessorLight.java:63) ~[tomcat-embed-core-10.1.19.jar:10.1.19]
	at org.apache.coyote.AbstractProtocol$ConnectionHandler.process(AbstractProtocol.java:896) ~[tomcat-embed-core-10.1.19.jar:10.1.19]
	at org.apache.tomcat.util.net.NioEndpoint$SocketProcessor.doRun(NioEndpoint.java:1744) ~[tomcat-embed-core-10.1.19.jar:10.1.19]
	at org.apache.tomcat.util.net.SocketProcessorBase.run(SocketProcessorBase.java:52) ~[tomcat-embed-core-10.1.19.jar:10.1.19]
	at org.apache.tomcat.util.threads.ThreadPoolExecutor.runWorker(ThreadPoolExecutor.java:1191) ~[tomcat-embed-core-10.1.19.jar:10.1.19]
	at org.apache.tomcat.util.threads.ThreadPoolExecutor$Worker.run(ThreadPoolExecutor.java:659) ~[tomcat-embed-core-10.1.19.jar:10.1.19]
	at org.apache.tomcat.util.threads.TaskThread$WrappingRunnable.run(TaskThread.java:63) ~[tomcat-embed-core-10.1.19.jar:10.1.19]
	at java.base/java.lang.Thread.run(Thread.java:1583) ~[na:na]

2026-09-02T21:12:11.133+05:30 DEBUG 26148 --- [smartwatch-leaderboard] [http-nio-8081-exec-6] o.s.security.web.FilterChainProxy        : Securing POST /auth/register
2026-09-02T21:12:11.136+05:30 DEBUG 26148 --- [smartwatch-leaderboard] [http-nio-8081-exec-6] o.s.s.w.a.AnonymousAuthenticationFilter  : Set SecurityContextHolder to anonymous SecurityContext
2026-09-02T21:12:11.139+05:30 DEBUG 26148 --- [smartwatch-leaderboard] [http-nio-8081-exec-6] o.s.security.web.FilterChainProxy        : Secured POST /auth/register
2026-09-02T21:12:11.177+05:30 ERROR 26148 --- [smartwatch-leaderboard] [http-nio-8081-exec-6] c.s.l.exception.GlobalExceptionHandler   : Unhandled exception [IllegalArgumentException]: Device not found: 1

java.lang.IllegalArgumentException: Device not found: 1
	at com.smartwatch.leaderboard.service.AuthService.lambda$register$0(AuthService.java:45) ~[classes/:na]
	at java.base/java.util.Optional.orElseThrow(Optional.java:403) ~[na:na]
	at com.smartwatch.leaderboard.service.AuthService.register(AuthService.java:45) ~[classes/:na]
	at java.base/jdk.internal.reflect.DirectMethodHandleAccessor.invoke(DirectMethodHandleAccessor.java:103) ~[na:na]
	at java.base/java.lang.reflect.Method.invoke(Method.java:580) ~[na:na]
	at org.springframework.aop.support.AopUtils.invokeJoinpointUsingReflection(AopUtils.java:351) ~[spring-aop-6.1.5.jar:6.1.5]
	at org.springframework.aop.framework.ReflectiveMethodInvocation.invokeJoinpoint(ReflectiveMethodInvocation.java:196) ~[spring-aop-6.1.5.jar:6.1.5]
	at org.springframework.aop.framework.ReflectiveMethodInvocation.proceed(ReflectiveMethodInvocation.java:163) ~[spring-aop-6.1.5.jar:6.1.5]
	at org.springframework.aop.framework.CglibAopProxy$CglibMethodInvocation.proceed(CglibAopProxy.java:765) ~[spring-aop-6.1.5.jar:6.1.5]
	at org.springframework.transaction.interceptor.TransactionInterceptor$1.proceedWithInvocation(TransactionInterceptor.java:123) ~[spring-tx-6.1.5.jar:6.1.5]
	at org.springframework.transaction.interceptor.TransactionAspectSupport.invokeWithinTransaction(TransactionAspectSupport.java:392) ~[spring-tx-6.1.5.jar:6.1.5]
	at org.springframework.transaction.interceptor.TransactionInterceptor.invoke(TransactionInterceptor.java:119) ~[spring-tx-6.1.5.jar:6.1.5]
	at org.springframework.aop.framework.ReflectiveMethodInvocation.proceed(ReflectiveMethodInvocation.java:184) ~[spring-aop-6.1.5.jar:6.1.5]
	at org.springframework.aop.framework.CglibAopProxy$CglibMethodInvocation.proceed(CglibAopProxy.java:765) ~[spring-aop-6.1.5.jar:6.1.5]
	at org.springframework.aop.framework.CglibAopProxy$DynamicAdvisedInterceptor.intercept(CglibAopProxy.java:717) ~[spring-aop-6.1.5.jar:6.1.5]
	at com.smartwatch.leaderboard.service.AuthService$$SpringCGLIB$$0.register(<generated>) ~[classes/:na]
	at com.smartwatch.leaderboard.controller.AuthController.register(AuthController.java:30) ~[classes/:na]
	at java.base/jdk.internal.reflect.DirectMethodHandleAccessor.invoke(DirectMethodHandleAccessor.java:103) ~[na:na]
	at java.base/java.lang.reflect.Method.invoke(Method.java:580) ~[na:na]
	at org.springframework.web.method.support.InvocableHandlerMethod.doInvoke(InvocableHandlerMethod.java:255) ~[spring-web-6.1.5.jar:6.1.5]
	at org.springframework.web.method.support.InvocableHandlerMethod.invokeForRequest(InvocableHandlerMethod.java:188) ~[spring-web-6.1.5.jar:6.1.5]
	at org.springframework.web.servlet.mvc.method.annotation.ServletInvocableHandlerMethod.invokeAndHandle(ServletInvocableHandlerMethod.java:118) ~[spring-webmvc-6.1.5.jar:6.1.5]
	at org.springframework.web.servlet.mvc.method.annotation.RequestMappingHandlerAdapter.invokeHandlerMethod(RequestMappingHandlerAdapter.java:925) ~[spring-webmvc-6.1.5.jar:6.1.5]
	at org.springframework.web.servlet.mvc.method.annotation.RequestMappingHandlerAdapter.handleInternal(RequestMappingHandlerAdapter.java:830) ~[spring-webmvc-6.1.5.jar:6.1.5]
	at org.springframework.web.servlet.mvc.method.AbstractHandlerMethodAdapter.handle(AbstractHandlerMethodAdapter.java:87) ~[spring-webmvc-6.1.5.jar:6.1.5]
	at org.springframework.web.servlet.DispatcherServlet.doDispatch(DispatcherServlet.java:1089) ~[spring-webmvc-6.1.5.jar:6.1.5]
	at org.springframework.web.servlet.DispatcherServlet.doService(DispatcherServlet.java:979) ~[spring-webmvc-6.1.5.jar:6.1.5]
	at org.springframework.web.servlet.FrameworkServlet.processRequest(FrameworkServlet.java:1014) ~[spring-webmvc-6.1.5.jar:6.1.5]
	at org.springframework.web.servlet.FrameworkServlet.doPost(FrameworkServlet.java:914) ~[spring-webmvc-6.1.5.jar:6.1.5]
	at jakarta.servlet.http.HttpServlet.service(HttpServlet.java:590) ~[tomcat-embed-core-10.1.19.jar:6.0]
	at org.springframework.web.servlet.FrameworkServlet.service(FrameworkServlet.java:885) ~[spring-webmvc-6.1.5.jar:6.1.5]
	at jakarta.servlet.http.HttpServlet.service(HttpServlet.java:658) ~[tomcat-embed-core-10.1.19.jar:6.0]
	at org.apache.catalina.core.ApplicationFilterChain.internalDoFilter(ApplicationFilterChain.java:205) ~[tomcat-embed-core-10.1.19.jar:10.1.19]
	at org.apache.catalina.core.ApplicationFilterChain.doFilter(ApplicationFilterChain.java:149) ~[tomcat-embed-core-10.1.19.jar:10.1.19]
	at org.apache.tomcat.websocket.server.WsFilter.doFilter(WsFilter.java:51) ~[tomcat-embed-websocket-10.1.19.jar:10.1.19]
	at org.apache.catalina.core.ApplicationFilterChain.internalDoFilter(ApplicationFilterChain.java:174) ~[tomcat-embed-core-10.1.19.jar:10.1.19]
	at org.apache.catalina.core.ApplicationFilterChain.doFilter(ApplicationFilterChain.java:149) ~[tomcat-embed-core-10.1.19.jar:10.1.19]
	at org.springframework.web.filter.OncePerRequestFilter.doFilter(OncePerRequestFilter.java:110) ~[spring-web-6.1.5.jar:6.1.5]
	at org.apache.catalina.core.ApplicationFilterChain.internalDoFilter(ApplicationFilterChain.java:174) ~[tomcat-embed-core-10.1.19.jar:10.1.19]
	at org.apache.catalina.core.ApplicationFilterChain.doFilter(ApplicationFilterChain.java:149) ~[tomcat-embed-core-10.1.19.jar:10.1.19]
	at org.springframework.web.filter.CompositeFilter$VirtualFilterChain.doFilter(CompositeFilter.java:108) ~[spring-web-6.1.5.jar:6.1.5]
	at org.springframework.security.web.FilterChainProxy.lambda$doFilterInternal$3(FilterChainProxy.java:231) ~[spring-security-web-6.2.3.jar:6.2.3]
	at org.springframework.security.web.ObservationFilterChainDecorator$FilterObservation$SimpleFilterObservation.lambda$wrap$1(ObservationFilterChainDecorator.java:479) ~[spring-security-web-6.2.3.jar:6.2.3]
	at org.springframework.security.web.ObservationFilterChainDecorator$AroundFilterObservation$SimpleAroundFilterObservation.lambda$wrap$1(ObservationFilterChainDecorator.java:340) ~[spring-security-web-6.2.3.jar:6.2.3]
	at org.springframework.security.web.ObservationFilterChainDecorator.lambda$wrapSecured$0(ObservationFilterChainDecorator.java:82) ~[spring-security-web-6.2.3.jar:6.2.3]
	at org.springframework.security.web.ObservationFilterChainDecorator$VirtualFilterChain.doFilter(ObservationFilterChainDecorator.java:128) ~[spring-security-web-6.2.3.jar:6.2.3]
	at org.springframework.security.web.access.intercept.AuthorizationFilter.doFilter(AuthorizationFilter.java:100) ~[spring-security-web-6.2.3.jar:6.2.3]
	at org.springframework.security.web.ObservationFilterChainDecorator$ObservationFilter.wrapFilter(ObservationFilterChainDecorator.java:240) ~[spring-security-web-6.2.3.jar:6.2.3]
	at org.springframework.security.web.ObservationFilterChainDecorator$ObservationFilter.doFilter(ObservationFilterChainDecorator.java:227) ~[spring-security-web-6.2.3.jar:6.2.3]
	at org.springframework.security.web.ObservationFilterChainDecorator$VirtualFilterChain.doFilter(ObservationFilterChainDecorator.java:137) ~[spring-security-web-6.2.3.jar:6.2.3]
	at org.springframework.security.web.access.ExceptionTranslationFilter.doFilter(ExceptionTranslationFilter.java:126) ~[spring-security-web-6.2.3.jar:6.2.3]
	at org.springframework.security.web.access.ExceptionTranslationFilter.doFilter(ExceptionTranslationFilter.java:120) ~[spring-security-web-6.2.3.jar:6.2.3]
	at org.springframework.security.web.ObservationFilterChainDecorator$ObservationFilter.wrapFilter(ObservationFilterChainDecorator.java:240) ~[spring-security-web-6.2.3.jar:6.2.3]
	at org.springframework.security.web.ObservationFilterChainDecorator$ObservationFilter.doFilter(ObservationFilterChainDecorator.java:227) ~[spring-security-web-6.2.3.jar:6.2.3]
	at org.springframework.security.web.ObservationFilterChainDecorator$VirtualFilterChain.doFilter(ObservationFilterChainDecorator.java:137) ~[spring-security-web-6.2.3.jar:6.2.3]
	at org.springframework.security.web.session.SessionManagementFilter.doFilter(SessionManagementFilter.java:131) ~[spring-security-web-6.2.3.jar:6.2.3]
	at org.springframework.security.web.session.SessionManagementFilter.doFilter(SessionManagementFilter.java:85) ~[spring-security-web-6.2.3.jar:6.2.3]
	at org.springframework.security.web.ObservationFilterChainDecorator$ObservationFilter.wrapFilter(ObservationFilterChainDecorator.java:240) ~[spring-security-web-6.2.3.jar:6.2.3]
	at org.springframework.security.web.ObservationFilterChainDecorator$ObservationFilter.doFilter(ObservationFilterChainDecorator.java:227) ~[spring-security-web-6.2.3.jar:6.2.3]
	at org.springframework.security.web.ObservationFilterChainDecorator$VirtualFilterChain.doFilter(ObservationFilterChainDecorator.java:137) ~[spring-security-web-6.2.3.jar:6.2.3]
	at org.springframework.security.web.authentication.AnonymousAuthenticationFilter.doFilter(AnonymousAuthenticationFilter.java:100) ~[spring-security-web-6.2.3.jar:6.2.3]
	at org.springframework.security.web.ObservationFilterChainDecorator$ObservationFilter.wrapFilter(ObservationFilterChainDecorator.java:240) ~[spring-security-web-6.2.3.jar:6.2.3]
	at org.springframework.security.web.ObservationFilterChainDecorator$ObservationFilter.doFilter(ObservationFilterChainDecorator.java:227) ~[spring-security-web-6.2.3.jar:6.2.3]
	at org.springframework.security.web.ObservationFilterChainDecorator$VirtualFilterChain.doFilter(ObservationFilterChainDecorator.java:137) ~[spring-security-web-6.2.3.jar:6.2.3]
	at org.springframework.security.web.servletapi.SecurityContextHolderAwareRequestFilter.doFilter(SecurityContextHolderAwareRequestFilter.java:179) ~[spring-security-web-6.2.3.jar:6.2.3]
	at org.springframework.security.web.ObservationFilterChainDecorator$ObservationFilter.wrapFilter(ObservationFilterChainDecorator.java:240) ~[spring-security-web-6.2.3.jar:6.2.3]
	at org.springframework.security.web.ObservationFilterChainDecorator$ObservationFilter.doFilter(ObservationFilterChainDecorator.java:227) ~[spring-security-web-6.2.3.jar:6.2.3]
	at org.springframework.security.web.ObservationFilterChainDecorator$VirtualFilterChain.doFilter(ObservationFilterChainDecorator.java:137) ~[spring-security-web-6.2.3.jar:6.2.3]
	at org.springframework.security.web.savedrequest.RequestCacheAwareFilter.doFilter(RequestCacheAwareFilter.java:63) ~[spring-security-web-6.2.3.jar:6.2.3]
	at org.springframework.security.web.ObservationFilterChainDecorator$ObservationFilter.wrapFilter(ObservationFilterChainDecorator.java:240) ~[spring-security-web-6.2.3.jar:6.2.3]
	at org.springframework.security.web.ObservationFilterChainDecorator$ObservationFilter.doFilter(ObservationFilterChainDecorator.java:227) ~[spring-security-web-6.2.3.jar:6.2.3]
	at org.springframework.security.web.ObservationFilterChainDecorator$VirtualFilterChain.doFilter(ObservationFilterChainDecorator.java:137) ~[spring-security-web-6.2.3.jar:6.2.3]
	at com.smartwatch.leaderboard.utils.JwtAuthFilter.doFilterInternal(JwtAuthFilter.java:44) ~[classes/:na]
	at org.springframework.web.filter.OncePerRequestFilter.doFilter(OncePerRequestFilter.java:116) ~[spring-web-6.1.5.jar:6.1.5]
	at org.springframework.security.web.ObservationFilterChainDecorator$ObservationFilter.wrapFilter(ObservationFilterChainDecorator.java:240) ~[spring-security-web-6.2.3.jar:6.2.3]
	at org.springframework.security.web.ObservationFilterChainDecorator$ObservationFilter.doFilter(ObservationFilterChainDecorator.java:227) ~[spring-security-web-6.2.3.jar:6.2.3]
	at org.springframework.security.web.ObservationFilterChainDecorator$VirtualFilterChain.doFilter(ObservationFilterChainDecorator.java:137) ~[spring-security-web-6.2.3.jar:6.2.3]
	at org.springframework.security.web.authentication.logout.LogoutFilter.doFilter(LogoutFilter.java:107) ~[spring-security-web-6.2.3.jar:6.2.3]
	at org.springframework.security.web.authentication.logout.LogoutFilter.doFilter(LogoutFilter.java:93) ~[spring-security-web-6.2.3.jar:6.2.3]
	at org.springframework.security.web.ObservationFilterChainDecorator$ObservationFilter.wrapFilter(ObservationFilterChainDecorator.java:240) ~[spring-security-web-6.2.3.jar:6.2.3]
	at org.springframework.security.web.ObservationFilterChainDecorator$ObservationFilter.doFilter(ObservationFilterChainDecorator.java:227) ~[spring-security-web-6.2.3.jar:6.2.3]
	at org.springframework.security.web.ObservationFilterChainDecorator$VirtualFilterChain.doFilter(ObservationFilterChainDecorator.java:137) ~[spring-security-web-6.2.3.jar:6.2.3]
	at org.springframework.web.filter.CorsFilter.doFilterInternal(CorsFilter.java:91) ~[spring-web-6.1.5.jar:6.1.5]
	at org.springframework.web.filter.OncePerRequestFilter.doFilter(OncePerRequestFilter.java:116) ~[spring-web-6.1.5.jar:6.1.5]
	at org.springframework.security.web.ObservationFilterChainDecorator$ObservationFilter.wrapFilter(ObservationFilterChainDecorator.java:240) ~[spring-security-web-6.2.3.jar:6.2.3]
	at org.springframework.security.web.ObservationFilterChainDecorator$ObservationFilter.doFilter(ObservationFilterChainDecorator.java:227) ~[spring-security-web-6.2.3.jar:6.2.3]
	at org.springframework.security.web.ObservationFilterChainDecorator$VirtualFilterChain.doFilter(ObservationFilterChainDecorator.java:137) ~[spring-security-web-6.2.3.jar:6.2.3]
	at org.springframework.security.web.header.HeaderWriterFilter.doHeadersAfter(HeaderWriterFilter.java:90) ~[spring-security-web-6.2.3.jar:6.2.3]
	at org.springframework.security.web.header.HeaderWriterFilter.doFilterInternal(HeaderWriterFilter.java:75) ~[spring-security-web-6.2.3.jar:6.2.3]
	at org.springframework.web.filter.OncePerRequestFilter.doFilter(OncePerRequestFilter.java:116) ~[spring-web-6.1.5.jar:6.1.5]
	at org.springframework.security.web.ObservationFilterChainDecorator$ObservationFilter.wrapFilter(ObservationFilterChainDecorator.java:240) ~[spring-security-web-6.2.3.jar:6.2.3]
	at org.springframework.security.web.ObservationFilterChainDecorator$ObservationFilter.doFilter(ObservationFilterChainDecorator.java:227) ~[spring-security-web-6.2.3.jar:6.2.3]
	at org.springframework.security.web.ObservationFilterChainDecorator$VirtualFilterChain.doFilter(ObservationFilterChainDecorator.java:137) ~[spring-security-web-6.2.3.jar:6.2.3]
	at org.springframework.security.web.context.SecurityContextHolderFilter.doFilter(SecurityContextHolderFilter.java:82) ~[spring-security-web-6.2.3.jar:6.2.3]
	at org.springframework.security.web.context.SecurityContextHolderFilter.doFilter(SecurityContextHolderFilter.java:69) ~[spring-security-web-6.2.3.jar:6.2.3]
	at org.springframework.security.web.ObservationFilterChainDecorator$ObservationFilter.wrapFilter(ObservationFilterChainDecorator.java:240) ~[spring-security-web-6.2.3.jar:6.2.3]
	at org.springframework.security.web.ObservationFilterChainDecorator$ObservationFilter.doFilter(ObservationFilterChainDecorator.java:227) ~[spring-security-web-6.2.3.jar:6.2.3]
	at org.springframework.security.web.ObservationFilterChainDecorator$VirtualFilterChain.doFilter(ObservationFilterChainDecorator.java:137) ~[spring-security-web-6.2.3.jar:6.2.3]
	at org.springframework.security.web.context.request.async.WebAsyncManagerIntegrationFilter.doFilterInternal(WebAsyncManagerIntegrationFilter.java:62) ~[spring-security-web-6.2.3.jar:6.2.3]
	at org.springframework.web.filter.OncePerRequestFilter.doFilter(OncePerRequestFilter.java:116) ~[spring-web-6.1.5.jar:6.1.5]
	at org.springframework.security.web.ObservationFilterChainDecorator$ObservationFilter.wrapFilter(ObservationFilterChainDecorator.java:240) ~[spring-security-web-6.2.3.jar:6.2.3]
	at org.springframework.security.web.ObservationFilterChainDecorator$ObservationFilter.doFilter(ObservationFilterChainDecorator.java:227) ~[spring-security-web-6.2.3.jar:6.2.3]
	at org.springframework.security.web.ObservationFilterChainDecorator$VirtualFilterChain.doFilter(ObservationFilterChainDecorator.java:137) ~[spring-security-web-6.2.3.jar:6.2.3]
	at org.springframework.security.web.session.DisableEncodeUrlFilter.doFilterInternal(DisableEncodeUrlFilter.java:42) ~[spring-security-web-6.2.3.jar:6.2.3]
	at org.springframework.web.filter.OncePerRequestFilter.doFilter(OncePerRequestFilter.java:116) ~[spring-web-6.1.5.jar:6.1.5]
	at org.springframework.security.web.ObservationFilterChainDecorator$ObservationFilter.wrapFilter(ObservationFilterChainDecorator.java:240) ~[spring-security-web-6.2.3.jar:6.2.3]
	at org.springframework.security.web.ObservationFilterChainDecorator$AroundFilterObservation$SimpleAroundFilterObservation.lambda$wrap$0(ObservationFilterChainDecorator.java:323) ~[spring-security-web-6.2.3.jar:6.2.3]
	at org.springframework.security.web.ObservationFilterChainDecorator$ObservationFilter.doFilter(ObservationFilterChainDecorator.java:224) ~[spring-security-web-6.2.3.jar:6.2.3]
	at org.springframework.security.web.ObservationFilterChainDecorator$VirtualFilterChain.doFilter(ObservationFilterChainDecorator.java:137) ~[spring-security-web-6.2.3.jar:6.2.3]
	at org.springframework.security.web.FilterChainProxy.doFilterInternal(FilterChainProxy.java:233) ~[spring-security-web-6.2.3.jar:6.2.3]
	at org.springframework.security.web.FilterChainProxy.doFilter(FilterChainProxy.java:191) ~[spring-security-web-6.2.3.jar:6.2.3]
	at org.springframework.web.filter.CompositeFilter$VirtualFilterChain.doFilter(CompositeFilter.java:113) ~[spring-web-6.1.5.jar:6.1.5]
	at org.springframework.web.servlet.handler.HandlerMappingIntrospector.lambda$createCacheFilter$3(HandlerMappingIntrospector.java:195) ~[spring-webmvc-6.1.5.jar:6.1.5]
	at org.springframework.web.filter.CompositeFilter$VirtualFilterChain.doFilter(CompositeFilter.java:113) ~[spring-web-6.1.5.jar:6.1.5]
	at org.springframework.web.filter.CompositeFilter.doFilter(CompositeFilter.java:74) ~[spring-web-6.1.5.jar:6.1.5]
	at org.springframework.security.config.annotation.web.configuration.WebMvcSecurityConfiguration$CompositeFilterChainProxy.doFilter(WebMvcSecurityConfiguration.java:230) ~[spring-security-config-6.2.3.jar:6.2.3]
	at org.springframework.web.filter.DelegatingFilterProxy.invokeDelegate(DelegatingFilterProxy.java:352) ~[spring-web-6.1.5.jar:6.1.5]
	at org.springframework.web.filter.DelegatingFilterProxy.doFilter(DelegatingFilterProxy.java:268) ~[spring-web-6.1.5.jar:6.1.5]
	at org.apache.catalina.core.ApplicationFilterChain.internalDoFilter(ApplicationFilterChain.java:174) ~[tomcat-embed-core-10.1.19.jar:10.1.19]
	at org.apache.catalina.core.ApplicationFilterChain.doFilter(ApplicationFilterChain.java:149) ~[tomcat-embed-core-10.1.19.jar:10.1.19]
	at org.springframework.web.filter.RequestContextFilter.doFilterInternal(RequestContextFilter.java:100) ~[spring-web-6.1.5.jar:6.1.5]
	at org.springframework.web.filter.OncePerRequestFilter.doFilter(OncePerRequestFilter.java:116) ~[spring-web-6.1.5.jar:6.1.5]
	at org.apache.catalina.core.ApplicationFilterChain.internalDoFilter(ApplicationFilterChain.java:174) ~[tomcat-embed-core-10.1.19.jar:10.1.19]
	at org.apache.catalina.core.ApplicationFilterChain.doFilter(ApplicationFilterChain.java:149) ~[tomcat-embed-core-10.1.19.jar:10.1.19]
	at org.springframework.web.filter.FormContentFilter.doFilterInternal(FormContentFilter.java:93) ~[spring-web-6.1.5.jar:6.1.5]
	at org.springframework.web.filter.OncePerRequestFilter.doFilter(OncePerRequestFilter.java:116) ~[spring-web-6.1.5.jar:6.1.5]
	at org.apache.catalina.core.ApplicationFilterChain.internalDoFilter(ApplicationFilterChain.java:174) ~[tomcat-embed-core-10.1.19.jar:10.1.19]
	at org.apache.catalina.core.ApplicationFilterChain.doFilter(ApplicationFilterChain.java:149) ~[tomcat-embed-core-10.1.19.jar:10.1.19]
	at org.springframework.web.filter.ServerHttpObservationFilter.doFilterInternal(ServerHttpObservationFilter.java:109) ~[spring-web-6.1.5.jar:6.1.5]
	at org.springframework.web.filter.OncePerRequestFilter.doFilter(OncePerRequestFilter.java:116) ~[spring-web-6.1.5.jar:6.1.5]
	at org.apache.catalina.core.ApplicationFilterChain.internalDoFilter(ApplicationFilterChain.java:174) ~[tomcat-embed-core-10.1.19.jar:10.1.19]
	at org.apache.catalina.core.ApplicationFilterChain.doFilter(ApplicationFilterChain.java:149) ~[tomcat-embed-core-10.1.19.jar:10.1.19]
	at org.springframework.web.filter.CharacterEncodingFilter.doFilterInternal(CharacterEncodingFilter.java:201) ~[spring-web-6.1.5.jar:6.1.5]
	at org.springframework.web.filter.OncePerRequestFilter.doFilter(OncePerRequestFilter.java:116) ~[spring-web-6.1.5.jar:6.1.5]
	at org.apache.catalina.core.ApplicationFilterChain.internalDoFilter(ApplicationFilterChain.java:174) ~[tomcat-embed-core-10.1.19.jar:10.1.19]
	at org.apache.catalina.core.ApplicationFilterChain.doFilter(ApplicationFilterChain.java:149) ~[tomcat-embed-core-10.1.19.jar:10.1.19]
	at org.apache.catalina.core.StandardWrapperValve.invoke(StandardWrapperValve.java:167) ~[tomcat-embed-core-10.1.19.jar:10.1.19]
	at org.apache.catalina.core.StandardContextValve.invoke(StandardContextValve.java:90) ~[tomcat-embed-core-10.1.19.jar:10.1.19]
	at org.apache.catalina.authenticator.AuthenticatorBase.invoke(AuthenticatorBase.java:482) ~[tomcat-embed-core-10.1.19.jar:10.1.19]
	at org.apache.catalina.core.StandardHostValve.invoke(StandardHostValve.java:115) ~[tomcat-embed-core-10.1.19.jar:10.1.19]
	at org.apache.catalina.valves.ErrorReportValve.invoke(ErrorReportValve.java:93) ~[tomcat-embed-core-10.1.19.jar:10.1.19]
	at org.apache.catalina.core.StandardEngineValve.invoke(StandardEngineValve.java:74) ~[tomcat-embed-core-10.1.19.jar:10.1.19]
	at org.apache.catalina.connector.CoyoteAdapter.service(CoyoteAdapter.java:344) ~[tomcat-embed-core-10.1.19.jar:10.1.19]
	at org.apache.coyote.http11.Http11Processor.service(Http11Processor.java:391) ~[tomcat-embed-core-10.1.19.jar:10.1.19]
	at org.apache.coyote.AbstractProcessorLight.process(AbstractProcessorLight.java:63) ~[tomcat-embed-core-10.1.19.jar:10.1.19]
	at org.apache.coyote.AbstractProtocol$ConnectionHandler.process(AbstractProtocol.java:896) ~[tomcat-embed-core-10.1.19.jar:10.1.19]
	at org.apache.tomcat.util.net.NioEndpoint$SocketProcessor.doRun(NioEndpoint.java:1744) ~[tomcat-embed-core-10.1.19.jar:10.1.19]
	at org.apache.tomcat.util.net.SocketProcessorBase.run(SocketProcessorBase.java:52) ~[tomcat-embed-core-10.1.19.jar:10.1.19]
	at org.apache.tomcat.util.threads.ThreadPoolExecutor.runWorker(ThreadPoolExecutor.java:1191) ~[tomcat-embed-core-10.1.19.jar:10.1.19]
	at org.apache.tomcat.util.threads.ThreadPoolExecutor$Worker.run(ThreadPoolExecutor.java:659) ~[tomcat-embed-core-10.1.19.jar:10.1.19]
	at org.apache.tomcat.util.threads.TaskThread$WrappingRunnable.run(TaskThread.java:63) ~[tomcat-embed-core-10.1.19.jar:10.1.19]
	at java.base/java.lang.Thread.run(Thread.java:1583) ~[na:na]

2026-09-02T21:12:44.264+05:30  WARN 26148 --- [smartwatch-leaderboard] [SpringApplicationShutdownHook] o.s.b.f.support.DisposableBeanAdapter    : Custom destroy method 'close' on bean with name 'userLevelReader' propagated an exception: org.springframework.batch.item.ItemStreamException: Error while closing item reader
2026-09-02T21:12:44.267+05:30  WARN 26148 --- [smartwatch-leaderboard] [SpringApplicationShutdownHook] o.s.b.f.support.DisposableBeanAdapter    : Custom destroy method 'close' on bean with name 'userChallengeReader' propagated an exception: org.springframework.batch.item.ItemStreamException: Error while closing item reader
2026-09-02T21:12:44.280+05:30  INFO 26148 --- [smartwatch-leaderboard] [SpringApplicationShutdownHook] j.LocalContainerEntityManagerFactoryBean : Closing JPA EntityManagerFactory for persistence unit 'default'
2026-09-02T21:12:44.312+05:30  INFO 26148 --- [smartwatch-leaderboard] [SpringApplicationShutdownHook] com.zaxxer.hikari.HikariDataSource       : HikariPool-1 - Shutdown initiated...
2026-09-02T21:12:44.318+05:30  INFO 26148 --- [smartwatch-leaderboard] [SpringApplicationShutdownHook] com.zaxxer.hikari.HikariDataSource       : HikariPool-1 - Shutdown completed.
2026-09-02T21:13:11.464+05:30  INFO 26920 --- [smartwatch-leaderboard] [main] c.s.leaderboard.SmartwatchLeaderboard    : Starting SmartwatchLeaderboard using Java 21.0.2 with PID 26920 (C:\Users\PC\smartwatch_application\target\classes started by PC in C:\Users\PC\smartwatch_application)
2026-09-02T21:13:11.468+05:30  INFO 26920 --- [smartwatch-leaderboard] [main] c.s.leaderboard.SmartwatchLeaderboard    : The following 1 profile is active: "local"
2026-09-02T21:13:14.736+05:30  INFO 26920 --- [smartwatch-leaderboard] [main] .s.d.r.c.RepositoryConfigurationDelegate : Bootstrapping Spring Data JPA repositories in DEFAULT mode.
2026-09-02T21:13:14.956+05:30  INFO 26920 --- [smartwatch-leaderboard] [main] .s.d.r.c.RepositoryConfigurationDelegate : Finished Spring Data repository scanning in 192 ms. Found 11 JPA repository interfaces.
2026-09-02T21:13:17.375+05:30  WARN 26920 --- [smartwatch-leaderboard] [main] trationDelegate$BeanPostProcessorChecker : Bean 'org.springframework.boot.autoconfigure.jdbc.DataSourceConfiguration$Hikari' of type [org.springframework.boot.autoconfigure.jdbc.DataSourceConfiguration$Hikari] is not eligible for getting processed by all BeanPostProcessors (for example: not eligible for auto-proxying). Is this bean getting eagerly injected into a currently created BeanPostProcessor [jobRegistryBeanPostProcessor]? Check the corresponding BeanPostProcessor declaration and its dependencies.
2026-09-02T21:13:17.411+05:30  WARN 26920 --- [smartwatch-leaderboard] [main] trationDelegate$BeanPostProcessorChecker : Bean 'spring.datasource-org.springframework.boot.autoconfigure.jdbc.DataSourceProperties' of type [org.springframework.boot.autoconfigure.jdbc.DataSourceProperties] is not eligible for getting processed by all BeanPostProcessors (for example: not eligible for auto-proxying). Is this bean getting eagerly injected into a currently created BeanPostProcessor [jobRegistryBeanPostProcessor]? Check the corresponding BeanPostProcessor declaration and its dependencies.
2026-09-02T21:13:17.423+05:30  WARN 26920 --- [smartwatch-leaderboard] [main] trationDelegate$BeanPostProcessorChecker : Bean 'org.springframework.boot.autoconfigure.jdbc.DataSourceAutoConfiguration$PooledDataSourceConfiguration' of type [org.springframework.boot.autoconfigure.jdbc.DataSourceAutoConfiguration$PooledDataSourceConfiguration] is not eligible for getting processed by all BeanPostProcessors (for example: not eligible for auto-proxying). Is this bean getting eagerly injected into a currently created BeanPostProcessor [jobRegistryBeanPostProcessor]? Check the corresponding BeanPostProcessor declaration and its dependencies.
2026-09-02T21:13:17.430+05:30  WARN 26920 --- [smartwatch-leaderboard] [main] trationDelegate$BeanPostProcessorChecker : Bean 'jdbcConnectionDetails' of type [org.springframework.boot.autoconfigure.jdbc.PropertiesJdbcConnectionDetails] is not eligible for getting processed by all BeanPostProcessors (for example: not eligible for auto-proxying). Is this bean getting eagerly injected into a currently created BeanPostProcessor [jobRegistryBeanPostProcessor]? Check the corresponding BeanPostProcessor declaration and its dependencies.
2026-09-02T21:13:17.480+05:30  WARN 26920 --- [smartwatch-leaderboard] [main] trationDelegate$BeanPostProcessorChecker : Bean 'dataSource' of type [com.zaxxer.hikari.HikariDataSource] is not eligible for getting processed by all BeanPostProcessors (for example: not eligible for auto-proxying). Is this bean getting eagerly injected into a currently created BeanPostProcessor [jobRegistryBeanPostProcessor]? Check the corresponding BeanPostProcessor declaration and its dependencies.
2026-09-02T21:13:17.521+05:30  WARN 26920 --- [smartwatch-leaderboard] [main] trationDelegate$BeanPostProcessorChecker : Bean 'spring.jpa-org.springframework.boot.autoconfigure.orm.jpa.JpaProperties' of type [org.springframework.boot.autoconfigure.orm.jpa.JpaProperties] is not eligible for getting processed by all BeanPostProcessors (for example: not eligible for auto-proxying). Is this bean getting eagerly injected into a currently created BeanPostProcessor [jobRegistryBeanPostProcessor]? Check the corresponding BeanPostProcessor declaration and its dependencies.
2026-09-02T21:13:17.529+05:30  WARN 26920 --- [smartwatch-leaderboard] [main] trationDelegate$BeanPostProcessorChecker : Bean 'spring.jpa.hibernate-org.springframework.boot.autoconfigure.orm.jpa.HibernateProperties' of type [org.springframework.boot.autoconfigure.orm.jpa.HibernateProperties] is not eligible for getting processed by all BeanPostProcessors (for example: not eligible for auto-proxying). Is this bean getting eagerly injected into a currently created BeanPostProcessor [jobRegistryBeanPostProcessor]? Check the corresponding BeanPostProcessor declaration and its dependencies.
2026-09-02T21:13:17.543+05:30  WARN 26920 --- [smartwatch-leaderboard] [main] trationDelegate$BeanPostProcessorChecker : Bean 'org.springframework.boot.autoconfigure.jdbc.metadata.DataSourcePoolMetadataProvidersConfiguration$HikariPoolDataSourceMetadataProviderConfiguration' of type [org.springframework.boot.autoconfigure.jdbc.metadata.DataSourcePoolMetadataProvidersConfiguration$HikariPoolDataSourceMetadataProviderConfiguration] is not eligible for getting processed by all BeanPostProcessors (for example: not eligible for auto-proxying). Is this bean getting eagerly injected into a currently created BeanPostProcessor [jobRegistryBeanPostProcessor]? Check the corresponding BeanPostProcessor declaration and its dependencies.
2026-09-02T21:13:17.547+05:30  WARN 26920 --- [smartwatch-leaderboard] [main] trationDelegate$BeanPostProcessorChecker : Bean 'hikariPoolDataSourceMetadataProvider' of type [org.springframework.boot.autoconfigure.jdbc.metadata.DataSourcePoolMetadataProvidersConfiguration$HikariPoolDataSourceMetadataProviderConfiguration$$Lambda/0x00000226a0453560] is not eligible for getting processed by all BeanPostProcessors (for example: not eligible for auto-proxying). Is this bean getting eagerly injected into a currently created BeanPostProcessor [jobRegistryBeanPostProcessor]? Check the corresponding BeanPostProcessor declaration and its dependencies.
2026-09-02T21:13:17.567+05:30  WARN 26920 --- [smartwatch-leaderboard] [main] trationDelegate$BeanPostProcessorChecker : Bean 'org.springframework.boot.autoconfigure.orm.jpa.HibernateJpaConfiguration' of type [org.springframework.boot.autoconfigure.orm.jpa.HibernateJpaConfiguration] is not eligible for getting processed by all BeanPostProcessors (for example: not eligible for auto-proxying). Is this bean getting eagerly injected into a currently created BeanPostProcessor [jobRegistryBeanPostProcessor]? Check the corresponding BeanPostProcessor declaration and its dependencies.
2026-09-02T21:13:17.586+05:30  WARN 26920 --- [smartwatch-leaderboard] [main] trationDelegate$BeanPostProcessorChecker : Bean 'org.springframework.boot.autoconfigure.transaction.TransactionManagerCustomizationAutoConfiguration' of type [org.springframework.boot.autoconfigure.transaction.TransactionManagerCustomizationAutoConfiguration] is not eligible for getting processed by all BeanPostProcessors (for example: not eligible for auto-proxying). Is this bean getting eagerly injected into a currently created BeanPostProcessor [jobRegistryBeanPostProcessor]? Check the corresponding BeanPostProcessor declaration and its dependencies.
2026-09-02T21:13:17.596+05:30  WARN 26920 --- [smartwatch-leaderboard] [main] trationDelegate$BeanPostProcessorChecker : Bean 'transactionExecutionListeners' of type [org.springframework.boot.autoconfigure.transaction.ExecutionListenersTransactionManagerCustomizer] is not eligible for getting processed by all BeanPostProcessors (for example: not eligible for auto-proxying). Is this bean getting eagerly injected into a currently created BeanPostProcessor [jobRegistryBeanPostProcessor]? Check the corresponding BeanPostProcessor declaration and its dependencies.
2026-09-02T21:13:17.605+05:30  WARN 26920 --- [smartwatch-leaderboard] [main] trationDelegate$BeanPostProcessorChecker : Bean 'spring.transaction-org.springframework.boot.autoconfigure.transaction.TransactionProperties' of type [org.springframework.boot.autoconfigure.transaction.TransactionProperties] is not eligible for getting processed by all BeanPostProcessors (for example: not eligible for auto-proxying). Is this bean getting eagerly injected into a currently created BeanPostProcessor [jobRegistryBeanPostProcessor]? Check the corresponding BeanPostProcessor declaration and its dependencies.
2026-09-02T21:13:17.610+05:30  WARN 26920 --- [smartwatch-leaderboard] [main] trationDelegate$BeanPostProcessorChecker : Bean 'platformTransactionManagerCustomizers' of type [org.springframework.boot.autoconfigure.transaction.TransactionManagerCustomizers] is not eligible for getting processed by all BeanPostProcessors (for example: not eligible for auto-proxying). Is this bean getting eagerly injected into a currently created BeanPostProcessor [jobRegistryBeanPostProcessor]? Check the corresponding BeanPostProcessor declaration and its dependencies.
2026-09-02T21:13:17.637+05:30  WARN 26920 --- [smartwatch-leaderboard] [main] trationDelegate$BeanPostProcessorChecker : Bean 'org.springframework.boot.autoconfigure.sql.init.DataSourceInitializationConfiguration' of type [org.springframework.boot.autoconfigure.sql.init.DataSourceInitializationConfiguration] is not eligible for getting processed by all BeanPostProcessors (for example: not eligible for auto-proxying). Is this bean getting eagerly injected into a currently created BeanPostProcessor [jobRegistryBeanPostProcessor]? Check the corresponding BeanPostProcessor declaration and its dependencies.
2026-09-02T21:13:17.647+05:30  WARN 26920 --- [smartwatch-leaderboard] [main] trationDelegate$BeanPostProcessorChecker : Bean 'spring.sql.init-org.springframework.boot.autoconfigure.sql.init.SqlInitializationProperties' of type [org.springframework.boot.autoconfigure.sql.init.SqlInitializationProperties] is not eligible for getting processed by all BeanPostProcessors (for example: not eligible for auto-proxying). Is this bean getting eagerly injected into a currently created BeanPostProcessor [jobRegistryBeanPostProcessor]? Check the corresponding BeanPostProcessor declaration and its dependencies.
2026-09-02T21:13:17.658+05:30  WARN 26920 --- [smartwatch-leaderboard] [main] trationDelegate$BeanPostProcessorChecker : Bean 'dataSourceScriptDatabaseInitializer' of type [org.springframework.boot.autoconfigure.sql.init.SqlDataSourceScriptDatabaseInitializer] is not eligible for getting processed by all BeanPostProcessors (for example: not eligible for auto-proxying). Is this bean getting eagerly injected into a currently created BeanPostProcessor [jobRegistryBeanPostProcessor]? Check the corresponding BeanPostProcessor declaration and its dependencies.
2026-09-02T21:13:17.666+05:30  WARN 26920 --- [smartwatch-leaderboard] [main] trationDelegate$BeanPostProcessorChecker : Bean 'org.springframework.boot.autoconfigure.batch.BatchAutoConfiguration$DataSourceInitializerConfiguration' of type [org.springframework.boot.autoconfigure.batch.BatchAutoConfiguration$DataSourceInitializerConfiguration] is not eligible for getting processed by all BeanPostProcessors (for example: not eligible for auto-proxying). Is this bean getting eagerly injected into a currently created BeanPostProcessor [jobRegistryBeanPostProcessor]? Check the corresponding BeanPostProcessor declaration and its dependencies.
2026-09-02T21:13:17.697+05:30  WARN 26920 --- [smartwatch-leaderboard] [main] trationDelegate$BeanPostProcessorChecker : Bean 'spring.batch-org.springframework.boot.autoconfigure.batch.BatchProperties' of type [org.springframework.boot.autoconfigure.batch.BatchProperties] is not eligible for getting processed by all BeanPostProcessors (for example: not eligible for auto-proxying). Is this bean getting eagerly injected into a currently created BeanPostProcessor [jobRegistryBeanPostProcessor]? Check the corresponding BeanPostProcessor declaration and its dependencies.
2026-09-02T21:13:17.720+05:30  INFO 26920 --- [smartwatch-leaderboard] [main] com.zaxxer.hikari.HikariDataSource       : HikariPool-1 - Starting...
2026-09-02T21:13:21.944+05:30 ERROR 26920 --- [smartwatch-leaderboard] [main] com.zaxxer.hikari.pool.HikariPool        : HikariPool-1 - Exception during pool initialization.

java.sql.SQLSyntaxErrorException: Unknown database 'smartwatch_leaderboard'
	at com.mysql.cj.jdbc.exceptions.SQLError.createSQLException(SQLError.java:121) ~[mysql-connector-j-8.3.0.jar:8.3.0]
	at com.mysql.cj.jdbc.exceptions.SQLExceptionsMapping.translateException(SQLExceptionsMapping.java:122) ~[mysql-connector-j-8.3.0.jar:8.3.0]
	at com.mysql.cj.jdbc.ConnectionImpl.createNewIO(ConnectionImpl.java:815) ~[mysql-connector-j-8.3.0.jar:8.3.0]
	at com.mysql.cj.jdbc.ConnectionImpl.<init>(ConnectionImpl.java:438) ~[mysql-connector-j-8.3.0.jar:8.3.0]
	at com.mysql.cj.jdbc.ConnectionImpl.getInstance(ConnectionImpl.java:241) ~[mysql-connector-j-8.3.0.jar:8.3.0]
	at com.mysql.cj.jdbc.NonRegisteringDriver.connect(NonRegisteringDriver.java:189) ~[mysql-connector-j-8.3.0.jar:8.3.0]
	at com.zaxxer.hikari.util.DriverDataSource.getConnection(DriverDataSource.java:138) ~[HikariCP-5.0.1.jar:na]
	at com.zaxxer.hikari.pool.PoolBase.newConnection(PoolBase.java:359) ~[HikariCP-5.0.1.jar:na]
	at com.zaxxer.hikari.pool.PoolBase.newPoolEntry(PoolBase.java:201) ~[HikariCP-5.0.1.jar:na]
	at com.zaxxer.hikari.pool.HikariPool.createPoolEntry(HikariPool.java:470) ~[HikariCP-5.0.1.jar:na]
	at com.zaxxer.hikari.pool.HikariPool.checkFailFast(HikariPool.java:561) ~[HikariCP-5.0.1.jar:na]
	at com.zaxxer.hikari.pool.HikariPool.<init>(HikariPool.java:100) ~[HikariCP-5.0.1.jar:na]
	at com.zaxxer.hikari.HikariDataSource.getConnection(HikariDataSource.java:112) ~[HikariCP-5.0.1.jar:na]
	at org.springframework.jdbc.datasource.DataSourceUtils.fetchConnection(DataSourceUtils.java:160) ~[spring-jdbc-6.1.5.jar:6.1.5]
	at org.springframework.jdbc.datasource.DataSourceUtils.doGetConnection(DataSourceUtils.java:118) ~[spring-jdbc-6.1.5.jar:6.1.5]
	at org.springframework.jdbc.datasource.DataSourceUtils.getConnection(DataSourceUtils.java:81) ~[spring-jdbc-6.1.5.jar:6.1.5]
	at org.springframework.jdbc.support.JdbcUtils.extractDatabaseMetaData(JdbcUtils.java:331) ~[spring-jdbc-6.1.5.jar:6.1.5]
	at org.springframework.boot.jdbc.init.PlatformPlaceholderDatabaseDriverResolver.getDatabaseDriver(PlatformPlaceholderDatabaseDriverResolver.java:140) ~[spring-boot-3.2.4.jar:3.2.4]
	at org.springframework.boot.jdbc.init.PlatformPlaceholderDatabaseDriverResolver.determinePlatform(PlatformPlaceholderDatabaseDriverResolver.java:132) ~[spring-boot-3.2.4.jar:3.2.4]
	at org.springframework.boot.jdbc.init.PlatformPlaceholderDatabaseDriverResolver.lambda$resolveAll$0(PlatformPlaceholderDatabaseDriverResolver.java:97) ~[spring-boot-3.2.4.jar:3.2.4]
	at org.springframework.boot.jdbc.init.PlatformPlaceholderDatabaseDriverResolver.resolveAll(PlatformPlaceholderDatabaseDriverResolver.java:122) ~[spring-boot-3.2.4.jar:3.2.4]
	at org.springframework.boot.jdbc.init.PlatformPlaceholderDatabaseDriverResolver.resolveAll(PlatformPlaceholderDatabaseDriverResolver.java:97) ~[spring-boot-3.2.4.jar:3.2.4]
	at org.springframework.boot.autoconfigure.batch.BatchDataSourceScriptDatabaseInitializer.resolveSchemaLocations(BatchDataSourceScriptDatabaseInitializer.java:83) ~[spring-boot-autoconfigure-3.2.4.jar:3.2.4]
	at org.springframework.boot.autoconfigure.batch.BatchDataSourceScriptDatabaseInitializer.getSettings(BatchDataSourceScriptDatabaseInitializer.java:72) ~[spring-boot-autoconfigure-3.2.4.jar:3.2.4]
	at org.springframework.boot.autoconfigure.batch.BatchDataSourceScriptDatabaseInitializer.<init>(BatchDataSourceScriptDatabaseInitializer.java:47) ~[spring-boot-autoconfigure-3.2.4.jar:3.2.4]
	at org.springframework.boot.autoconfigure.batch.BatchAutoConfiguration$DataSourceInitializerConfiguration.batchDataSourceInitializer(BatchAutoConfiguration.java:156) ~[spring-boot-autoconfigure-3.2.4.jar:3.2.4]
	at java.base/jdk.internal.reflect.DirectMethodHandleAccessor.invoke(DirectMethodHandleAccessor.java:103) ~[na:na]
	at java.base/java.lang.reflect.Method.invoke(Method.java:580) ~[na:na]
	at org.springframework.beans.factory.support.SimpleInstantiationStrategy.instantiate(SimpleInstantiationStrategy.java:140) ~[spring-beans-6.1.5.jar:6.1.5]
	at org.springframework.beans.factory.support.ConstructorResolver.instantiate(ConstructorResolver.java:644) ~[spring-beans-6.1.5.jar:6.1.5]
	at org.springframework.beans.factory.support.ConstructorResolver.instantiateUsingFactoryMethod(ConstructorResolver.java:636) ~[spring-beans-6.1.5.jar:6.1.5]
	at org.springframework.beans.factory.support.AbstractAutowireCapableBeanFactory.instantiateUsingFactoryMethod(AbstractAutowireCapableBeanFactory.java:1335) ~[spring-beans-6.1.5.jar:6.1.5]
	at org.springframework.beans.factory.support.AbstractAutowireCapableBeanFactory.createBeanInstance(AbstractAutowireCapableBeanFactory.java:1165) ~[spring-beans-6.1.5.jar:6.1.5]
	at org.springframework.beans.factory.support.AbstractAutowireCapableBeanFactory.doCreateBean(AbstractAutowireCapableBeanFactory.java:562) ~[spring-beans-6.1.5.jar:6.1.5]
	at org.springframework.beans.factory.support.AbstractAutowireCapableBeanFactory.createBean(AbstractAutowireCapableBeanFactory.java:522) ~[spring-beans-6.1.5.jar:6.1.5]
	at org.springframework.beans.factory.support.AbstractBeanFactory.lambda$doGetBean$0(AbstractBeanFactory.java:326) ~[spring-beans-6.1.5.jar:6.1.5]
	at org.springframework.beans.factory.support.DefaultSingletonBeanRegistry.getSingleton(DefaultSingletonBeanRegistry.java:234) ~[spring-beans-6.1.5.jar:6.1.5]
	at org.springframework.beans.factory.support.AbstractBeanFactory.doGetBean(AbstractBeanFactory.java:324) ~[spring-beans-6.1.5.jar:6.1.5]
	at org.springframework.beans.factory.support.AbstractBeanFactory.getBean(AbstractBeanFactory.java:200) ~[spring-beans-6.1.5.jar:6.1.5]
	at org.springframework.beans.factory.support.AbstractBeanFactory.doGetBean(AbstractBeanFactory.java:313) ~[spring-beans-6.1.5.jar:6.1.5]
	at org.springframework.beans.factory.support.AbstractBeanFactory.getBean(AbstractBeanFactory.java:225) ~[spring-beans-6.1.5.jar:6.1.5]
	at org.springframework.beans.factory.support.DefaultListableBeanFactory.resolveNamedBean(DefaultListableBeanFactory.java:1323) ~[spring-beans-6.1.5.jar:6.1.5]
	at org.springframework.beans.factory.support.DefaultListableBeanFactory.resolveNamedBean(DefaultListableBeanFactory.java:1284) ~[spring-beans-6.1.5.jar:6.1.5]
	at org.springframework.beans.factory.support.DefaultListableBeanFactory.resolveBean(DefaultListableBeanFactory.java:486) ~[spring-beans-6.1.5.jar:6.1.5]
	at org.springframework.beans.factory.support.DefaultListableBeanFactory.getBean(DefaultListableBeanFactory.java:341) ~[spring-beans-6.1.5.jar:6.1.5]
	at org.springframework.beans.factory.support.DefaultListableBeanFactory.getBean(DefaultListableBeanFactory.java:334) ~[spring-beans-6.1.5.jar:6.1.5]
	at org.springframework.orm.jpa.EntityManagerFactoryUtils.findEntityManagerFactory(EntityManagerFactoryUtils.java:120) ~[spring-orm-6.1.5.jar:6.1.5]
	at org.springframework.orm.jpa.JpaTransactionManager.setBeanFactory(JpaTransactionManager.java:333) ~[spring-orm-6.1.5.jar:6.1.5]
	at org.springframework.beans.factory.support.AbstractAutowireCapableBeanFactory.invokeAwareMethods(AbstractAutowireCapableBeanFactory.java:1807) ~[spring-beans-6.1.5.jar:6.1.5]
	at org.springframework.beans.factory.support.AbstractAutowireCapableBeanFactory.initializeBean(AbstractAutowireCapableBeanFactory.java:1774) ~[spring-beans-6.1.5.jar:6.1.5]
	at org.springframework.beans.factory.support.AbstractAutowireCapableBeanFactory.doCreateBean(AbstractAutowireCapableBeanFactory.java:600) ~[spring-beans-6.1.5.jar:6.1.5]
	at org.springframework.beans.factory.support.AbstractAutowireCapableBeanFactory.createBean(AbstractAutowireCapableBeanFactory.java:522) ~[spring-beans-6.1.5.jar:6.1.5]
	at org.springframework.beans.factory.support.AbstractBeanFactory.lambda$doGetBean$0(AbstractBeanFactory.java:326) ~[spring-beans-6.1.5.jar:6.1.5]
	at org.springframework.beans.factory.support.DefaultSingletonBeanRegistry.getSingleton(DefaultSingletonBeanRegistry.java:234) ~[spring-beans-6.1.5.jar:6.1.5]
	at org.springframework.beans.factory.support.AbstractBeanFactory.doGetBean(AbstractBeanFactory.java:324) ~[spring-beans-6.1.5.jar:6.1.5]
	at org.springframework.beans.factory.support.AbstractBeanFactory.getBean(AbstractBeanFactory.java:200) ~[spring-beans-6.1.5.jar:6.1.5]
	at org.springframework.beans.factory.config.DependencyDescriptor.resolveCandidate(DependencyDescriptor.java:254) ~[spring-beans-6.1.5.jar:6.1.5]
	at org.springframework.beans.factory.support.DefaultListableBeanFactory.doResolveDependency(DefaultListableBeanFactory.java:1443) ~[spring-beans-6.1.5.jar:6.1.5]
	at org.springframework.beans.factory.support.DefaultListableBeanFactory.resolveDependency(DefaultListableBeanFactory.java:1353) ~[spring-beans-6.1.5.jar:6.1.5]
	at org.springframework.beans.factory.support.ConstructorResolver.resolveAutowiredArgument(ConstructorResolver.java:904) ~[spring-beans-6.1.5.jar:6.1.5]
	at org.springframework.beans.factory.support.ConstructorResolver.createArgumentArray(ConstructorResolver.java:782) ~[spring-beans-6.1.5.jar:6.1.5]
	at org.springframework.beans.factory.support.ConstructorResolver.autowireConstructor(ConstructorResolver.java:237) ~[spring-beans-6.1.5.jar:6.1.5]
	at org.springframework.beans.factory.support.AbstractAutowireCapableBeanFactory.autowireConstructor(AbstractAutowireCapableBeanFactory.java:1355) ~[spring-beans-6.1.5.jar:6.1.5]
	at org.springframework.beans.factory.support.AbstractAutowireCapableBeanFactory.createBeanInstance(AbstractAutowireCapableBeanFactory.java:1192) ~[spring-beans-6.1.5.jar:6.1.5]
	at org.springframework.beans.factory.support.AbstractAutowireCapableBeanFactory.doCreateBean(AbstractAutowireCapableBeanFactory.java:562) ~[spring-beans-6.1.5.jar:6.1.5]
	at org.springframework.beans.factory.support.AbstractAutowireCapableBeanFactory.createBean(AbstractAutowireCapableBeanFactory.java:522) ~[spring-beans-6.1.5.jar:6.1.5]
	at org.springframework.beans.factory.support.AbstractBeanFactory.lambda$doGetBean$0(AbstractBeanFactory.java:326) ~[spring-beans-6.1.5.jar:6.1.5]
	at org.springframework.beans.factory.support.DefaultSingletonBeanRegistry.getSingleton(DefaultSingletonBeanRegistry.java:234) ~[spring-beans-6.1.5.jar:6.1.5]
	at org.springframework.beans.factory.support.AbstractBeanFactory.doGetBean(AbstractBeanFactory.java:324) ~[spring-beans-6.1.5.jar:6.1.5]
	at org.springframework.beans.factory.support.AbstractBeanFactory.getBean(AbstractBeanFactory.java:200) ~[spring-beans-6.1.5.jar:6.1.5]
	at org.springframework.beans.factory.support.ConstructorResolver.instantiateUsingFactoryMethod(ConstructorResolver.java:409) ~[spring-beans-6.1.5.jar:6.1.5]
	at org.springframework.beans.factory.support.AbstractAutowireCapableBeanFactory.instantiateUsingFactoryMethod(AbstractAutowireCapableBeanFactory.java:1335) ~[spring-beans-6.1.5.jar:6.1.5]
	at org.springframework.beans.factory.support.AbstractAutowireCapableBeanFactory.createBeanInstance(AbstractAutowireCapableBeanFactory.java:1165) ~[spring-beans-6.1.5.jar:6.1.5]
	at org.springframework.beans.factory.support.AbstractAutowireCapableBeanFactory.doCreateBean(AbstractAutowireCapableBeanFactory.java:562) ~[spring-beans-6.1.5.jar:6.1.5]
	at org.springframework.beans.factory.support.AbstractAutowireCapableBeanFactory.createBean(AbstractAutowireCapableBeanFactory.java:522) ~[spring-beans-6.1.5.jar:6.1.5]
	at org.springframework.beans.factory.support.AbstractBeanFactory.lambda$doGetBean$0(AbstractBeanFactory.java:326) ~[spring-beans-6.1.5.jar:6.1.5]
	at org.springframework.beans.factory.support.DefaultSingletonBeanRegistry.getSingleton(DefaultSingletonBeanRegistry.java:234) ~[spring-beans-6.1.5.jar:6.1.5]
	at org.springframework.beans.factory.support.AbstractBeanFactory.doGetBean(AbstractBeanFactory.java:324) ~[spring-beans-6.1.5.jar:6.1.5]
	at org.springframework.beans.factory.support.AbstractBeanFactory.getBean(AbstractBeanFactory.java:205) ~[spring-beans-6.1.5.jar:6.1.5]
	at org.springframework.context.support.PostProcessorRegistrationDelegate.registerBeanPostProcessors(PostProcessorRegistrationDelegate.java:277) ~[spring-context-6.1.5.jar:6.1.5]
	at org.springframework.context.support.AbstractApplicationContext.registerBeanPostProcessors(AbstractApplicationContext.java:805) ~[spring-context-6.1.5.jar:6.1.5]
	at org.springframework.context.support.AbstractApplicationContext.refresh(AbstractApplicationContext.java:608) ~[spring-context-6.1.5.jar:6.1.5]
	at org.springframework.boot.web.servlet.context.ServletWebServerApplicationContext.refresh(ServletWebServerApplicationContext.java:146) ~[spring-boot-3.2.4.jar:3.2.4]
	at org.springframework.boot.SpringApplication.refresh(SpringApplication.java:754) ~[spring-boot-3.2.4.jar:3.2.4]
	at org.springframework.boot.SpringApplication.refreshContext(SpringApplication.java:456) ~[spring-boot-3.2.4.jar:3.2.4]
	at org.springframework.boot.SpringApplication.run(SpringApplication.java:334) ~[spring-boot-3.2.4.jar:3.2.4]
	at org.springframework.boot.SpringApplication.run(SpringApplication.java:1354) ~[spring-boot-3.2.4.jar:3.2.4]
	at org.springframework.boot.SpringApplication.run(SpringApplication.java:1343) ~[spring-boot-3.2.4.jar:3.2.4]
	at com.smartwatch.leaderboard.SmartwatchLeaderboard.main(SmartwatchLeaderboard.java:10) ~[classes/:na]

2026-09-02T21:13:21.975+05:30  WARN 26920 --- [smartwatch-leaderboard] [main] ConfigServletWebServerApplicationContext : Exception encountered during context initialization - cancelling refresh attempt: org.springframework.beans.factory.UnsatisfiedDependencyException: Error creating bean with name 'org.springframework.boot.autoconfigure.batch.BatchAutoConfiguration$SpringBootBatchConfiguration': Unsatisfied dependency expressed through constructor parameter 2: Error creating bean with name 'transactionManager' defined in class path resource [org/springframework/boot/autoconfigure/orm/jpa/HibernateJpaConfiguration.class]: Error creating bean with name 'batchDataSourceInitializer' defined in class path resource [org/springframework/boot/autoconfigure/batch/BatchAutoConfiguration$DataSourceInitializerConfiguration.class]: Failed to instantiate [org.springframework.boot.autoconfigure.batch.BatchDataSourceScriptDatabaseInitializer]: Factory method 'batchDataSourceInitializer' threw exception with message: Failed to determine DatabaseDriver
2026-09-02T21:13:22.040+05:30  INFO 26920 --- [smartwatch-leaderboard] [main] .s.b.a.l.ConditionEvaluationReportLogger : 

Error starting ApplicationContext. To display the condition evaluation report re-run your application with 'debug' enabled.
2026-09-02T21:13:22.228+05:30 ERROR 26920 --- [smartwatch-leaderboard] [main] o.s.boot.SpringApplication               : Application run failed

org.springframework.beans.factory.UnsatisfiedDependencyException: Error creating bean with name 'org.springframework.boot.autoconfigure.batch.BatchAutoConfiguration$SpringBootBatchConfiguration': Unsatisfied dependency expressed through constructor parameter 2: Error creating bean with name 'transactionManager' defined in class path resource [org/springframework/boot/autoconfigure/orm/jpa/HibernateJpaConfiguration.class]: Error creating bean with name 'batchDataSourceInitializer' defined in class path resource [org/springframework/boot/autoconfigure/batch/BatchAutoConfiguration$DataSourceInitializerConfiguration.class]: Failed to instantiate [org.springframework.boot.autoconfigure.batch.BatchDataSourceScriptDatabaseInitializer]: Factory method 'batchDataSourceInitializer' threw exception with message: Failed to determine DatabaseDriver
	at org.springframework.beans.factory.support.ConstructorResolver.createArgumentArray(ConstructorResolver.java:795) ~[spring-beans-6.1.5.jar:6.1.5]
	at org.springframework.beans.factory.support.ConstructorResolver.autowireConstructor(ConstructorResolver.java:237) ~[spring-beans-6.1.5.jar:6.1.5]
	at org.springframework.beans.factory.support.AbstractAutowireCapableBeanFactory.autowireConstructor(AbstractAutowireCapableBeanFactory.java:1355) ~[spring-beans-6.1.5.jar:6.1.5]
	at org.springframework.beans.factory.support.AbstractAutowireCapableBeanFactory.createBeanInstance(AbstractAutowireCapableBeanFactory.java:1192) ~[spring-beans-6.1.5.jar:6.1.5]
	at org.springframework.beans.factory.support.AbstractAutowireCapableBeanFactory.doCreateBean(AbstractAutowireCapableBeanFactory.java:562) ~[spring-beans-6.1.5.jar:6.1.5]
	at org.springframework.beans.factory.support.AbstractAutowireCapableBeanFactory.createBean(AbstractAutowireCapableBeanFactory.java:522) ~[spring-beans-6.1.5.jar:6.1.5]
	at org.springframework.beans.factory.support.AbstractBeanFactory.lambda$doGetBean$0(AbstractBeanFactory.java:326) ~[spring-beans-6.1.5.jar:6.1.5]
	at org.springframework.beans.factory.support.DefaultSingletonBeanRegistry.getSingleton(DefaultSingletonBeanRegistry.java:234) ~[spring-beans-6.1.5.jar:6.1.5]
	at org.springframework.beans.factory.support.AbstractBeanFactory.doGetBean(AbstractBeanFactory.java:324) ~[spring-beans-6.1.5.jar:6.1.5]
	at org.springframework.beans.factory.support.AbstractBeanFactory.getBean(AbstractBeanFactory.java:200) ~[spring-beans-6.1.5.jar:6.1.5]
	at org.springframework.beans.factory.support.ConstructorResolver.instantiateUsingFactoryMethod(ConstructorResolver.java:409) ~[spring-beans-6.1.5.jar:6.1.5]
	at org.springframework.beans.factory.support.AbstractAutowireCapableBeanFactory.instantiateUsingFactoryMethod(AbstractAutowireCapableBeanFactory.java:1335) ~[spring-beans-6.1.5.jar:6.1.5]
	at org.springframework.beans.factory.support.AbstractAutowireCapableBeanFactory.createBeanInstance(AbstractAutowireCapableBeanFactory.java:1165) ~[spring-beans-6.1.5.jar:6.1.5]
	at org.springframework.beans.factory.support.AbstractAutowireCapableBeanFactory.doCreateBean(AbstractAutowireCapableBeanFactory.java:562) ~[spring-beans-6.1.5.jar:6.1.5]
	at org.springframework.beans.factory.support.AbstractAutowireCapableBeanFactory.createBean(AbstractAutowireCapableBeanFactory.java:522) ~[spring-beans-6.1.5.jar:6.1.5]
	at org.springframework.beans.factory.support.AbstractBeanFactory.lambda$doGetBean$0(AbstractBeanFactory.java:326) ~[spring-beans-6.1.5.jar:6.1.5]
	at org.springframework.beans.factory.support.DefaultSingletonBeanRegistry.getSingleton(DefaultSingletonBeanRegistry.java:234) ~[spring-beans-6.1.5.jar:6.1.5]
	at org.springframework.beans.factory.support.AbstractBeanFactory.doGetBean(AbstractBeanFactory.java:324) ~[spring-beans-6.1.5.jar:6.1.5]
	at org.springframework.beans.factory.support.AbstractBeanFactory.getBean(AbstractBeanFactory.java:205) ~[spring-beans-6.1.5.jar:6.1.5]
	at org.springframework.context.support.PostProcessorRegistrationDelegate.registerBeanPostProcessors(PostProcessorRegistrationDelegate.java:277) ~[spring-context-6.1.5.jar:6.1.5]
	at org.springframework.context.support.AbstractApplicationContext.registerBeanPostProcessors(AbstractApplicationContext.java:805) ~[spring-context-6.1.5.jar:6.1.5]
	at org.springframework.context.support.AbstractApplicationContext.refresh(AbstractApplicationContext.java:608) ~[spring-context-6.1.5.jar:6.1.5]
	at org.springframework.boot.web.servlet.context.ServletWebServerApplicationContext.refresh(ServletWebServerApplicationContext.java:146) ~[spring-boot-3.2.4.jar:3.2.4]
	at org.springframework.boot.SpringApplication.refresh(SpringApplication.java:754) ~[spring-boot-3.2.4.jar:3.2.4]
	at org.springframework.boot.SpringApplication.refreshContext(SpringApplication.java:456) ~[spring-boot-3.2.4.jar:3.2.4]
	at org.springframework.boot.SpringApplication.run(SpringApplication.java:334) ~[spring-boot-3.2.4.jar:3.2.4]
	at org.springframework.boot.SpringApplication.run(SpringApplication.java:1354) ~[spring-boot-3.2.4.jar:3.2.4]
	at org.springframework.boot.SpringApplication.run(SpringApplication.java:1343) ~[spring-boot-3.2.4.jar:3.2.4]
	at com.smartwatch.leaderboard.SmartwatchLeaderboard.main(SmartwatchLeaderboard.java:10) ~[classes/:na]
Caused by: org.springframework.beans.factory.BeanCreationException: Error creating bean with name 'transactionManager' defined in class path resource [org/springframework/boot/autoconfigure/orm/jpa/HibernateJpaConfiguration.class]: Error creating bean with name 'batchDataSourceInitializer' defined in class path resource [org/springframework/boot/autoconfigure/batch/BatchAutoConfiguration$DataSourceInitializerConfiguration.class]: Failed to instantiate [org.springframework.boot.autoconfigure.batch.BatchDataSourceScriptDatabaseInitializer]: Factory method 'batchDataSourceInitializer' threw exception with message: Failed to determine DatabaseDriver
	at org.springframework.beans.factory.support.AbstractAutowireCapableBeanFactory.doCreateBean(AbstractAutowireCapableBeanFactory.java:607) ~[spring-beans-6.1.5.jar:6.1.5]
	at org.springframework.beans.factory.support.AbstractAutowireCapableBeanFactory.createBean(AbstractAutowireCapableBeanFactory.java:522) ~[spring-beans-6.1.5.jar:6.1.5]
	at org.springframework.beans.factory.support.AbstractBeanFactory.lambda$doGetBean$0(AbstractBeanFactory.java:326) ~[spring-beans-6.1.5.jar:6.1.5]
	at org.springframework.beans.factory.support.DefaultSingletonBeanRegistry.getSingleton(DefaultSingletonBeanRegistry.java:234) ~[spring-beans-6.1.5.jar:6.1.5]
	at org.springframework.beans.factory.support.AbstractBeanFactory.doGetBean(AbstractBeanFactory.java:324) ~[spring-beans-6.1.5.jar:6.1.5]
	at org.springframework.beans.factory.support.AbstractBeanFactory.getBean(AbstractBeanFactory.java:200) ~[spring-beans-6.1.5.jar:6.1.5]
	at org.springframework.beans.factory.config.DependencyDescriptor.resolveCandidate(DependencyDescriptor.java:254) ~[spring-beans-6.1.5.jar:6.1.5]
	at org.springframework.beans.factory.support.DefaultListableBeanFactory.doResolveDependency(DefaultListableBeanFactory.java:1443) ~[spring-beans-6.1.5.jar:6.1.5]
	at org.springframework.beans.factory.support.DefaultListableBeanFactory.resolveDependency(DefaultListableBeanFactory.java:1353) ~[spring-beans-6.1.5.jar:6.1.5]
	at org.springframework.beans.factory.support.ConstructorResolver.resolveAutowiredArgument(ConstructorResolver.java:904) ~[spring-beans-6.1.5.jar:6.1.5]
	at org.springframework.beans.factory.support.ConstructorResolver.createArgumentArray(ConstructorResolver.java:782) ~[spring-beans-6.1.5.jar:6.1.5]
	... 28 common frames omitted
Caused by: org.springframework.beans.factory.BeanCreationException: Error creating bean with name 'batchDataSourceInitializer' defined in class path resource [org/springframework/boot/autoconfigure/batch/BatchAutoConfiguration$DataSourceInitializerConfiguration.class]: Failed to instantiate [org.springframework.boot.autoconfigure.batch.BatchDataSourceScriptDatabaseInitializer]: Factory method 'batchDataSourceInitializer' threw exception with message: Failed to determine DatabaseDriver
	at org.springframework.beans.factory.support.ConstructorResolver.instantiate(ConstructorResolver.java:648) ~[spring-beans-6.1.5.jar:6.1.5]
	at org.springframework.beans.factory.support.ConstructorResolver.instantiateUsingFactoryMethod(ConstructorResolver.java:636) ~[spring-beans-6.1.5.jar:6.1.5]
	at org.springframework.beans.factory.support.AbstractAutowireCapableBeanFactory.instantiateUsingFactoryMethod(AbstractAutowireCapableBeanFactory.java:1335) ~[spring-beans-6.1.5.jar:6.1.5]
	at org.springframework.beans.factory.support.AbstractAutowireCapableBeanFactory.createBeanInstance(AbstractAutowireCapableBeanFactory.java:1165) ~[spring-beans-6.1.5.jar:6.1.5]
	at org.springframework.beans.factory.support.AbstractAutowireCapableBeanFactory.doCreateBean(AbstractAutowireCapableBeanFactory.java:562) ~[spring-beans-6.1.5.jar:6.1.5]
	at org.springframework.beans.factory.support.AbstractAutowireCapableBeanFactory.createBean(AbstractAutowireCapableBeanFactory.java:522) ~[spring-beans-6.1.5.jar:6.1.5]
	at org.springframework.beans.factory.support.AbstractBeanFactory.lambda$doGetBean$0(AbstractBeanFactory.java:326) ~[spring-beans-6.1.5.jar:6.1.5]
	at org.springframework.beans.factory.support.DefaultSingletonBeanRegistry.getSingleton(DefaultSingletonBeanRegistry.java:234) ~[spring-beans-6.1.5.jar:6.1.5]
	at org.springframework.beans.factory.support.AbstractBeanFactory.doGetBean(AbstractBeanFactory.java:324) ~[spring-beans-6.1.5.jar:6.1.5]
	at org.springframework.beans.factory.support.AbstractBeanFactory.getBean(AbstractBeanFactory.java:200) ~[spring-beans-6.1.5.jar:6.1.5]
	at org.springframework.beans.factory.support.AbstractBeanFactory.doGetBean(AbstractBeanFactory.java:313) ~[spring-beans-6.1.5.jar:6.1.5]
	at org.springframework.beans.factory.support.AbstractBeanFactory.getBean(AbstractBeanFactory.java:225) ~[spring-beans-6.1.5.jar:6.1.5]
	at org.springframework.beans.factory.support.DefaultListableBeanFactory.resolveNamedBean(DefaultListableBeanFactory.java:1323) ~[spring-beans-6.1.5.jar:6.1.5]
	at org.springframework.beans.factory.support.DefaultListableBeanFactory.resolveNamedBean(DefaultListableBeanFactory.java:1284) ~[spring-beans-6.1.5.jar:6.1.5]
	at org.springframework.beans.factory.support.DefaultListableBeanFactory.resolveBean(DefaultListableBeanFactory.java:486) ~[spring-beans-6.1.5.jar:6.1.5]
	at org.springframework.beans.factory.support.DefaultListableBeanFactory.getBean(DefaultListableBeanFactory.java:341) ~[spring-beans-6.1.5.jar:6.1.5]
	at org.springframework.beans.factory.support.DefaultListableBeanFactory.getBean(DefaultListableBeanFactory.java:334) ~[spring-beans-6.1.5.jar:6.1.5]
	at org.springframework.orm.jpa.EntityManagerFactoryUtils.findEntityManagerFactory(EntityManagerFactoryUtils.java:120) ~[spring-orm-6.1.5.jar:6.1.5]
	at org.springframework.orm.jpa.JpaTransactionManager.setBeanFactory(JpaTransactionManager.java:333) ~[spring-orm-6.1.5.jar:6.1.5]
	at org.springframework.beans.factory.support.AbstractAutowireCapableBeanFactory.invokeAwareMethods(AbstractAutowireCapableBeanFactory.java:1807) ~[spring-beans-6.1.5.jar:6.1.5]
	at org.springframework.beans.factory.support.AbstractAutowireCapableBeanFactory.initializeBean(AbstractAutowireCapableBeanFactory.java:1774) ~[spring-beans-6.1.5.jar:6.1.5]
	at org.springframework.beans.factory.support.AbstractAutowireCapableBeanFactory.doCreateBean(AbstractAutowireCapableBeanFactory.java:600) ~[spring-beans-6.1.5.jar:6.1.5]
	... 38 common frames omitted
Caused by: org.springframework.beans.BeanInstantiationException: Failed to instantiate [org.springframework.boot.autoconfigure.batch.BatchDataSourceScriptDatabaseInitializer]: Factory method 'batchDataSourceInitializer' threw exception with message: Failed to determine DatabaseDriver
	at org.springframework.beans.factory.support.SimpleInstantiationStrategy.instantiate(SimpleInstantiationStrategy.java:177) ~[spring-beans-6.1.5.jar:6.1.5]
	at org.springframework.beans.factory.support.ConstructorResolver.instantiate(ConstructorResolver.java:644) ~[spring-beans-6.1.5.jar:6.1.5]
	... 59 common frames omitted
Caused by: java.lang.IllegalStateException: Failed to determine DatabaseDriver
	at org.springframework.boot.jdbc.init.PlatformPlaceholderDatabaseDriverResolver.getDatabaseDriver(PlatformPlaceholderDatabaseDriverResolver.java:144) ~[spring-boot-3.2.4.jar:3.2.4]
	at org.springframework.boot.jdbc.init.PlatformPlaceholderDatabaseDriverResolver.determinePlatform(PlatformPlaceholderDatabaseDriverResolver.java:132) ~[spring-boot-3.2.4.jar:3.2.4]
	at org.springframework.boot.jdbc.init.PlatformPlaceholderDatabaseDriverResolver.lambda$resolveAll$0(PlatformPlaceholderDatabaseDriverResolver.java:97) ~[spring-boot-3.2.4.jar:3.2.4]
	at org.springframework.boot.jdbc.init.PlatformPlaceholderDatabaseDriverResolver.resolveAll(PlatformPlaceholderDatabaseDriverResolver.java:122) ~[spring-boot-3.2.4.jar:3.2.4]
	at org.springframework.boot.jdbc.init.PlatformPlaceholderDatabaseDriverResolver.resolveAll(PlatformPlaceholderDatabaseDriverResolver.java:97) ~[spring-boot-3.2.4.jar:3.2.4]
	at org.springframework.boot.autoconfigure.batch.BatchDataSourceScriptDatabaseInitializer.resolveSchemaLocations(BatchDataSourceScriptDatabaseInitializer.java:83) ~[spring-boot-autoconfigure-3.2.4.jar:3.2.4]
	at org.springframework.boot.autoconfigure.batch.BatchDataSourceScriptDatabaseInitializer.getSettings(BatchDataSourceScriptDatabaseInitializer.java:72) ~[spring-boot-autoconfigure-3.2.4.jar:3.2.4]
	at org.springframework.boot.autoconfigure.batch.BatchDataSourceScriptDatabaseInitializer.<init>(BatchDataSourceScriptDatabaseInitializer.java:47) ~[spring-boot-autoconfigure-3.2.4.jar:3.2.4]
	at org.springframework.boot.autoconfigure.batch.BatchAutoConfiguration$DataSourceInitializerConfiguration.batchDataSourceInitializer(BatchAutoConfiguration.java:156) ~[spring-boot-autoconfigure-3.2.4.jar:3.2.4]
	at java.base/jdk.internal.reflect.DirectMethodHandleAccessor.invoke(DirectMethodHandleAccessor.java:103) ~[na:na]
	at java.base/java.lang.reflect.Method.invoke(Method.java:580) ~[na:na]
	at org.springframework.beans.factory.support.SimpleInstantiationStrategy.instantiate(SimpleInstantiationStrategy.java:140) ~[spring-beans-6.1.5.jar:6.1.5]
	... 60 common frames omitted
Caused by: org.springframework.jdbc.support.MetaDataAccessException: Could not get Connection for extracting meta-data
	at org.springframework.jdbc.support.JdbcUtils.extractDatabaseMetaData(JdbcUtils.java:357) ~[spring-jdbc-6.1.5.jar:6.1.5]
	at org.springframework.boot.jdbc.init.PlatformPlaceholderDatabaseDriverResolver.getDatabaseDriver(PlatformPlaceholderDatabaseDriverResolver.java:140) ~[spring-boot-3.2.4.jar:3.2.4]
	... 71 common frames omitted
Caused by: org.springframework.jdbc.CannotGetJdbcConnectionException: Failed to obtain JDBC Connection
	at org.springframework.jdbc.datasource.DataSourceUtils.getConnection(DataSourceUtils.java:84) ~[spring-jdbc-6.1.5.jar:6.1.5]
	at org.springframework.jdbc.support.JdbcUtils.extractDatabaseMetaData(JdbcUtils.java:331) ~[spring-jdbc-6.1.5.jar:6.1.5]
	... 72 common frames omitted
Caused by: java.sql.SQLSyntaxErrorException: Unknown database 'smartwatch_leaderboard'
	at com.mysql.cj.jdbc.exceptions.SQLError.createSQLException(SQLError.java:121) ~[mysql-connector-j-8.3.0.jar:8.3.0]
	at com.mysql.cj.jdbc.exceptions.SQLExceptionsMapping.translateException(SQLExceptionsMapping.java:122) ~[mysql-connector-j-8.3.0.jar:8.3.0]
	at com.mysql.cj.jdbc.ConnectionImpl.createNewIO(ConnectionImpl.java:815) ~[mysql-connector-j-8.3.0.jar:8.3.0]
	at com.mysql.cj.jdbc.ConnectionImpl.<init>(ConnectionImpl.java:438) ~[mysql-connector-j-8.3.0.jar:8.3.0]
	at com.mysql.cj.jdbc.ConnectionImpl.getInstance(ConnectionImpl.java:241) ~[mysql-connector-j-8.3.0.jar:8.3.0]
	at com.mysql.cj.jdbc.NonRegisteringDriver.connect(NonRegisteringDriver.java:189) ~[mysql-connector-j-8.3.0.jar:8.3.0]
	at com.zaxxer.hikari.util.DriverDataSource.getConnection(DriverDataSource.java:138) ~[HikariCP-5.0.1.jar:na]
	at com.zaxxer.hikari.pool.PoolBase.newConnection(PoolBase.java:359) ~[HikariCP-5.0.1.jar:na]
	at com.zaxxer.hikari.pool.PoolBase.newPoolEntry(PoolBase.java:201) ~[HikariCP-5.0.1.jar:na]
	at com.zaxxer.hikari.pool.HikariPool.createPoolEntry(HikariPool.java:470) ~[HikariCP-5.0.1.jar:na]
	at com.zaxxer.hikari.pool.HikariPool.checkFailFast(HikariPool.java:561) ~[HikariCP-5.0.1.jar:na]
	at com.zaxxer.hikari.pool.HikariPool.<init>(HikariPool.java:100) ~[HikariCP-5.0.1.jar:na]
	at com.zaxxer.hikari.HikariDataSource.getConnection(HikariDataSource.java:112) ~[HikariCP-5.0.1.jar:na]
	at org.springframework.jdbc.datasource.DataSourceUtils.fetchConnection(DataSourceUtils.java:160) ~[spring-jdbc-6.1.5.jar:6.1.5]
	at org.springframework.jdbc.datasource.DataSourceUtils.doGetConnection(DataSourceUtils.java:118) ~[spring-jdbc-6.1.5.jar:6.1.5]
	at org.springframework.jdbc.datasource.DataSourceUtils.getConnection(DataSourceUtils.java:81) ~[spring-jdbc-6.1.5.jar:6.1.5]
	... 73 common frames omitted

2026-09-02T21:13:51.198+05:30  INFO 26680 --- [smartwatch-leaderboard] [main] c.s.leaderboard.SmartwatchLeaderboard    : Starting SmartwatchLeaderboard using Java 21.0.2 with PID 26680 (C:\Users\PC\smartwatch_application\target\classes started by PC in C:\Users\PC\smartwatch_application)
2026-09-02T21:13:51.203+05:30  INFO 26680 --- [smartwatch-leaderboard] [main] c.s.leaderboard.SmartwatchLeaderboard    : The following 1 profile is active: "local"
2026-09-02T21:13:55.124+05:30  INFO 26680 --- [smartwatch-leaderboard] [main] .s.d.r.c.RepositoryConfigurationDelegate : Bootstrapping Spring Data JPA repositories in DEFAULT mode.
2026-09-02T21:13:55.453+05:30  INFO 26680 --- [smartwatch-leaderboard] [main] .s.d.r.c.RepositoryConfigurationDelegate : Finished Spring Data repository scanning in 309 ms. Found 11 JPA repository interfaces.
2026-09-02T21:13:56.971+05:30  WARN 26680 --- [smartwatch-leaderboard] [main] trationDelegate$BeanPostProcessorChecker : Bean 'org.springframework.boot.autoconfigure.jdbc.DataSourceConfiguration$Hikari' of type [org.springframework.boot.autoconfigure.jdbc.DataSourceConfiguration$Hikari] is not eligible for getting processed by all BeanPostProcessors (for example: not eligible for auto-proxying). Is this bean getting eagerly injected into a currently created BeanPostProcessor [jobRegistryBeanPostProcessor]? Check the corresponding BeanPostProcessor declaration and its dependencies.
2026-09-02T21:13:57.013+05:30  WARN 26680 --- [smartwatch-leaderboard] [main] trationDelegate$BeanPostProcessorChecker : Bean 'spring.datasource-org.springframework.boot.autoconfigure.jdbc.DataSourceProperties' of type [org.springframework.boot.autoconfigure.jdbc.DataSourceProperties] is not eligible for getting processed by all BeanPostProcessors (for example: not eligible for auto-proxying). Is this bean getting eagerly injected into a currently created BeanPostProcessor [jobRegistryBeanPostProcessor]? Check the corresponding BeanPostProcessor declaration and its dependencies.
2026-09-02T21:13:57.023+05:30  WARN 26680 --- [smartwatch-leaderboard] [main] trationDelegate$BeanPostProcessorChecker : Bean 'org.springframework.boot.autoconfigure.jdbc.DataSourceAutoConfiguration$PooledDataSourceConfiguration' of type [org.springframework.boot.autoconfigure.jdbc.DataSourceAutoConfiguration$PooledDataSourceConfiguration] is not eligible for getting processed by all BeanPostProcessors (for example: not eligible for auto-proxying). Is this bean getting eagerly injected into a currently created BeanPostProcessor [jobRegistryBeanPostProcessor]? Check the corresponding BeanPostProcessor declaration and its dependencies.
2026-09-02T21:13:57.031+05:30  WARN 26680 --- [smartwatch-leaderboard] [main] trationDelegate$BeanPostProcessorChecker : Bean 'jdbcConnectionDetails' of type [org.springframework.boot.autoconfigure.jdbc.PropertiesJdbcConnectionDetails] is not eligible for getting processed by all BeanPostProcessors (for example: not eligible for auto-proxying). Is this bean getting eagerly injected into a currently created BeanPostProcessor [jobRegistryBeanPostProcessor]? Check the corresponding BeanPostProcessor declaration and its dependencies.
2026-09-02T21:13:57.072+05:30  WARN 26680 --- [smartwatch-leaderboard] [main] trationDelegate$BeanPostProcessorChecker : Bean 'dataSource' of type [com.zaxxer.hikari.HikariDataSource] is not eligible for getting processed by all BeanPostProcessors (for example: not eligible for auto-proxying). Is this bean getting eagerly injected into a currently created BeanPostProcessor [jobRegistryBeanPostProcessor]? Check the corresponding BeanPostProcessor declaration and its dependencies.
2026-09-02T21:13:57.113+05:30  WARN 26680 --- [smartwatch-leaderboard] [main] trationDelegate$BeanPostProcessorChecker : Bean 'spring.jpa-org.springframework.boot.autoconfigure.orm.jpa.JpaProperties' of type [org.springframework.boot.autoconfigure.orm.jpa.JpaProperties] is not eligible for getting processed by all BeanPostProcessors (for example: not eligible for auto-proxying). Is this bean getting eagerly injected into a currently created BeanPostProcessor [jobRegistryBeanPostProcessor]? Check the corresponding BeanPostProcessor declaration and its dependencies.
2026-09-02T21:13:57.123+05:30  WARN 26680 --- [smartwatch-leaderboard] [main] trationDelegate$BeanPostProcessorChecker : Bean 'spring.jpa.hibernate-org.springframework.boot.autoconfigure.orm.jpa.HibernateProperties' of type [org.springframework.boot.autoconfigure.orm.jpa.HibernateProperties] is not eligible for getting processed by all BeanPostProcessors (for example: not eligible for auto-proxying). Is this bean getting eagerly injected into a currently created BeanPostProcessor [jobRegistryBeanPostProcessor]? Check the corresponding BeanPostProcessor declaration and its dependencies.
2026-09-02T21:13:57.136+05:30  WARN 26680 --- [smartwatch-leaderboard] [main] trationDelegate$BeanPostProcessorChecker : Bean 'org.springframework.boot.autoconfigure.jdbc.metadata.DataSourcePoolMetadataProvidersConfiguration$HikariPoolDataSourceMetadataProviderConfiguration' of type [org.springframework.boot.autoconfigure.jdbc.metadata.DataSourcePoolMetadataProvidersConfiguration$HikariPoolDataSourceMetadataProviderConfiguration] is not eligible for getting processed by all BeanPostProcessors (for example: not eligible for auto-proxying). Is this bean getting eagerly injected into a currently created BeanPostProcessor [jobRegistryBeanPostProcessor]? Check the corresponding BeanPostProcessor declaration and its dependencies.
2026-09-02T21:13:57.140+05:30  WARN 26680 --- [smartwatch-leaderboard] [main] trationDelegate$BeanPostProcessorChecker : Bean 'hikariPoolDataSourceMetadataProvider' of type [org.springframework.boot.autoconfigure.jdbc.metadata.DataSourcePoolMetadataProvidersConfiguration$HikariPoolDataSourceMetadataProviderConfiguration$$Lambda/0x000001f201443b08] is not eligible for getting processed by all BeanPostProcessors (for example: not eligible for auto-proxying). Is this bean getting eagerly injected into a currently created BeanPostProcessor [jobRegistryBeanPostProcessor]? Check the corresponding BeanPostProcessor declaration and its dependencies.
2026-09-02T21:13:57.147+05:30  WARN 26680 --- [smartwatch-leaderboard] [main] trationDelegate$BeanPostProcessorChecker : Bean 'org.springframework.boot.autoconfigure.orm.jpa.HibernateJpaConfiguration' of type [org.springframework.boot.autoconfigure.orm.jpa.HibernateJpaConfiguration] is not eligible for getting processed by all BeanPostProcessors (for example: not eligible for auto-proxying). Is this bean getting eagerly injected into a currently created BeanPostProcessor [jobRegistryBeanPostProcessor]? Check the corresponding BeanPostProcessor declaration and its dependencies.
2026-09-02T21:13:57.167+05:30  WARN 26680 --- [smartwatch-leaderboard] [main] trationDelegate$BeanPostProcessorChecker : Bean 'org.springframework.boot.autoconfigure.transaction.TransactionManagerCustomizationAutoConfiguration' of type [org.springframework.boot.autoconfigure.transaction.TransactionManagerCustomizationAutoConfiguration] is not eligible for getting processed by all BeanPostProcessors (for example: not eligible for auto-proxying). Is this bean getting eagerly injected into a currently created BeanPostProcessor [jobRegistryBeanPostProcessor]? Check the corresponding BeanPostProcessor declaration and its dependencies.
2026-09-02T21:13:57.177+05:30  WARN 26680 --- [smartwatch-leaderboard] [main] trationDelegate$BeanPostProcessorChecker : Bean 'transactionExecutionListeners' of type [org.springframework.boot.autoconfigure.transaction.ExecutionListenersTransactionManagerCustomizer] is not eligible for getting processed by all BeanPostProcessors (for example: not eligible for auto-proxying). Is this bean getting eagerly injected into a currently created BeanPostProcessor [jobRegistryBeanPostProcessor]? Check the corresponding BeanPostProcessor declaration and its dependencies.
2026-09-02T21:13:57.186+05:30  WARN 26680 --- [smartwatch-leaderboard] [main] trationDelegate$BeanPostProcessorChecker : Bean 'spring.transaction-org.springframework.boot.autoconfigure.transaction.TransactionProperties' of type [org.springframework.boot.autoconfigure.transaction.TransactionProperties] is not eligible for getting processed by all BeanPostProcessors (for example: not eligible for auto-proxying). Is this bean getting eagerly injected into a currently created BeanPostProcessor [jobRegistryBeanPostProcessor]? Check the corresponding BeanPostProcessor declaration and its dependencies.
2026-09-02T21:13:57.189+05:30  WARN 26680 --- [smartwatch-leaderboard] [main] trationDelegate$BeanPostProcessorChecker : Bean 'platformTransactionManagerCustomizers' of type [org.springframework.boot.autoconfigure.transaction.TransactionManagerCustomizers] is not eligible for getting processed by all BeanPostProcessors (for example: not eligible for auto-proxying). Is this bean getting eagerly injected into a currently created BeanPostProcessor [jobRegistryBeanPostProcessor]? Check the corresponding BeanPostProcessor declaration and its dependencies.
2026-09-02T21:13:57.217+05:30  WARN 26680 --- [smartwatch-leaderboard] [main] trationDelegate$BeanPostProcessorChecker : Bean 'org.springframework.boot.autoconfigure.sql.init.DataSourceInitializationConfiguration' of type [org.springframework.boot.autoconfigure.sql.init.DataSourceInitializationConfiguration] is not eligible for getting processed by all BeanPostProcessors (for example: not eligible for auto-proxying). Is this bean getting eagerly injected into a currently created BeanPostProcessor [jobRegistryBeanPostProcessor]? Check the corresponding BeanPostProcessor declaration and its dependencies.
2026-09-02T21:13:57.226+05:30  WARN 26680 --- [smartwatch-leaderboard] [main] trationDelegate$BeanPostProcessorChecker : Bean 'spring.sql.init-org.springframework.boot.autoconfigure.sql.init.SqlInitializationProperties' of type [org.springframework.boot.autoconfigure.sql.init.SqlInitializationProperties] is not eligible for getting processed by all BeanPostProcessors (for example: not eligible for auto-proxying). Is this bean getting eagerly injected into a currently created BeanPostProcessor [jobRegistryBeanPostProcessor]? Check the corresponding BeanPostProcessor declaration and its dependencies.
2026-09-02T21:13:57.240+05:30  WARN 26680 --- [smartwatch-leaderboard] [main] trationDelegate$BeanPostProcessorChecker : Bean 'dataSourceScriptDatabaseInitializer' of type [org.springframework.boot.autoconfigure.sql.init.SqlDataSourceScriptDatabaseInitializer] is not eligible for getting processed by all BeanPostProcessors (for example: not eligible for auto-proxying). Is this bean getting eagerly injected into a currently created BeanPostProcessor [jobRegistryBeanPostProcessor]? Check the corresponding BeanPostProcessor declaration and its dependencies.
2026-09-02T21:13:57.247+05:30  WARN 26680 --- [smartwatch-leaderboard] [main] trationDelegate$BeanPostProcessorChecker : Bean 'org.springframework.boot.autoconfigure.batch.BatchAutoConfiguration$DataSourceInitializerConfiguration' of type [org.springframework.boot.autoconfigure.batch.BatchAutoConfiguration$DataSourceInitializerConfiguration] is not eligible for getting processed by all BeanPostProcessors (for example: not eligible for auto-proxying). Is this bean getting eagerly injected into a currently created BeanPostProcessor [jobRegistryBeanPostProcessor]? Check the corresponding BeanPostProcessor declaration and its dependencies.
2026-09-02T21:13:57.262+05:30  WARN 26680 --- [smartwatch-leaderboard] [main] trationDelegate$BeanPostProcessorChecker : Bean 'spring.batch-org.springframework.boot.autoconfigure.batch.BatchProperties' of type [org.springframework.boot.autoconfigure.batch.BatchProperties] is not eligible for getting processed by all BeanPostProcessors (for example: not eligible for auto-proxying). Is this bean getting eagerly injected into a currently created BeanPostProcessor [jobRegistryBeanPostProcessor]? Check the corresponding BeanPostProcessor declaration and its dependencies.
2026-09-02T21:13:57.285+05:30  INFO 26680 --- [smartwatch-leaderboard] [main] com.zaxxer.hikari.HikariDataSource       : HikariPool-1 - Starting...
2026-09-02T21:13:59.316+05:30 ERROR 26680 --- [smartwatch-leaderboard] [main] com.zaxxer.hikari.pool.HikariPool        : HikariPool-1 - Exception during pool initialization.

java.sql.SQLSyntaxErrorException: Unknown database 'smartwatch_leaderboard'
	at com.mysql.cj.jdbc.exceptions.SQLError.createSQLException(SQLError.java:121) ~[mysql-connector-j-8.3.0.jar:8.3.0]
	at com.mysql.cj.jdbc.exceptions.SQLExceptionsMapping.translateException(SQLExceptionsMapping.java:122) ~[mysql-connector-j-8.3.0.jar:8.3.0]
	at com.mysql.cj.jdbc.ConnectionImpl.createNewIO(ConnectionImpl.java:815) ~[mysql-connector-j-8.3.0.jar:8.3.0]
	at com.mysql.cj.jdbc.ConnectionImpl.<init>(ConnectionImpl.java:438) ~[mysql-connector-j-8.3.0.jar:8.3.0]
	at com.mysql.cj.jdbc.ConnectionImpl.getInstance(ConnectionImpl.java:241) ~[mysql-connector-j-8.3.0.jar:8.3.0]
	at com.mysql.cj.jdbc.NonRegisteringDriver.connect(NonRegisteringDriver.java:189) ~[mysql-connector-j-8.3.0.jar:8.3.0]
	at com.zaxxer.hikari.util.DriverDataSource.getConnection(DriverDataSource.java:138) ~[HikariCP-5.0.1.jar:na]
	at com.zaxxer.hikari.pool.PoolBase.newConnection(PoolBase.java:359) ~[HikariCP-5.0.1.jar:na]
	at com.zaxxer.hikari.pool.PoolBase.newPoolEntry(PoolBase.java:201) ~[HikariCP-5.0.1.jar:na]
	at com.zaxxer.hikari.pool.HikariPool.createPoolEntry(HikariPool.java:470) ~[HikariCP-5.0.1.jar:na]
	at com.zaxxer.hikari.pool.HikariPool.checkFailFast(HikariPool.java:561) ~[HikariCP-5.0.1.jar:na]
	at com.zaxxer.hikari.pool.HikariPool.<init>(HikariPool.java:100) ~[HikariCP-5.0.1.jar:na]
	at com.zaxxer.hikari.HikariDataSource.getConnection(HikariDataSource.java:112) ~[HikariCP-5.0.1.jar:na]
	at org.springframework.jdbc.datasource.DataSourceUtils.fetchConnection(DataSourceUtils.java:160) ~[spring-jdbc-6.1.5.jar:6.1.5]
	at org.springframework.jdbc.datasource.DataSourceUtils.doGetConnection(DataSourceUtils.java:118) ~[spring-jdbc-6.1.5.jar:6.1.5]
	at org.springframework.jdbc.datasource.DataSourceUtils.getConnection(DataSourceUtils.java:81) ~[spring-jdbc-6.1.5.jar:6.1.5]
	at org.springframework.jdbc.support.JdbcUtils.extractDatabaseMetaData(JdbcUtils.java:331) ~[spring-jdbc-6.1.5.jar:6.1.5]
	at org.springframework.boot.jdbc.init.PlatformPlaceholderDatabaseDriverResolver.getDatabaseDriver(PlatformPlaceholderDatabaseDriverResolver.java:140) ~[spring-boot-3.2.4.jar:3.2.4]
	at org.springframework.boot.jdbc.init.PlatformPlaceholderDatabaseDriverResolver.determinePlatform(PlatformPlaceholderDatabaseDriverResolver.java:132) ~[spring-boot-3.2.4.jar:3.2.4]
	at org.springframework.boot.jdbc.init.PlatformPlaceholderDatabaseDriverResolver.lambda$resolveAll$0(PlatformPlaceholderDatabaseDriverResolver.java:97) ~[spring-boot-3.2.4.jar:3.2.4]
	at org.springframework.boot.jdbc.init.PlatformPlaceholderDatabaseDriverResolver.resolveAll(PlatformPlaceholderDatabaseDriverResolver.java:122) ~[spring-boot-3.2.4.jar:3.2.4]
	at org.springframework.boot.jdbc.init.PlatformPlaceholderDatabaseDriverResolver.resolveAll(PlatformPlaceholderDatabaseDriverResolver.java:97) ~[spring-boot-3.2.4.jar:3.2.4]
	at org.springframework.boot.autoconfigure.batch.BatchDataSourceScriptDatabaseInitializer.resolveSchemaLocations(BatchDataSourceScriptDatabaseInitializer.java:83) ~[spring-boot-autoconfigure-3.2.4.jar:3.2.4]
	at org.springframework.boot.autoconfigure.batch.BatchDataSourceScriptDatabaseInitializer.getSettings(BatchDataSourceScriptDatabaseInitializer.java:72) ~[spring-boot-autoconfigure-3.2.4.jar:3.2.4]
	at org.springframework.boot.autoconfigure.batch.BatchDataSourceScriptDatabaseInitializer.<init>(BatchDataSourceScriptDatabaseInitializer.java:47) ~[spring-boot-autoconfigure-3.2.4.jar:3.2.4]
	at org.springframework.boot.autoconfigure.batch.BatchAutoConfiguration$DataSourceInitializerConfiguration.batchDataSourceInitializer(BatchAutoConfiguration.java:156) ~[spring-boot-autoconfigure-3.2.4.jar:3.2.4]
	at java.base/jdk.internal.reflect.DirectMethodHandleAccessor.invoke(DirectMethodHandleAccessor.java:103) ~[na:na]
	at java.base/java.lang.reflect.Method.invoke(Method.java:580) ~[na:na]
	at org.springframework.beans.factory.support.SimpleInstantiationStrategy.instantiate(SimpleInstantiationStrategy.java:140) ~[spring-beans-6.1.5.jar:6.1.5]
	at org.springframework.beans.factory.support.ConstructorResolver.instantiate(ConstructorResolver.java:644) ~[spring-beans-6.1.5.jar:6.1.5]
	at org.springframework.beans.factory.support.ConstructorResolver.instantiateUsingFactoryMethod(ConstructorResolver.java:636) ~[spring-beans-6.1.5.jar:6.1.5]
	at org.springframework.beans.factory.support.AbstractAutowireCapableBeanFactory.instantiateUsingFactoryMethod(AbstractAutowireCapableBeanFactory.java:1335) ~[spring-beans-6.1.5.jar:6.1.5]
	at org.springframework.beans.factory.support.AbstractAutowireCapableBeanFactory.createBeanInstance(AbstractAutowireCapableBeanFactory.java:1165) ~[spring-beans-6.1.5.jar:6.1.5]
	at org.springframework.beans.factory.support.AbstractAutowireCapableBeanFactory.doCreateBean(AbstractAutowireCapableBeanFactory.java:562) ~[spring-beans-6.1.5.jar:6.1.5]
	at org.springframework.beans.factory.support.AbstractAutowireCapableBeanFactory.createBean(AbstractAutowireCapableBeanFactory.java:522) ~[spring-beans-6.1.5.jar:6.1.5]
	at org.springframework.beans.factory.support.AbstractBeanFactory.lambda$doGetBean$0(AbstractBeanFactory.java:326) ~[spring-beans-6.1.5.jar:6.1.5]
	at org.springframework.beans.factory.support.DefaultSingletonBeanRegistry.getSingleton(DefaultSingletonBeanRegistry.java:234) ~[spring-beans-6.1.5.jar:6.1.5]
	at org.springframework.beans.factory.support.AbstractBeanFactory.doGetBean(AbstractBeanFactory.java:324) ~[spring-beans-6.1.5.jar:6.1.5]
	at org.springframework.beans.factory.support.AbstractBeanFactory.getBean(AbstractBeanFactory.java:200) ~[spring-beans-6.1.5.jar:6.1.5]
	at org.springframework.beans.factory.support.AbstractBeanFactory.doGetBean(AbstractBeanFactory.java:313) ~[spring-beans-6.1.5.jar:6.1.5]
	at org.springframework.beans.factory.support.AbstractBeanFactory.getBean(AbstractBeanFactory.java:225) ~[spring-beans-6.1.5.jar:6.1.5]
	at org.springframework.beans.factory.support.DefaultListableBeanFactory.resolveNamedBean(DefaultListableBeanFactory.java:1323) ~[spring-beans-6.1.5.jar:6.1.5]
	at org.springframework.beans.factory.support.DefaultListableBeanFactory.resolveNamedBean(DefaultListableBeanFactory.java:1284) ~[spring-beans-6.1.5.jar:6.1.5]
	at org.springframework.beans.factory.support.DefaultListableBeanFactory.resolveBean(DefaultListableBeanFactory.java:486) ~[spring-beans-6.1.5.jar:6.1.5]
	at org.springframework.beans.factory.support.DefaultListableBeanFactory.getBean(DefaultListableBeanFactory.java:341) ~[spring-beans-6.1.5.jar:6.1.5]
	at org.springframework.beans.factory.support.DefaultListableBeanFactory.getBean(DefaultListableBeanFactory.java:334) ~[spring-beans-6.1.5.jar:6.1.5]
	at org.springframework.orm.jpa.EntityManagerFactoryUtils.findEntityManagerFactory(EntityManagerFactoryUtils.java:120) ~[spring-orm-6.1.5.jar:6.1.5]
	at org.springframework.orm.jpa.JpaTransactionManager.setBeanFactory(JpaTransactionManager.java:333) ~[spring-orm-6.1.5.jar:6.1.5]
	at org.springframework.beans.factory.support.AbstractAutowireCapableBeanFactory.invokeAwareMethods(AbstractAutowireCapableBeanFactory.java:1807) ~[spring-beans-6.1.5.jar:6.1.5]
	at org.springframework.beans.factory.support.AbstractAutowireCapableBeanFactory.initializeBean(AbstractAutowireCapableBeanFactory.java:1774) ~[spring-beans-6.1.5.jar:6.1.5]
	at org.springframework.beans.factory.support.AbstractAutowireCapableBeanFactory.doCreateBean(AbstractAutowireCapableBeanFactory.java:600) ~[spring-beans-6.1.5.jar:6.1.5]
	at org.springframework.beans.factory.support.AbstractAutowireCapableBeanFactory.createBean(AbstractAutowireCapableBeanFactory.java:522) ~[spring-beans-6.1.5.jar:6.1.5]
	at org.springframework.beans.factory.support.AbstractBeanFactory.lambda$doGetBean$0(AbstractBeanFactory.java:326) ~[spring-beans-6.1.5.jar:6.1.5]
	at org.springframework.beans.factory.support.DefaultSingletonBeanRegistry.getSingleton(DefaultSingletonBeanRegistry.java:234) ~[spring-beans-6.1.5.jar:6.1.5]
	at org.springframework.beans.factory.support.AbstractBeanFactory.doGetBean(AbstractBeanFactory.java:324) ~[spring-beans-6.1.5.jar:6.1.5]
	at org.springframework.beans.factory.support.AbstractBeanFactory.getBean(AbstractBeanFactory.java:200) ~[spring-beans-6.1.5.jar:6.1.5]
	at org.springframework.beans.factory.config.DependencyDescriptor.resolveCandidate(DependencyDescriptor.java:254) ~[spring-beans-6.1.5.jar:6.1.5]
	at org.springframework.beans.factory.support.DefaultListableBeanFactory.doResolveDependency(DefaultListableBeanFactory.java:1443) ~[spring-beans-6.1.5.jar:6.1.5]
	at org.springframework.beans.factory.support.DefaultListableBeanFactory.resolveDependency(DefaultListableBeanFactory.java:1353) ~[spring-beans-6.1.5.jar:6.1.5]
	at org.springframework.beans.factory.support.ConstructorResolver.resolveAutowiredArgument(ConstructorResolver.java:904) ~[spring-beans-6.1.5.jar:6.1.5]
	at org.springframework.beans.factory.support.ConstructorResolver.createArgumentArray(ConstructorResolver.java:782) ~[spring-beans-6.1.5.jar:6.1.5]
	at org.springframework.beans.factory.support.ConstructorResolver.autowireConstructor(ConstructorResolver.java:237) ~[spring-beans-6.1.5.jar:6.1.5]
	at org.springframework.beans.factory.support.AbstractAutowireCapableBeanFactory.autowireConstructor(AbstractAutowireCapableBeanFactory.java:1355) ~[spring-beans-6.1.5.jar:6.1.5]
	at org.springframework.beans.factory.support.AbstractAutowireCapableBeanFactory.createBeanInstance(AbstractAutowireCapableBeanFactory.java:1192) ~[spring-beans-6.1.5.jar:6.1.5]
	at org.springframework.beans.factory.support.AbstractAutowireCapableBeanFactory.doCreateBean(AbstractAutowireCapableBeanFactory.java:562) ~[spring-beans-6.1.5.jar:6.1.5]
	at org.springframework.beans.factory.support.AbstractAutowireCapableBeanFactory.createBean(AbstractAutowireCapableBeanFactory.java:522) ~[spring-beans-6.1.5.jar:6.1.5]
	at org.springframework.beans.factory.support.AbstractBeanFactory.lambda$doGetBean$0(AbstractBeanFactory.java:326) ~[spring-beans-6.1.5.jar:6.1.5]
	at org.springframework.beans.factory.support.DefaultSingletonBeanRegistry.getSingleton(DefaultSingletonBeanRegistry.java:234) ~[spring-beans-6.1.5.jar:6.1.5]
	at org.springframework.beans.factory.support.AbstractBeanFactory.doGetBean(AbstractBeanFactory.java:324) ~[spring-beans-6.1.5.jar:6.1.5]
	at org.springframework.beans.factory.support.AbstractBeanFactory.getBean(AbstractBeanFactory.java:200) ~[spring-beans-6.1.5.jar:6.1.5]
	at org.springframework.beans.factory.support.ConstructorResolver.instantiateUsingFactoryMethod(ConstructorResolver.java:409) ~[spring-beans-6.1.5.jar:6.1.5]
	at org.springframework.beans.factory.support.AbstractAutowireCapableBeanFactory.instantiateUsingFactoryMethod(AbstractAutowireCapableBeanFactory.java:1335) ~[spring-beans-6.1.5.jar:6.1.5]
	at org.springframework.beans.factory.support.AbstractAutowireCapableBeanFactory.createBeanInstance(AbstractAutowireCapableBeanFactory.java:1165) ~[spring-beans-6.1.5.jar:6.1.5]
	at org.springframework.beans.factory.support.AbstractAutowireCapableBeanFactory.doCreateBean(AbstractAutowireCapableBeanFactory.java:562) ~[spring-beans-6.1.5.jar:6.1.5]
	at org.springframework.beans.factory.support.AbstractAutowireCapableBeanFactory.createBean(AbstractAutowireCapableBeanFactory.java:522) ~[spring-beans-6.1.5.jar:6.1.5]
	at org.springframework.beans.factory.support.AbstractBeanFactory.lambda$doGetBean$0(AbstractBeanFactory.java:326) ~[spring-beans-6.1.5.jar:6.1.5]
	at org.springframework.beans.factory.support.DefaultSingletonBeanRegistry.getSingleton(DefaultSingletonBeanRegistry.java:234) ~[spring-beans-6.1.5.jar:6.1.5]
	at org.springframework.beans.factory.support.AbstractBeanFactory.doGetBean(AbstractBeanFactory.java:324) ~[spring-beans-6.1.5.jar:6.1.5]
	at org.springframework.beans.factory.support.AbstractBeanFactory.getBean(AbstractBeanFactory.java:205) ~[spring-beans-6.1.5.jar:6.1.5]
	at org.springframework.context.support.PostProcessorRegistrationDelegate.registerBeanPostProcessors(PostProcessorRegistrationDelegate.java:277) ~[spring-context-6.1.5.jar:6.1.5]
	at org.springframework.context.support.AbstractApplicationContext.registerBeanPostProcessors(AbstractApplicationContext.java:805) ~[spring-context-6.1.5.jar:6.1.5]
	at org.springframework.context.support.AbstractApplicationContext.refresh(AbstractApplicationContext.java:608) ~[spring-context-6.1.5.jar:6.1.5]
	at org.springframework.boot.web.servlet.context.ServletWebServerApplicationContext.refresh(ServletWebServerApplicationContext.java:146) ~[spring-boot-3.2.4.jar:3.2.4]
	at org.springframework.boot.SpringApplication.refresh(SpringApplication.java:754) ~[spring-boot-3.2.4.jar:3.2.4]
	at org.springframework.boot.SpringApplication.refreshContext(SpringApplication.java:456) ~[spring-boot-3.2.4.jar:3.2.4]
	at org.springframework.boot.SpringApplication.run(SpringApplication.java:334) ~[spring-boot-3.2.4.jar:3.2.4]
	at org.springframework.boot.SpringApplication.run(SpringApplication.java:1354) ~[spring-boot-3.2.4.jar:3.2.4]
	at org.springframework.boot.SpringApplication.run(SpringApplication.java:1343) ~[spring-boot-3.2.4.jar:3.2.4]
	at com.smartwatch.leaderboard.SmartwatchLeaderboard.main(SmartwatchLeaderboard.java:10) ~[classes/:na]

2026-09-02T21:13:59.342+05:30  WARN 26680 --- [smartwatch-leaderboard] [main] ConfigServletWebServerApplicationContext : Exception encountered during context initialization - cancelling refresh attempt: org.springframework.beans.factory.UnsatisfiedDependencyException: Error creating bean with name 'org.springframework.boot.autoconfigure.batch.BatchAutoConfiguration$SpringBootBatchConfiguration': Unsatisfied dependency expressed through constructor parameter 2: Error creating bean with name 'transactionManager' defined in class path resource [org/springframework/boot/autoconfigure/orm/jpa/HibernateJpaConfiguration.class]: Error creating bean with name 'batchDataSourceInitializer' defined in class path resource [org/springframework/boot/autoconfigure/batch/BatchAutoConfiguration$DataSourceInitializerConfiguration.class]: Failed to instantiate [org.springframework.boot.autoconfigure.batch.BatchDataSourceScriptDatabaseInitializer]: Factory method 'batchDataSourceInitializer' threw exception with message: Failed to determine DatabaseDriver
2026-09-02T21:13:59.431+05:30  INFO 26680 --- [smartwatch-leaderboard] [main] .s.b.a.l.ConditionEvaluationReportLogger : 

Error starting ApplicationContext. To display the condition evaluation report re-run your application with 'debug' enabled.
2026-09-02T21:13:59.471+05:30 ERROR 26680 --- [smartwatch-leaderboard] [main] o.s.boot.SpringApplication               : Application run failed

org.springframework.beans.factory.UnsatisfiedDependencyException: Error creating bean with name 'org.springframework.boot.autoconfigure.batch.BatchAutoConfiguration$SpringBootBatchConfiguration': Unsatisfied dependency expressed through constructor parameter 2: Error creating bean with name 'transactionManager' defined in class path resource [org/springframework/boot/autoconfigure/orm/jpa/HibernateJpaConfiguration.class]: Error creating bean with name 'batchDataSourceInitializer' defined in class path resource [org/springframework/boot/autoconfigure/batch/BatchAutoConfiguration$DataSourceInitializerConfiguration.class]: Failed to instantiate [org.springframework.boot.autoconfigure.batch.BatchDataSourceScriptDatabaseInitializer]: Factory method 'batchDataSourceInitializer' threw exception with message: Failed to determine DatabaseDriver
	at org.springframework.beans.factory.support.ConstructorResolver.createArgumentArray(ConstructorResolver.java:795) ~[spring-beans-6.1.5.jar:6.1.5]
	at org.springframework.beans.factory.support.ConstructorResolver.autowireConstructor(ConstructorResolver.java:237) ~[spring-beans-6.1.5.jar:6.1.5]
	at org.springframework.beans.factory.support.AbstractAutowireCapableBeanFactory.autowireConstructor(AbstractAutowireCapableBeanFactory.java:1355) ~[spring-beans-6.1.5.jar:6.1.5]
	at org.springframework.beans.factory.support.AbstractAutowireCapableBeanFactory.createBeanInstance(AbstractAutowireCapableBeanFactory.java:1192) ~[spring-beans-6.1.5.jar:6.1.5]
	at org.springframework.beans.factory.support.AbstractAutowireCapableBeanFactory.doCreateBean(AbstractAutowireCapableBeanFactory.java:562) ~[spring-beans-6.1.5.jar:6.1.5]
	at org.springframework.beans.factory.support.AbstractAutowireCapableBeanFactory.createBean(AbstractAutowireCapableBeanFactory.java:522) ~[spring-beans-6.1.5.jar:6.1.5]
	at org.springframework.beans.factory.support.AbstractBeanFactory.lambda$doGetBean$0(AbstractBeanFactory.java:326) ~[spring-beans-6.1.5.jar:6.1.5]
	at org.springframework.beans.factory.support.DefaultSingletonBeanRegistry.getSingleton(DefaultSingletonBeanRegistry.java:234) ~[spring-beans-6.1.5.jar:6.1.5]
	at org.springframework.beans.factory.support.AbstractBeanFactory.doGetBean(AbstractBeanFactory.java:324) ~[spring-beans-6.1.5.jar:6.1.5]
	at org.springframework.beans.factory.support.AbstractBeanFactory.getBean(AbstractBeanFactory.java:200) ~[spring-beans-6.1.5.jar:6.1.5]
	at org.springframework.beans.factory.support.ConstructorResolver.instantiateUsingFactoryMethod(ConstructorResolver.java:409) ~[spring-beans-6.1.5.jar:6.1.5]
	at org.springframework.beans.factory.support.AbstractAutowireCapableBeanFactory.instantiateUsingFactoryMethod(AbstractAutowireCapableBeanFactory.java:1335) ~[spring-beans-6.1.5.jar:6.1.5]
	at org.springframework.beans.factory.support.AbstractAutowireCapableBeanFactory.createBeanInstance(AbstractAutowireCapableBeanFactory.java:1165) ~[spring-beans-6.1.5.jar:6.1.5]
	at org.springframework.beans.factory.support.AbstractAutowireCapableBeanFactory.doCreateBean(AbstractAutowireCapableBeanFactory.java:562) ~[spring-beans-6.1.5.jar:6.1.5]
	at org.springframework.beans.factory.support.AbstractAutowireCapableBeanFactory.createBean(AbstractAutowireCapableBeanFactory.java:522) ~[spring-beans-6.1.5.jar:6.1.5]
	at org.springframework.beans.factory.support.AbstractBeanFactory.lambda$doGetBean$0(AbstractBeanFactory.java:326) ~[spring-beans-6.1.5.jar:6.1.5]
	at org.springframework.beans.factory.support.DefaultSingletonBeanRegistry.getSingleton(DefaultSingletonBeanRegistry.java:234) ~[spring-beans-6.1.5.jar:6.1.5]
	at org.springframework.beans.factory.support.AbstractBeanFactory.doGetBean(AbstractBeanFactory.java:324) ~[spring-beans-6.1.5.jar:6.1.5]
	at org.springframework.beans.factory.support.AbstractBeanFactory.getBean(AbstractBeanFactory.java:205) ~[spring-beans-6.1.5.jar:6.1.5]
	at org.springframework.context.support.PostProcessorRegistrationDelegate.registerBeanPostProcessors(PostProcessorRegistrationDelegate.java:277) ~[spring-context-6.1.5.jar:6.1.5]
	at org.springframework.context.support.AbstractApplicationContext.registerBeanPostProcessors(AbstractApplicationContext.java:805) ~[spring-context-6.1.5.jar:6.1.5]
	at org.springframework.context.support.AbstractApplicationContext.refresh(AbstractApplicationContext.java:608) ~[spring-context-6.1.5.jar:6.1.5]
	at org.springframework.boot.web.servlet.context.ServletWebServerApplicationContext.refresh(ServletWebServerApplicationContext.java:146) ~[spring-boot-3.2.4.jar:3.2.4]
	at org.springframework.boot.SpringApplication.refresh(SpringApplication.java:754) ~[spring-boot-3.2.4.jar:3.2.4]
	at org.springframework.boot.SpringApplication.refreshContext(SpringApplication.java:456) ~[spring-boot-3.2.4.jar:3.2.4]
	at org.springframework.boot.SpringApplication.run(SpringApplication.java:334) ~[spring-boot-3.2.4.jar:3.2.4]
	at org.springframework.boot.SpringApplication.run(SpringApplication.java:1354) ~[spring-boot-3.2.4.jar:3.2.4]
	at org.springframework.boot.SpringApplication.run(SpringApplication.java:1343) ~[spring-boot-3.2.4.jar:3.2.4]
	at com.smartwatch.leaderboard.SmartwatchLeaderboard.main(SmartwatchLeaderboard.java:10) ~[classes/:na]
Caused by: org.springframework.beans.factory.BeanCreationException: Error creating bean with name 'transactionManager' defined in class path resource [org/springframework/boot/autoconfigure/orm/jpa/HibernateJpaConfiguration.class]: Error creating bean with name 'batchDataSourceInitializer' defined in class path resource [org/springframework/boot/autoconfigure/batch/BatchAutoConfiguration$DataSourceInitializerConfiguration.class]: Failed to instantiate [org.springframework.boot.autoconfigure.batch.BatchDataSourceScriptDatabaseInitializer]: Factory method 'batchDataSourceInitializer' threw exception with message: Failed to determine DatabaseDriver
	at org.springframework.beans.factory.support.AbstractAutowireCapableBeanFactory.doCreateBean(AbstractAutowireCapableBeanFactory.java:607) ~[spring-beans-6.1.5.jar:6.1.5]
	at org.springframework.beans.factory.support.AbstractAutowireCapableBeanFactory.createBean(AbstractAutowireCapableBeanFactory.java:522) ~[spring-beans-6.1.5.jar:6.1.5]
	at org.springframework.beans.factory.support.AbstractBeanFactory.lambda$doGetBean$0(AbstractBeanFactory.java:326) ~[spring-beans-6.1.5.jar:6.1.5]
	at org.springframework.beans.factory.support.DefaultSingletonBeanRegistry.getSingleton(DefaultSingletonBeanRegistry.java:234) ~[spring-beans-6.1.5.jar:6.1.5]
	at org.springframework.beans.factory.support.AbstractBeanFactory.doGetBean(AbstractBeanFactory.java:324) ~[spring-beans-6.1.5.jar:6.1.5]
	at org.springframework.beans.factory.support.AbstractBeanFactory.getBean(AbstractBeanFactory.java:200) ~[spring-beans-6.1.5.jar:6.1.5]
	at org.springframework.beans.factory.config.DependencyDescriptor.resolveCandidate(DependencyDescriptor.java:254) ~[spring-beans-6.1.5.jar:6.1.5]
	at org.springframework.beans.factory.support.DefaultListableBeanFactory.doResolveDependency(DefaultListableBeanFactory.java:1443) ~[spring-beans-6.1.5.jar:6.1.5]
	at org.springframework.beans.factory.support.DefaultListableBeanFactory.resolveDependency(DefaultListableBeanFactory.java:1353) ~[spring-beans-6.1.5.jar:6.1.5]
	at org.springframework.beans.factory.support.ConstructorResolver.resolveAutowiredArgument(ConstructorResolver.java:904) ~[spring-beans-6.1.5.jar:6.1.5]
	at org.springframework.beans.factory.support.ConstructorResolver.createArgumentArray(ConstructorResolver.java:782) ~[spring-beans-6.1.5.jar:6.1.5]
	... 28 common frames omitted
Caused by: org.springframework.beans.factory.BeanCreationException: Error creating bean with name 'batchDataSourceInitializer' defined in class path resource [org/springframework/boot/autoconfigure/batch/BatchAutoConfiguration$DataSourceInitializerConfiguration.class]: Failed to instantiate [org.springframework.boot.autoconfigure.batch.BatchDataSourceScriptDatabaseInitializer]: Factory method 'batchDataSourceInitializer' threw exception with message: Failed to determine DatabaseDriver
	at org.springframework.beans.factory.support.ConstructorResolver.instantiate(ConstructorResolver.java:648) ~[spring-beans-6.1.5.jar:6.1.5]
	at org.springframework.beans.factory.support.ConstructorResolver.instantiateUsingFactoryMethod(ConstructorResolver.java:636) ~[spring-beans-6.1.5.jar:6.1.5]
	at org.springframework.beans.factory.support.AbstractAutowireCapableBeanFactory.instantiateUsingFactoryMethod(AbstractAutowireCapableBeanFactory.java:1335) ~[spring-beans-6.1.5.jar:6.1.5]
	at org.springframework.beans.factory.support.AbstractAutowireCapableBeanFactory.createBeanInstance(AbstractAutowireCapableBeanFactory.java:1165) ~[spring-beans-6.1.5.jar:6.1.5]
	at org.springframework.beans.factory.support.AbstractAutowireCapableBeanFactory.doCreateBean(AbstractAutowireCapableBeanFactory.java:562) ~[spring-beans-6.1.5.jar:6.1.5]
	at org.springframework.beans.factory.support.AbstractAutowireCapableBeanFactory.createBean(AbstractAutowireCapableBeanFactory.java:522) ~[spring-beans-6.1.5.jar:6.1.5]
	at org.springframework.beans.factory.support.AbstractBeanFactory.lambda$doGetBean$0(AbstractBeanFactory.java:326) ~[spring-beans-6.1.5.jar:6.1.5]
	at org.springframework.beans.factory.support.DefaultSingletonBeanRegistry.getSingleton(DefaultSingletonBeanRegistry.java:234) ~[spring-beans-6.1.5.jar:6.1.5]
	at org.springframework.beans.factory.support.AbstractBeanFactory.doGetBean(AbstractBeanFactory.java:324) ~[spring-beans-6.1.5.jar:6.1.5]
	at org.springframework.beans.factory.support.AbstractBeanFactory.getBean(AbstractBeanFactory.java:200) ~[spring-beans-6.1.5.jar:6.1.5]
	at org.springframework.beans.factory.support.AbstractBeanFactory.doGetBean(AbstractBeanFactory.java:313) ~[spring-beans-6.1.5.jar:6.1.5]
	at org.springframework.beans.factory.support.AbstractBeanFactory.getBean(AbstractBeanFactory.java:225) ~[spring-beans-6.1.5.jar:6.1.5]
	at org.springframework.beans.factory.support.DefaultListableBeanFactory.resolveNamedBean(DefaultListableBeanFactory.java:1323) ~[spring-beans-6.1.5.jar:6.1.5]
	at org.springframework.beans.factory.support.DefaultListableBeanFactory.resolveNamedBean(DefaultListableBeanFactory.java:1284) ~[spring-beans-6.1.5.jar:6.1.5]
	at org.springframework.beans.factory.support.DefaultListableBeanFactory.resolveBean(DefaultListableBeanFactory.java:486) ~[spring-beans-6.1.5.jar:6.1.5]
	at org.springframework.beans.factory.support.DefaultListableBeanFactory.getBean(DefaultListableBeanFactory.java:341) ~[spring-beans-6.1.5.jar:6.1.5]
	at org.springframework.beans.factory.support.DefaultListableBeanFactory.getBean(DefaultListableBeanFactory.java:334) ~[spring-beans-6.1.5.jar:6.1.5]
	at org.springframework.orm.jpa.EntityManagerFactoryUtils.findEntityManagerFactory(EntityManagerFactoryUtils.java:120) ~[spring-orm-6.1.5.jar:6.1.5]
	at org.springframework.orm.jpa.JpaTransactionManager.setBeanFactory(JpaTransactionManager.java:333) ~[spring-orm-6.1.5.jar:6.1.5]
	at org.springframework.beans.factory.support.AbstractAutowireCapableBeanFactory.invokeAwareMethods(AbstractAutowireCapableBeanFactory.java:1807) ~[spring-beans-6.1.5.jar:6.1.5]
	at org.springframework.beans.factory.support.AbstractAutowireCapableBeanFactory.initializeBean(AbstractAutowireCapableBeanFactory.java:1774) ~[spring-beans-6.1.5.jar:6.1.5]
	at org.springframework.beans.factory.support.AbstractAutowireCapableBeanFactory.doCreateBean(AbstractAutowireCapableBeanFactory.java:600) ~[spring-beans-6.1.5.jar:6.1.5]
	... 38 common frames omitted
Caused by: org.springframework.beans.BeanInstantiationException: Failed to instantiate [org.springframework.boot.autoconfigure.batch.BatchDataSourceScriptDatabaseInitializer]: Factory method 'batchDataSourceInitializer' threw exception with message: Failed to determine DatabaseDriver
	at org.springframework.beans.factory.support.SimpleInstantiationStrategy.instantiate(SimpleInstantiationStrategy.java:177) ~[spring-beans-6.1.5.jar:6.1.5]
	at org.springframework.beans.factory.support.ConstructorResolver.instantiate(ConstructorResolver.java:644) ~[spring-beans-6.1.5.jar:6.1.5]
	... 59 common frames omitted
Caused by: java.lang.IllegalStateException: Failed to determine DatabaseDriver
	at org.springframework.boot.jdbc.init.PlatformPlaceholderDatabaseDriverResolver.getDatabaseDriver(PlatformPlaceholderDatabaseDriverResolver.java:144) ~[spring-boot-3.2.4.jar:3.2.4]
	at org.springframework.boot.jdbc.init.PlatformPlaceholderDatabaseDriverResolver.determinePlatform(PlatformPlaceholderDatabaseDriverResolver.java:132) ~[spring-boot-3.2.4.jar:3.2.4]
	at org.springframework.boot.jdbc.init.PlatformPlaceholderDatabaseDriverResolver.lambda$resolveAll$0(PlatformPlaceholderDatabaseDriverResolver.java:97) ~[spring-boot-3.2.4.jar:3.2.4]
	at org.springframework.boot.jdbc.init.PlatformPlaceholderDatabaseDriverResolver.resolveAll(PlatformPlaceholderDatabaseDriverResolver.java:122) ~[spring-boot-3.2.4.jar:3.2.4]
	at org.springframework.boot.jdbc.init.PlatformPlaceholderDatabaseDriverResolver.resolveAll(PlatformPlaceholderDatabaseDriverResolver.java:97) ~[spring-boot-3.2.4.jar:3.2.4]
	at org.springframework.boot.autoconfigure.batch.BatchDataSourceScriptDatabaseInitializer.resolveSchemaLocations(BatchDataSourceScriptDatabaseInitializer.java:83) ~[spring-boot-autoconfigure-3.2.4.jar:3.2.4]
	at org.springframework.boot.autoconfigure.batch.BatchDataSourceScriptDatabaseInitializer.getSettings(BatchDataSourceScriptDatabaseInitializer.java:72) ~[spring-boot-autoconfigure-3.2.4.jar:3.2.4]
	at org.springframework.boot.autoconfigure.batch.BatchDataSourceScriptDatabaseInitializer.<init>(BatchDataSourceScriptDatabaseInitializer.java:47) ~[spring-boot-autoconfigure-3.2.4.jar:3.2.4]
	at org.springframework.boot.autoconfigure.batch.BatchAutoConfiguration$DataSourceInitializerConfiguration.batchDataSourceInitializer(BatchAutoConfiguration.java:156) ~[spring-boot-autoconfigure-3.2.4.jar:3.2.4]
	at java.base/jdk.internal.reflect.DirectMethodHandleAccessor.invoke(DirectMethodHandleAccessor.java:103) ~[na:na]
	at java.base/java.lang.reflect.Method.invoke(Method.java:580) ~[na:na]
	at org.springframework.beans.factory.support.SimpleInstantiationStrategy.instantiate(SimpleInstantiationStrategy.java:140) ~[spring-beans-6.1.5.jar:6.1.5]
	... 60 common frames omitted
Caused by: org.springframework.jdbc.support.MetaDataAccessException: Could not get Connection for extracting meta-data
	at org.springframework.jdbc.support.JdbcUtils.extractDatabaseMetaData(JdbcUtils.java:357) ~[spring-jdbc-6.1.5.jar:6.1.5]
	at org.springframework.boot.jdbc.init.PlatformPlaceholderDatabaseDriverResolver.getDatabaseDriver(PlatformPlaceholderDatabaseDriverResolver.java:140) ~[spring-boot-3.2.4.jar:3.2.4]
	... 71 common frames omitted
Caused by: org.springframework.jdbc.CannotGetJdbcConnectionException: Failed to obtain JDBC Connection
	at org.springframework.jdbc.datasource.DataSourceUtils.getConnection(DataSourceUtils.java:84) ~[spring-jdbc-6.1.5.jar:6.1.5]
	at org.springframework.jdbc.support.JdbcUtils.extractDatabaseMetaData(JdbcUtils.java:331) ~[spring-jdbc-6.1.5.jar:6.1.5]
	... 72 common frames omitted
Caused by: java.sql.SQLSyntaxErrorException: Unknown database 'smartwatch_leaderboard'
	at com.mysql.cj.jdbc.exceptions.SQLError.createSQLException(SQLError.java:121) ~[mysql-connector-j-8.3.0.jar:8.3.0]
	at com.mysql.cj.jdbc.exceptions.SQLExceptionsMapping.translateException(SQLExceptionsMapping.java:122) ~[mysql-connector-j-8.3.0.jar:8.3.0]
	at com.mysql.cj.jdbc.ConnectionImpl.createNewIO(ConnectionImpl.java:815) ~[mysql-connector-j-8.3.0.jar:8.3.0]
	at com.mysql.cj.jdbc.ConnectionImpl.<init>(ConnectionImpl.java:438) ~[mysql-connector-j-8.3.0.jar:8.3.0]
	at com.mysql.cj.jdbc.ConnectionImpl.getInstance(ConnectionImpl.java:241) ~[mysql-connector-j-8.3.0.jar:8.3.0]
	at com.mysql.cj.jdbc.NonRegisteringDriver.connect(NonRegisteringDriver.java:189) ~[mysql-connector-j-8.3.0.jar:8.3.0]
	at com.zaxxer.hikari.util.DriverDataSource.getConnection(DriverDataSource.java:138) ~[HikariCP-5.0.1.jar:na]
	at com.zaxxer.hikari.pool.PoolBase.newConnection(PoolBase.java:359) ~[HikariCP-5.0.1.jar:na]
	at com.zaxxer.hikari.pool.PoolBase.newPoolEntry(PoolBase.java:201) ~[HikariCP-5.0.1.jar:na]
	at com.zaxxer.hikari.pool.HikariPool.createPoolEntry(HikariPool.java:470) ~[HikariCP-5.0.1.jar:na]
	at com.zaxxer.hikari.pool.HikariPool.checkFailFast(HikariPool.java:561) ~[HikariCP-5.0.1.jar:na]
	at com.zaxxer.hikari.pool.HikariPool.<init>(HikariPool.java:100) ~[HikariCP-5.0.1.jar:na]
	at com.zaxxer.hikari.HikariDataSource.getConnection(HikariDataSource.java:112) ~[HikariCP-5.0.1.jar:na]
	at org.springframework.jdbc.datasource.DataSourceUtils.fetchConnection(DataSourceUtils.java:160) ~[spring-jdbc-6.1.5.jar:6.1.5]
	at org.springframework.jdbc.datasource.DataSourceUtils.doGetConnection(DataSourceUtils.java:118) ~[spring-jdbc-6.1.5.jar:6.1.5]
	at org.springframework.jdbc.datasource.DataSourceUtils.getConnection(DataSourceUtils.java:81) ~[spring-jdbc-6.1.5.jar:6.1.5]
	... 73 common frames omitted

2026-09-02T21:15:10.389+05:30  INFO 17224 --- [smartwatch-leaderboard] [main] c.s.leaderboard.SmartwatchLeaderboard    : Starting SmartwatchLeaderboard using Java 21.0.2 with PID 17224 (C:\Users\PC\smartwatch_application\target\classes started by PC in C:\Users\PC\smartwatch_application)
2026-09-02T21:15:10.402+05:30  INFO 17224 --- [smartwatch-leaderboard] [main] c.s.leaderboard.SmartwatchLeaderboard    : The following 1 profile is active: "local"
2026-09-02T21:15:13.022+05:30  INFO 17224 --- [smartwatch-leaderboard] [main] .s.d.r.c.RepositoryConfigurationDelegate : Bootstrapping Spring Data JPA repositories in DEFAULT mode.
2026-09-02T21:15:13.174+05:30  INFO 17224 --- [smartwatch-leaderboard] [main] .s.d.r.c.RepositoryConfigurationDelegate : Finished Spring Data repository scanning in 140 ms. Found 11 JPA repository interfaces.
2026-09-02T21:15:14.501+05:30  WARN 17224 --- [smartwatch-leaderboard] [main] trationDelegate$BeanPostProcessorChecker : Bean 'org.springframework.boot.autoconfigure.jdbc.DataSourceConfiguration$Hikari' of type [org.springframework.boot.autoconfigure.jdbc.DataSourceConfiguration$Hikari] is not eligible for getting processed by all BeanPostProcessors (for example: not eligible for auto-proxying). Is this bean getting eagerly injected into a currently created BeanPostProcessor [jobRegistryBeanPostProcessor]? Check the corresponding BeanPostProcessor declaration and its dependencies.
2026-09-02T21:15:14.556+05:30  WARN 17224 --- [smartwatch-leaderboard] [main] trationDelegate$BeanPostProcessorChecker : Bean 'spring.datasource-org.springframework.boot.autoconfigure.jdbc.DataSourceProperties' of type [org.springframework.boot.autoconfigure.jdbc.DataSourceProperties] is not eligible for getting processed by all BeanPostProcessors (for example: not eligible for auto-proxying). Is this bean getting eagerly injected into a currently created BeanPostProcessor [jobRegistryBeanPostProcessor]? Check the corresponding BeanPostProcessor declaration and its dependencies.
2026-09-02T21:15:14.576+05:30  WARN 17224 --- [smartwatch-leaderboard] [main] trationDelegate$BeanPostProcessorChecker : Bean 'org.springframework.boot.autoconfigure.jdbc.DataSourceAutoConfiguration$PooledDataSourceConfiguration' of type [org.springframework.boot.autoconfigure.jdbc.DataSourceAutoConfiguration$PooledDataSourceConfiguration] is not eligible for getting processed by all BeanPostProcessors (for example: not eligible for auto-proxying). Is this bean getting eagerly injected into a currently created BeanPostProcessor [jobRegistryBeanPostProcessor]? Check the corresponding BeanPostProcessor declaration and its dependencies.
2026-09-02T21:15:14.589+05:30  WARN 17224 --- [smartwatch-leaderboard] [main] trationDelegate$BeanPostProcessorChecker : Bean 'jdbcConnectionDetails' of type [org.springframework.boot.autoconfigure.jdbc.PropertiesJdbcConnectionDetails] is not eligible for getting processed by all BeanPostProcessors (for example: not eligible for auto-proxying). Is this bean getting eagerly injected into a currently created BeanPostProcessor [jobRegistryBeanPostProcessor]? Check the corresponding BeanPostProcessor declaration and its dependencies.
2026-09-02T21:15:14.664+05:30  WARN 17224 --- [smartwatch-leaderboard] [main] trationDelegate$BeanPostProcessorChecker : Bean 'dataSource' of type [com.zaxxer.hikari.HikariDataSource] is not eligible for getting processed by all BeanPostProcessors (for example: not eligible for auto-proxying). Is this bean getting eagerly injected into a currently created BeanPostProcessor [jobRegistryBeanPostProcessor]? Check the corresponding BeanPostProcessor declaration and its dependencies.
2026-09-02T21:15:14.736+05:30  WARN 17224 --- [smartwatch-leaderboard] [main] trationDelegate$BeanPostProcessorChecker : Bean 'spring.jpa-org.springframework.boot.autoconfigure.orm.jpa.JpaProperties' of type [org.springframework.boot.autoconfigure.orm.jpa.JpaProperties] is not eligible for getting processed by all BeanPostProcessors (for example: not eligible for auto-proxying). Is this bean getting eagerly injected into a currently created BeanPostProcessor [jobRegistryBeanPostProcessor]? Check the corresponding BeanPostProcessor declaration and its dependencies.
2026-09-02T21:15:14.755+05:30  WARN 17224 --- [smartwatch-leaderboard] [main] trationDelegate$BeanPostProcessorChecker : Bean 'spring.jpa.hibernate-org.springframework.boot.autoconfigure.orm.jpa.HibernateProperties' of type [org.springframework.boot.autoconfigure.orm.jpa.HibernateProperties] is not eligible for getting processed by all BeanPostProcessors (for example: not eligible for auto-proxying). Is this bean getting eagerly injected into a currently created BeanPostProcessor [jobRegistryBeanPostProcessor]? Check the corresponding BeanPostProcessor declaration and its dependencies.
2026-09-02T21:15:14.775+05:30  WARN 17224 --- [smartwatch-leaderboard] [main] trationDelegate$BeanPostProcessorChecker : Bean 'org.springframework.boot.autoconfigure.jdbc.metadata.DataSourcePoolMetadataProvidersConfiguration$HikariPoolDataSourceMetadataProviderConfiguration' of type [org.springframework.boot.autoconfigure.jdbc.metadata.DataSourcePoolMetadataProvidersConfiguration$HikariPoolDataSourceMetadataProviderConfiguration] is not eligible for getting processed by all BeanPostProcessors (for example: not eligible for auto-proxying). Is this bean getting eagerly injected into a currently created BeanPostProcessor [jobRegistryBeanPostProcessor]? Check the corresponding BeanPostProcessor declaration and its dependencies.
2026-09-02T21:15:14.782+05:30  WARN 17224 --- [smartwatch-leaderboard] [main] trationDelegate$BeanPostProcessorChecker : Bean 'hikariPoolDataSourceMetadataProvider' of type [org.springframework.boot.autoconfigure.jdbc.metadata.DataSourcePoolMetadataProvidersConfiguration$HikariPoolDataSourceMetadataProviderConfiguration$$Lambda/0x0000011794447a28] is not eligible for getting processed by all BeanPostProcessors (for example: not eligible for auto-proxying). Is this bean getting eagerly injected into a currently created BeanPostProcessor [jobRegistryBeanPostProcessor]? Check the corresponding BeanPostProcessor declaration and its dependencies.
2026-09-02T21:15:14.799+05:30  WARN 17224 --- [smartwatch-leaderboard] [main] trationDelegate$BeanPostProcessorChecker : Bean 'org.springframework.boot.autoconfigure.orm.jpa.HibernateJpaConfiguration' of type [org.springframework.boot.autoconfigure.orm.jpa.HibernateJpaConfiguration] is not eligible for getting processed by all BeanPostProcessors (for example: not eligible for auto-proxying). Is this bean getting eagerly injected into a currently created BeanPostProcessor [jobRegistryBeanPostProcessor]? Check the corresponding BeanPostProcessor declaration and its dependencies.
2026-09-02T21:15:14.830+05:30  WARN 17224 --- [smartwatch-leaderboard] [main] trationDelegate$BeanPostProcessorChecker : Bean 'org.springframework.boot.autoconfigure.transaction.TransactionManagerCustomizationAutoConfiguration' of type [org.springframework.boot.autoconfigure.transaction.TransactionManagerCustomizationAutoConfiguration] is not eligible for getting processed by all BeanPostProcessors (for example: not eligible for auto-proxying). Is this bean getting eagerly injected into a currently created BeanPostProcessor [jobRegistryBeanPostProcessor]? Check the corresponding BeanPostProcessor declaration and its dependencies.
2026-09-02T21:15:14.847+05:30  WARN 17224 --- [smartwatch-leaderboard] [main] trationDelegate$BeanPostProcessorChecker : Bean 'transactionExecutionListeners' of type [org.springframework.boot.autoconfigure.transaction.ExecutionListenersTransactionManagerCustomizer] is not eligible for getting processed by all BeanPostProcessors (for example: not eligible for auto-proxying). Is this bean getting eagerly injected into a currently created BeanPostProcessor [jobRegistryBeanPostProcessor]? Check the corresponding BeanPostProcessor declaration and its dependencies.
2026-09-02T21:15:14.862+05:30  WARN 17224 --- [smartwatch-leaderboard] [main] trationDelegate$BeanPostProcessorChecker : Bean 'spring.transaction-org.springframework.boot.autoconfigure.transaction.TransactionProperties' of type [org.springframework.boot.autoconfigure.transaction.TransactionProperties] is not eligible for getting processed by all BeanPostProcessors (for example: not eligible for auto-proxying). Is this bean getting eagerly injected into a currently created BeanPostProcessor [jobRegistryBeanPostProcessor]? Check the corresponding BeanPostProcessor declaration and its dependencies.
2026-09-02T21:15:14.867+05:30  WARN 17224 --- [smartwatch-leaderboard] [main] trationDelegate$BeanPostProcessorChecker : Bean 'platformTransactionManagerCustomizers' of type [org.springframework.boot.autoconfigure.transaction.TransactionManagerCustomizers] is not eligible for getting processed by all BeanPostProcessors (for example: not eligible for auto-proxying). Is this bean getting eagerly injected into a currently created BeanPostProcessor [jobRegistryBeanPostProcessor]? Check the corresponding BeanPostProcessor declaration and its dependencies.
2026-09-02T21:15:14.908+05:30  WARN 17224 --- [smartwatch-leaderboard] [main] trationDelegate$BeanPostProcessorChecker : Bean 'org.springframework.boot.autoconfigure.sql.init.DataSourceInitializationConfiguration' of type [org.springframework.boot.autoconfigure.sql.init.DataSourceInitializationConfiguration] is not eligible for getting processed by all BeanPostProcessors (for example: not eligible for auto-proxying). Is this bean getting eagerly injected into a currently created BeanPostProcessor [jobRegistryBeanPostProcessor]? Check the corresponding BeanPostProcessor declaration and its dependencies.
2026-09-02T21:15:14.964+05:30  WARN 17224 --- [smartwatch-leaderboard] [main] trationDelegate$BeanPostProcessorChecker : Bean 'spring.sql.init-org.springframework.boot.autoconfigure.sql.init.SqlInitializationProperties' of type [org.springframework.boot.autoconfigure.sql.init.SqlInitializationProperties] is not eligible for getting processed by all BeanPostProcessors (for example: not eligible for auto-proxying). Is this bean getting eagerly injected into a currently created BeanPostProcessor [jobRegistryBeanPostProcessor]? Check the corresponding BeanPostProcessor declaration and its dependencies.
2026-09-02T21:15:14.984+05:30  WARN 17224 --- [smartwatch-leaderboard] [main] trationDelegate$BeanPostProcessorChecker : Bean 'dataSourceScriptDatabaseInitializer' of type [org.springframework.boot.autoconfigure.sql.init.SqlDataSourceScriptDatabaseInitializer] is not eligible for getting processed by all BeanPostProcessors (for example: not eligible for auto-proxying). Is this bean getting eagerly injected into a currently created BeanPostProcessor [jobRegistryBeanPostProcessor]? Check the corresponding BeanPostProcessor declaration and its dependencies.
2026-09-02T21:15:14.998+05:30  WARN 17224 --- [smartwatch-leaderboard] [main] trationDelegate$BeanPostProcessorChecker : Bean 'org.springframework.boot.autoconfigure.batch.BatchAutoConfiguration$DataSourceInitializerConfiguration' of type [org.springframework.boot.autoconfigure.batch.BatchAutoConfiguration$DataSourceInitializerConfiguration] is not eligible for getting processed by all BeanPostProcessors (for example: not eligible for auto-proxying). Is this bean getting eagerly injected into a currently created BeanPostProcessor [jobRegistryBeanPostProcessor]? Check the corresponding BeanPostProcessor declaration and its dependencies.
2026-09-02T21:15:15.022+05:30  WARN 17224 --- [smartwatch-leaderboard] [main] trationDelegate$BeanPostProcessorChecker : Bean 'spring.batch-org.springframework.boot.autoconfigure.batch.BatchProperties' of type [org.springframework.boot.autoconfigure.batch.BatchProperties] is not eligible for getting processed by all BeanPostProcessors (for example: not eligible for auto-proxying). Is this bean getting eagerly injected into a currently created BeanPostProcessor [jobRegistryBeanPostProcessor]? Check the corresponding BeanPostProcessor declaration and its dependencies.
2026-09-02T21:15:15.058+05:30  INFO 17224 --- [smartwatch-leaderboard] [main] com.zaxxer.hikari.HikariDataSource       : HikariPool-1 - Starting...
2026-09-02T21:15:17.155+05:30 ERROR 17224 --- [smartwatch-leaderboard] [main] com.zaxxer.hikari.pool.HikariPool        : HikariPool-1 - Exception during pool initialization.

java.sql.SQLSyntaxErrorException: Unknown database 'smartwatch_leaderboard'
	at com.mysql.cj.jdbc.exceptions.SQLError.createSQLException(SQLError.java:121) ~[mysql-connector-j-8.3.0.jar:8.3.0]
	at com.mysql.cj.jdbc.exceptions.SQLExceptionsMapping.translateException(SQLExceptionsMapping.java:122) ~[mysql-connector-j-8.3.0.jar:8.3.0]
	at com.mysql.cj.jdbc.ConnectionImpl.createNewIO(ConnectionImpl.java:815) ~[mysql-connector-j-8.3.0.jar:8.3.0]
	at com.mysql.cj.jdbc.ConnectionImpl.<init>(ConnectionImpl.java:438) ~[mysql-connector-j-8.3.0.jar:8.3.0]
	at com.mysql.cj.jdbc.ConnectionImpl.getInstance(ConnectionImpl.java:241) ~[mysql-connector-j-8.3.0.jar:8.3.0]
	at com.mysql.cj.jdbc.NonRegisteringDriver.connect(NonRegisteringDriver.java:189) ~[mysql-connector-j-8.3.0.jar:8.3.0]
	at com.zaxxer.hikari.util.DriverDataSource.getConnection(DriverDataSource.java:138) ~[HikariCP-5.0.1.jar:na]
	at com.zaxxer.hikari.pool.PoolBase.newConnection(PoolBase.java:359) ~[HikariCP-5.0.1.jar:na]
	at com.zaxxer.hikari.pool.PoolBase.newPoolEntry(PoolBase.java:201) ~[HikariCP-5.0.1.jar:na]
	at com.zaxxer.hikari.pool.HikariPool.createPoolEntry(HikariPool.java:470) ~[HikariCP-5.0.1.jar:na]
	at com.zaxxer.hikari.pool.HikariPool.checkFailFast(HikariPool.java:561) ~[HikariCP-5.0.1.jar:na]
	at com.zaxxer.hikari.pool.HikariPool.<init>(HikariPool.java:100) ~[HikariCP-5.0.1.jar:na]
	at com.zaxxer.hikari.HikariDataSource.getConnection(HikariDataSource.java:112) ~[HikariCP-5.0.1.jar:na]
	at org.springframework.jdbc.datasource.DataSourceUtils.fetchConnection(DataSourceUtils.java:160) ~[spring-jdbc-6.1.5.jar:6.1.5]
	at org.springframework.jdbc.datasource.DataSourceUtils.doGetConnection(DataSourceUtils.java:118) ~[spring-jdbc-6.1.5.jar:6.1.5]
	at org.springframework.jdbc.datasource.DataSourceUtils.getConnection(DataSourceUtils.java:81) ~[spring-jdbc-6.1.5.jar:6.1.5]
	at org.springframework.jdbc.support.JdbcUtils.extractDatabaseMetaData(JdbcUtils.java:331) ~[spring-jdbc-6.1.5.jar:6.1.5]
	at org.springframework.boot.jdbc.init.PlatformPlaceholderDatabaseDriverResolver.getDatabaseDriver(PlatformPlaceholderDatabaseDriverResolver.java:140) ~[spring-boot-3.2.4.jar:3.2.4]
	at org.springframework.boot.jdbc.init.PlatformPlaceholderDatabaseDriverResolver.determinePlatform(PlatformPlaceholderDatabaseDriverResolver.java:132) ~[spring-boot-3.2.4.jar:3.2.4]
	at org.springframework.boot.jdbc.init.PlatformPlaceholderDatabaseDriverResolver.lambda$resolveAll$0(PlatformPlaceholderDatabaseDriverResolver.java:97) ~[spring-boot-3.2.4.jar:3.2.4]
	at org.springframework.boot.jdbc.init.PlatformPlaceholderDatabaseDriverResolver.resolveAll(PlatformPlaceholderDatabaseDriverResolver.java:122) ~[spring-boot-3.2.4.jar:3.2.4]
	at org.springframework.boot.jdbc.init.PlatformPlaceholderDatabaseDriverResolver.resolveAll(PlatformPlaceholderDatabaseDriverResolver.java:97) ~[spring-boot-3.2.4.jar:3.2.4]
	at org.springframework.boot.autoconfigure.batch.BatchDataSourceScriptDatabaseInitializer.resolveSchemaLocations(BatchDataSourceScriptDatabaseInitializer.java:83) ~[spring-boot-autoconfigure-3.2.4.jar:3.2.4]
	at org.springframework.boot.autoconfigure.batch.BatchDataSourceScriptDatabaseInitializer.getSettings(BatchDataSourceScriptDatabaseInitializer.java:72) ~[spring-boot-autoconfigure-3.2.4.jar:3.2.4]
	at org.springframework.boot.autoconfigure.batch.BatchDataSourceScriptDatabaseInitializer.<init>(BatchDataSourceScriptDatabaseInitializer.java:47) ~[spring-boot-autoconfigure-3.2.4.jar:3.2.4]
	at org.springframework.boot.autoconfigure.batch.BatchAutoConfiguration$DataSourceInitializerConfiguration.batchDataSourceInitializer(BatchAutoConfiguration.java:156) ~[spring-boot-autoconfigure-3.2.4.jar:3.2.4]
	at java.base/jdk.internal.reflect.DirectMethodHandleAccessor.invoke(DirectMethodHandleAccessor.java:103) ~[na:na]
	at java.base/java.lang.reflect.Method.invoke(Method.java:580) ~[na:na]
	at org.springframework.beans.factory.support.SimpleInstantiationStrategy.instantiate(SimpleInstantiationStrategy.java:140) ~[spring-beans-6.1.5.jar:6.1.5]
	at org.springframework.beans.factory.support.ConstructorResolver.instantiate(ConstructorResolver.java:644) ~[spring-beans-6.1.5.jar:6.1.5]
	at org.springframework.beans.factory.support.ConstructorResolver.instantiateUsingFactoryMethod(ConstructorResolver.java:636) ~[spring-beans-6.1.5.jar:6.1.5]
	at org.springframework.beans.factory.support.AbstractAutowireCapableBeanFactory.instantiateUsingFactoryMethod(AbstractAutowireCapableBeanFactory.java:1335) ~[spring-beans-6.1.5.jar:6.1.5]
	at org.springframework.beans.factory.support.AbstractAutowireCapableBeanFactory.createBeanInstance(AbstractAutowireCapableBeanFactory.java:1165) ~[spring-beans-6.1.5.jar:6.1.5]
	at org.springframework.beans.factory.support.AbstractAutowireCapableBeanFactory.doCreateBean(AbstractAutowireCapableBeanFactory.java:562) ~[spring-beans-6.1.5.jar:6.1.5]
	at org.springframework.beans.factory.support.AbstractAutowireCapableBeanFactory.createBean(AbstractAutowireCapableBeanFactory.java:522) ~[spring-beans-6.1.5.jar:6.1.5]
	at org.springframework.beans.factory.support.AbstractBeanFactory.lambda$doGetBean$0(AbstractBeanFactory.java:326) ~[spring-beans-6.1.5.jar:6.1.5]
	at org.springframework.beans.factory.support.DefaultSingletonBeanRegistry.getSingleton(DefaultSingletonBeanRegistry.java:234) ~[spring-beans-6.1.5.jar:6.1.5]
	at org.springframework.beans.factory.support.AbstractBeanFactory.doGetBean(AbstractBeanFactory.java:324) ~[spring-beans-6.1.5.jar:6.1.5]
	at org.springframework.beans.factory.support.AbstractBeanFactory.getBean(AbstractBeanFactory.java:200) ~[spring-beans-6.1.5.jar:6.1.5]
	at org.springframework.beans.factory.support.AbstractBeanFactory.doGetBean(AbstractBeanFactory.java:313) ~[spring-beans-6.1.5.jar:6.1.5]
	at org.springframework.beans.factory.support.AbstractBeanFactory.getBean(AbstractBeanFactory.java:225) ~[spring-beans-6.1.5.jar:6.1.5]
	at org.springframework.beans.factory.support.DefaultListableBeanFactory.resolveNamedBean(DefaultListableBeanFactory.java:1323) ~[spring-beans-6.1.5.jar:6.1.5]
	at org.springframework.beans.factory.support.DefaultListableBeanFactory.resolveNamedBean(DefaultListableBeanFactory.java:1284) ~[spring-beans-6.1.5.jar:6.1.5]
	at org.springframework.beans.factory.support.DefaultListableBeanFactory.resolveBean(DefaultListableBeanFactory.java:486) ~[spring-beans-6.1.5.jar:6.1.5]
	at org.springframework.beans.factory.support.DefaultListableBeanFactory.getBean(DefaultListableBeanFactory.java:341) ~[spring-beans-6.1.5.jar:6.1.5]
	at org.springframework.beans.factory.support.DefaultListableBeanFactory.getBean(DefaultListableBeanFactory.java:334) ~[spring-beans-6.1.5.jar:6.1.5]
	at org.springframework.orm.jpa.EntityManagerFactoryUtils.findEntityManagerFactory(EntityManagerFactoryUtils.java:120) ~[spring-orm-6.1.5.jar:6.1.5]
	at org.springframework.orm.jpa.JpaTransactionManager.setBeanFactory(JpaTransactionManager.java:333) ~[spring-orm-6.1.5.jar:6.1.5]
	at org.springframework.beans.factory.support.AbstractAutowireCapableBeanFactory.invokeAwareMethods(AbstractAutowireCapableBeanFactory.java:1807) ~[spring-beans-6.1.5.jar:6.1.5]
	at org.springframework.beans.factory.support.AbstractAutowireCapableBeanFactory.initializeBean(AbstractAutowireCapableBeanFactory.java:1774) ~[spring-beans-6.1.5.jar:6.1.5]
	at org.springframework.beans.factory.support.AbstractAutowireCapableBeanFactory.doCreateBean(AbstractAutowireCapableBeanFactory.java:600) ~[spring-beans-6.1.5.jar:6.1.5]
	at org.springframework.beans.factory.support.AbstractAutowireCapableBeanFactory.createBean(AbstractAutowireCapableBeanFactory.java:522) ~[spring-beans-6.1.5.jar:6.1.5]
	at org.springframework.beans.factory.support.AbstractBeanFactory.lambda$doGetBean$0(AbstractBeanFactory.java:326) ~[spring-beans-6.1.5.jar:6.1.5]
	at org.springframework.beans.factory.support.DefaultSingletonBeanRegistry.getSingleton(DefaultSingletonBeanRegistry.java:234) ~[spring-beans-6.1.5.jar:6.1.5]
	at org.springframework.beans.factory.support.AbstractBeanFactory.doGetBean(AbstractBeanFactory.java:324) ~[spring-beans-6.1.5.jar:6.1.5]
	at org.springframework.beans.factory.support.AbstractBeanFactory.getBean(AbstractBeanFactory.java:200) ~[spring-beans-6.1.5.jar:6.1.5]
	at org.springframework.beans.factory.config.DependencyDescriptor.resolveCandidate(DependencyDescriptor.java:254) ~[spring-beans-6.1.5.jar:6.1.5]
	at org.springframework.beans.factory.support.DefaultListableBeanFactory.doResolveDependency(DefaultListableBeanFactory.java:1443) ~[spring-beans-6.1.5.jar:6.1.5]
	at org.springframework.beans.factory.support.DefaultListableBeanFactory.resolveDependency(DefaultListableBeanFactory.java:1353) ~[spring-beans-6.1.5.jar:6.1.5]
	at org.springframework.beans.factory.support.ConstructorResolver.resolveAutowiredArgument(ConstructorResolver.java:904) ~[spring-beans-6.1.5.jar:6.1.5]
	at org.springframework.beans.factory.support.ConstructorResolver.createArgumentArray(ConstructorResolver.java:782) ~[spring-beans-6.1.5.jar:6.1.5]
	at org.springframework.beans.factory.support.ConstructorResolver.autowireConstructor(ConstructorResolver.java:237) ~[spring-beans-6.1.5.jar:6.1.5]
	at org.springframework.beans.factory.support.AbstractAutowireCapableBeanFactory.autowireConstructor(AbstractAutowireCapableBeanFactory.java:1355) ~[spring-beans-6.1.5.jar:6.1.5]
	at org.springframework.beans.factory.support.AbstractAutowireCapableBeanFactory.createBeanInstance(AbstractAutowireCapableBeanFactory.java:1192) ~[spring-beans-6.1.5.jar:6.1.5]
	at org.springframework.beans.factory.support.AbstractAutowireCapableBeanFactory.doCreateBean(AbstractAutowireCapableBeanFactory.java:562) ~[spring-beans-6.1.5.jar:6.1.5]
	at org.springframework.beans.factory.support.AbstractAutowireCapableBeanFactory.createBean(AbstractAutowireCapableBeanFactory.java:522) ~[spring-beans-6.1.5.jar:6.1.5]
	at org.springframework.beans.factory.support.AbstractBeanFactory.lambda$doGetBean$0(AbstractBeanFactory.java:326) ~[spring-beans-6.1.5.jar:6.1.5]
	at org.springframework.beans.factory.support.DefaultSingletonBeanRegistry.getSingleton(DefaultSingletonBeanRegistry.java:234) ~[spring-beans-6.1.5.jar:6.1.5]
	at org.springframework.beans.factory.support.AbstractBeanFactory.doGetBean(AbstractBeanFactory.java:324) ~[spring-beans-6.1.5.jar:6.1.5]
	at org.springframework.beans.factory.support.AbstractBeanFactory.getBean(AbstractBeanFactory.java:200) ~[spring-beans-6.1.5.jar:6.1.5]
	at org.springframework.beans.factory.support.ConstructorResolver.instantiateUsingFactoryMethod(ConstructorResolver.java:409) ~[spring-beans-6.1.5.jar:6.1.5]
	at org.springframework.beans.factory.support.AbstractAutowireCapableBeanFactory.instantiateUsingFactoryMethod(AbstractAutowireCapableBeanFactory.java:1335) ~[spring-beans-6.1.5.jar:6.1.5]
	at org.springframework.beans.factory.support.AbstractAutowireCapableBeanFactory.createBeanInstance(AbstractAutowireCapableBeanFactory.java:1165) ~[spring-beans-6.1.5.jar:6.1.5]
	at org.springframework.beans.factory.support.AbstractAutowireCapableBeanFactory.doCreateBean(AbstractAutowireCapableBeanFactory.java:562) ~[spring-beans-6.1.5.jar:6.1.5]
	at org.springframework.beans.factory.support.AbstractAutowireCapableBeanFactory.createBean(AbstractAutowireCapableBeanFactory.java:522) ~[spring-beans-6.1.5.jar:6.1.5]
	at org.springframework.beans.factory.support.AbstractBeanFactory.lambda$doGetBean$0(AbstractBeanFactory.java:326) ~[spring-beans-6.1.5.jar:6.1.5]
	at org.springframework.beans.factory.support.DefaultSingletonBeanRegistry.getSingleton(DefaultSingletonBeanRegistry.java:234) ~[spring-beans-6.1.5.jar:6.1.5]
	at org.springframework.beans.factory.support.AbstractBeanFactory.doGetBean(AbstractBeanFactory.java:324) ~[spring-beans-6.1.5.jar:6.1.5]
	at org.springframework.beans.factory.support.AbstractBeanFactory.getBean(AbstractBeanFactory.java:205) ~[spring-beans-6.1.5.jar:6.1.5]
	at org.springframework.context.support.PostProcessorRegistrationDelegate.registerBeanPostProcessors(PostProcessorRegistrationDelegate.java:277) ~[spring-context-6.1.5.jar:6.1.5]
	at org.springframework.context.support.AbstractApplicationContext.registerBeanPostProcessors(AbstractApplicationContext.java:805) ~[spring-context-6.1.5.jar:6.1.5]
	at org.springframework.context.support.AbstractApplicationContext.refresh(AbstractApplicationContext.java:608) ~[spring-context-6.1.5.jar:6.1.5]
	at org.springframework.boot.web.servlet.context.ServletWebServerApplicationContext.refresh(ServletWebServerApplicationContext.java:146) ~[spring-boot-3.2.4.jar:3.2.4]
	at org.springframework.boot.SpringApplication.refresh(SpringApplication.java:754) ~[spring-boot-3.2.4.jar:3.2.4]
	at org.springframework.boot.SpringApplication.refreshContext(SpringApplication.java:456) ~[spring-boot-3.2.4.jar:3.2.4]
	at org.springframework.boot.SpringApplication.run(SpringApplication.java:334) ~[spring-boot-3.2.4.jar:3.2.4]
	at org.springframework.boot.SpringApplication.run(SpringApplication.java:1354) ~[spring-boot-3.2.4.jar:3.2.4]
	at org.springframework.boot.SpringApplication.run(SpringApplication.java:1343) ~[spring-boot-3.2.4.jar:3.2.4]
	at com.smartwatch.leaderboard.SmartwatchLeaderboard.main(SmartwatchLeaderboard.java:10) ~[classes/:na]

2026-09-02T21:15:17.176+05:30  WARN 17224 --- [smartwatch-leaderboard] [main] ConfigServletWebServerApplicationContext : Exception encountered during context initialization - cancelling refresh attempt: org.springframework.beans.factory.UnsatisfiedDependencyException: Error creating bean with name 'org.springframework.boot.autoconfigure.batch.BatchAutoConfiguration$SpringBootBatchConfiguration': Unsatisfied dependency expressed through constructor parameter 2: Error creating bean with name 'transactionManager' defined in class path resource [org/springframework/boot/autoconfigure/orm/jpa/HibernateJpaConfiguration.class]: Error creating bean with name 'batchDataSourceInitializer' defined in class path resource [org/springframework/boot/autoconfigure/batch/BatchAutoConfiguration$DataSourceInitializerConfiguration.class]: Failed to instantiate [org.springframework.boot.autoconfigure.batch.BatchDataSourceScriptDatabaseInitializer]: Factory method 'batchDataSourceInitializer' threw exception with message: Failed to determine DatabaseDriver
2026-09-02T21:15:17.248+05:30  INFO 17224 --- [smartwatch-leaderboard] [main] .s.b.a.l.ConditionEvaluationReportLogger : 

Error starting ApplicationContext. To display the condition evaluation report re-run your application with 'debug' enabled.
2026-09-02T21:15:17.277+05:30 ERROR 17224 --- [smartwatch-leaderboard] [main] o.s.boot.SpringApplication               : Application run failed

org.springframework.beans.factory.UnsatisfiedDependencyException: Error creating bean with name 'org.springframework.boot.autoconfigure.batch.BatchAutoConfiguration$SpringBootBatchConfiguration': Unsatisfied dependency expressed through constructor parameter 2: Error creating bean with name 'transactionManager' defined in class path resource [org/springframework/boot/autoconfigure/orm/jpa/HibernateJpaConfiguration.class]: Error creating bean with name 'batchDataSourceInitializer' defined in class path resource [org/springframework/boot/autoconfigure/batch/BatchAutoConfiguration$DataSourceInitializerConfiguration.class]: Failed to instantiate [org.springframework.boot.autoconfigure.batch.BatchDataSourceScriptDatabaseInitializer]: Factory method 'batchDataSourceInitializer' threw exception with message: Failed to determine DatabaseDriver
	at org.springframework.beans.factory.support.ConstructorResolver.createArgumentArray(ConstructorResolver.java:795) ~[spring-beans-6.1.5.jar:6.1.5]
	at org.springframework.beans.factory.support.ConstructorResolver.autowireConstructor(ConstructorResolver.java:237) ~[spring-beans-6.1.5.jar:6.1.5]
	at org.springframework.beans.factory.support.AbstractAutowireCapableBeanFactory.autowireConstructor(AbstractAutowireCapableBeanFactory.java:1355) ~[spring-beans-6.1.5.jar:6.1.5]
	at org.springframework.beans.factory.support.AbstractAutowireCapableBeanFactory.createBeanInstance(AbstractAutowireCapableBeanFactory.java:1192) ~[spring-beans-6.1.5.jar:6.1.5]
	at org.springframework.beans.factory.support.AbstractAutowireCapableBeanFactory.doCreateBean(AbstractAutowireCapableBeanFactory.java:562) ~[spring-beans-6.1.5.jar:6.1.5]
	at org.springframework.beans.factory.support.AbstractAutowireCapableBeanFactory.createBean(AbstractAutowireCapableBeanFactory.java:522) ~[spring-beans-6.1.5.jar:6.1.5]
	at org.springframework.beans.factory.support.AbstractBeanFactory.lambda$doGetBean$0(AbstractBeanFactory.java:326) ~[spring-beans-6.1.5.jar:6.1.5]
	at org.springframework.beans.factory.support.DefaultSingletonBeanRegistry.getSingleton(DefaultSingletonBeanRegistry.java:234) ~[spring-beans-6.1.5.jar:6.1.5]
	at org.springframework.beans.factory.support.AbstractBeanFactory.doGetBean(AbstractBeanFactory.java:324) ~[spring-beans-6.1.5.jar:6.1.5]
	at org.springframework.beans.factory.support.AbstractBeanFactory.getBean(AbstractBeanFactory.java:200) ~[spring-beans-6.1.5.jar:6.1.5]
	at org.springframework.beans.factory.support.ConstructorResolver.instantiateUsingFactoryMethod(ConstructorResolver.java:409) ~[spring-beans-6.1.5.jar:6.1.5]
	at org.springframework.beans.factory.support.AbstractAutowireCapableBeanFactory.instantiateUsingFactoryMethod(AbstractAutowireCapableBeanFactory.java:1335) ~[spring-beans-6.1.5.jar:6.1.5]
	at org.springframework.beans.factory.support.AbstractAutowireCapableBeanFactory.createBeanInstance(AbstractAutowireCapableBeanFactory.java:1165) ~[spring-beans-6.1.5.jar:6.1.5]
	at org.springframework.beans.factory.support.AbstractAutowireCapableBeanFactory.doCreateBean(AbstractAutowireCapableBeanFactory.java:562) ~[spring-beans-6.1.5.jar:6.1.5]
	at org.springframework.beans.factory.support.AbstractAutowireCapableBeanFactory.createBean(AbstractAutowireCapableBeanFactory.java:522) ~[spring-beans-6.1.5.jar:6.1.5]
	at org.springframework.beans.factory.support.AbstractBeanFactory.lambda$doGetBean$0(AbstractBeanFactory.java:326) ~[spring-beans-6.1.5.jar:6.1.5]
	at org.springframework.beans.factory.support.DefaultSingletonBeanRegistry.getSingleton(DefaultSingletonBeanRegistry.java:234) ~[spring-beans-6.1.5.jar:6.1.5]
	at org.springframework.beans.factory.support.AbstractBeanFactory.doGetBean(AbstractBeanFactory.java:324) ~[spring-beans-6.1.5.jar:6.1.5]
	at org.springframework.beans.factory.support.AbstractBeanFactory.getBean(AbstractBeanFactory.java:205) ~[spring-beans-6.1.5.jar:6.1.5]
	at org.springframework.context.support.PostProcessorRegistrationDelegate.registerBeanPostProcessors(PostProcessorRegistrationDelegate.java:277) ~[spring-context-6.1.5.jar:6.1.5]
	at org.springframework.context.support.AbstractApplicationContext.registerBeanPostProcessors(AbstractApplicationContext.java:805) ~[spring-context-6.1.5.jar:6.1.5]
	at org.springframework.context.support.AbstractApplicationContext.refresh(AbstractApplicationContext.java:608) ~[spring-context-6.1.5.jar:6.1.5]
	at org.springframework.boot.web.servlet.context.ServletWebServerApplicationContext.refresh(ServletWebServerApplicationContext.java:146) ~[spring-boot-3.2.4.jar:3.2.4]
	at org.springframework.boot.SpringApplication.refresh(SpringApplication.java:754) ~[spring-boot-3.2.4.jar:3.2.4]
	at org.springframework.boot.SpringApplication.refreshContext(SpringApplication.java:456) ~[spring-boot-3.2.4.jar:3.2.4]
	at org.springframework.boot.SpringApplication.run(SpringApplication.java:334) ~[spring-boot-3.2.4.jar:3.2.4]
	at org.springframework.boot.SpringApplication.run(SpringApplication.java:1354) ~[spring-boot-3.2.4.jar:3.2.4]
	at org.springframework.boot.SpringApplication.run(SpringApplication.java:1343) ~[spring-boot-3.2.4.jar:3.2.4]
	at com.smartwatch.leaderboard.SmartwatchLeaderboard.main(SmartwatchLeaderboard.java:10) ~[classes/:na]
Caused by: org.springframework.beans.factory.BeanCreationException: Error creating bean with name 'transactionManager' defined in class path resource [org/springframework/boot/autoconfigure/orm/jpa/HibernateJpaConfiguration.class]: Error creating bean with name 'batchDataSourceInitializer' defined in class path resource [org/springframework/boot/autoconfigure/batch/BatchAutoConfiguration$DataSourceInitializerConfiguration.class]: Failed to instantiate [org.springframework.boot.autoconfigure.batch.BatchDataSourceScriptDatabaseInitializer]: Factory method 'batchDataSourceInitializer' threw exception with message: Failed to determine DatabaseDriver
	at org.springframework.beans.factory.support.AbstractAutowireCapableBeanFactory.doCreateBean(AbstractAutowireCapableBeanFactory.java:607) ~[spring-beans-6.1.5.jar:6.1.5]
	at org.springframework.beans.factory.support.AbstractAutowireCapableBeanFactory.createBean(AbstractAutowireCapableBeanFactory.java:522) ~[spring-beans-6.1.5.jar:6.1.5]
	at org.springframework.beans.factory.support.AbstractBeanFactory.lambda$doGetBean$0(AbstractBeanFactory.java:326) ~[spring-beans-6.1.5.jar:6.1.5]
	at org.springframework.beans.factory.support.DefaultSingletonBeanRegistry.getSingleton(DefaultSingletonBeanRegistry.java:234) ~[spring-beans-6.1.5.jar:6.1.5]
	at org.springframework.beans.factory.support.AbstractBeanFactory.doGetBean(AbstractBeanFactory.java:324) ~[spring-beans-6.1.5.jar:6.1.5]
	at org.springframework.beans.factory.support.AbstractBeanFactory.getBean(AbstractBeanFactory.java:200) ~[spring-beans-6.1.5.jar:6.1.5]
	at org.springframework.beans.factory.config.DependencyDescriptor.resolveCandidate(DependencyDescriptor.java:254) ~[spring-beans-6.1.5.jar:6.1.5]
	at org.springframework.beans.factory.support.DefaultListableBeanFactory.doResolveDependency(DefaultListableBeanFactory.java:1443) ~[spring-beans-6.1.5.jar:6.1.5]
	at org.springframework.beans.factory.support.DefaultListableBeanFactory.resolveDependency(DefaultListableBeanFactory.java:1353) ~[spring-beans-6.1.5.jar:6.1.5]
	at org.springframework.beans.factory.support.ConstructorResolver.resolveAutowiredArgument(ConstructorResolver.java:904) ~[spring-beans-6.1.5.jar:6.1.5]
	at org.springframework.beans.factory.support.ConstructorResolver.createArgumentArray(ConstructorResolver.java:782) ~[spring-beans-6.1.5.jar:6.1.5]
	... 28 common frames omitted
Caused by: org.springframework.beans.factory.BeanCreationException: Error creating bean with name 'batchDataSourceInitializer' defined in class path resource [org/springframework/boot/autoconfigure/batch/BatchAutoConfiguration$DataSourceInitializerConfiguration.class]: Failed to instantiate [org.springframework.boot.autoconfigure.batch.BatchDataSourceScriptDatabaseInitializer]: Factory method 'batchDataSourceInitializer' threw exception with message: Failed to determine DatabaseDriver
	at org.springframework.beans.factory.support.ConstructorResolver.instantiate(ConstructorResolver.java:648) ~[spring-beans-6.1.5.jar:6.1.5]
	at org.springframework.beans.factory.support.ConstructorResolver.instantiateUsingFactoryMethod(ConstructorResolver.java:636) ~[spring-beans-6.1.5.jar:6.1.5]
	at org.springframework.beans.factory.support.AbstractAutowireCapableBeanFactory.instantiateUsingFactoryMethod(AbstractAutowireCapableBeanFactory.java:1335) ~[spring-beans-6.1.5.jar:6.1.5]
	at org.springframework.beans.factory.support.AbstractAutowireCapableBeanFactory.createBeanInstance(AbstractAutowireCapableBeanFactory.java:1165) ~[spring-beans-6.1.5.jar:6.1.5]
	at org.springframework.beans.factory.support.AbstractAutowireCapableBeanFactory.doCreateBean(AbstractAutowireCapableBeanFactory.java:562) ~[spring-beans-6.1.5.jar:6.1.5]
	at org.springframework.beans.factory.support.AbstractAutowireCapableBeanFactory.createBean(AbstractAutowireCapableBeanFactory.java:522) ~[spring-beans-6.1.5.jar:6.1.5]
	at org.springframework.beans.factory.support.AbstractBeanFactory.lambda$doGetBean$0(AbstractBeanFactory.java:326) ~[spring-beans-6.1.5.jar:6.1.5]
	at org.springframework.beans.factory.support.DefaultSingletonBeanRegistry.getSingleton(DefaultSingletonBeanRegistry.java:234) ~[spring-beans-6.1.5.jar:6.1.5]
	at org.springframework.beans.factory.support.AbstractBeanFactory.doGetBean(AbstractBeanFactory.java:324) ~[spring-beans-6.1.5.jar:6.1.5]
	at org.springframework.beans.factory.support.AbstractBeanFactory.getBean(AbstractBeanFactory.java:200) ~[spring-beans-6.1.5.jar:6.1.5]
	at org.springframework.beans.factory.support.AbstractBeanFactory.doGetBean(AbstractBeanFactory.java:313) ~[spring-beans-6.1.5.jar:6.1.5]
	at org.springframework.beans.factory.support.AbstractBeanFactory.getBean(AbstractBeanFactory.java:225) ~[spring-beans-6.1.5.jar:6.1.5]
	at org.springframework.beans.factory.support.DefaultListableBeanFactory.resolveNamedBean(DefaultListableBeanFactory.java:1323) ~[spring-beans-6.1.5.jar:6.1.5]
	at org.springframework.beans.factory.support.DefaultListableBeanFactory.resolveNamedBean(DefaultListableBeanFactory.java:1284) ~[spring-beans-6.1.5.jar:6.1.5]
	at org.springframework.beans.factory.support.DefaultListableBeanFactory.resolveBean(DefaultListableBeanFactory.java:486) ~[spring-beans-6.1.5.jar:6.1.5]
	at org.springframework.beans.factory.support.DefaultListableBeanFactory.getBean(DefaultListableBeanFactory.java:341) ~[spring-beans-6.1.5.jar:6.1.5]
	at org.springframework.beans.factory.support.DefaultListableBeanFactory.getBean(DefaultListableBeanFactory.java:334) ~[spring-beans-6.1.5.jar:6.1.5]
	at org.springframework.orm.jpa.EntityManagerFactoryUtils.findEntityManagerFactory(EntityManagerFactoryUtils.java:120) ~[spring-orm-6.1.5.jar:6.1.5]
	at org.springframework.orm.jpa.JpaTransactionManager.setBeanFactory(JpaTransactionManager.java:333) ~[spring-orm-6.1.5.jar:6.1.5]
	at org.springframework.beans.factory.support.AbstractAutowireCapableBeanFactory.invokeAwareMethods(AbstractAutowireCapableBeanFactory.java:1807) ~[spring-beans-6.1.5.jar:6.1.5]
	at org.springframework.beans.factory.support.AbstractAutowireCapableBeanFactory.initializeBean(AbstractAutowireCapableBeanFactory.java:1774) ~[spring-beans-6.1.5.jar:6.1.5]
	at org.springframework.beans.factory.support.AbstractAutowireCapableBeanFactory.doCreateBean(AbstractAutowireCapableBeanFactory.java:600) ~[spring-beans-6.1.5.jar:6.1.5]
	... 38 common frames omitted
Caused by: org.springframework.beans.BeanInstantiationException: Failed to instantiate [org.springframework.boot.autoconfigure.batch.BatchDataSourceScriptDatabaseInitializer]: Factory method 'batchDataSourceInitializer' threw exception with message: Failed to determine DatabaseDriver
	at org.springframework.beans.factory.support.SimpleInstantiationStrategy.instantiate(SimpleInstantiationStrategy.java:177) ~[spring-beans-6.1.5.jar:6.1.5]
	at org.springframework.beans.factory.support.ConstructorResolver.instantiate(ConstructorResolver.java:644) ~[spring-beans-6.1.5.jar:6.1.5]
	... 59 common frames omitted
Caused by: java.lang.IllegalStateException: Failed to determine DatabaseDriver
	at org.springframework.boot.jdbc.init.PlatformPlaceholderDatabaseDriverResolver.getDatabaseDriver(PlatformPlaceholderDatabaseDriverResolver.java:144) ~[spring-boot-3.2.4.jar:3.2.4]
	at org.springframework.boot.jdbc.init.PlatformPlaceholderDatabaseDriverResolver.determinePlatform(PlatformPlaceholderDatabaseDriverResolver.java:132) ~[spring-boot-3.2.4.jar:3.2.4]
	at org.springframework.boot.jdbc.init.PlatformPlaceholderDatabaseDriverResolver.lambda$resolveAll$0(PlatformPlaceholderDatabaseDriverResolver.java:97) ~[spring-boot-3.2.4.jar:3.2.4]
	at org.springframework.boot.jdbc.init.PlatformPlaceholderDatabaseDriverResolver.resolveAll(PlatformPlaceholderDatabaseDriverResolver.java:122) ~[spring-boot-3.2.4.jar:3.2.4]
	at org.springframework.boot.jdbc.init.PlatformPlaceholderDatabaseDriverResolver.resolveAll(PlatformPlaceholderDatabaseDriverResolver.java:97) ~[spring-boot-3.2.4.jar:3.2.4]
	at org.springframework.boot.autoconfigure.batch.BatchDataSourceScriptDatabaseInitializer.resolveSchemaLocations(BatchDataSourceScriptDatabaseInitializer.java:83) ~[spring-boot-autoconfigure-3.2.4.jar:3.2.4]
	at org.springframework.boot.autoconfigure.batch.BatchDataSourceScriptDatabaseInitializer.getSettings(BatchDataSourceScriptDatabaseInitializer.java:72) ~[spring-boot-autoconfigure-3.2.4.jar:3.2.4]
	at org.springframework.boot.autoconfigure.batch.BatchDataSourceScriptDatabaseInitializer.<init>(BatchDataSourceScriptDatabaseInitializer.java:47) ~[spring-boot-autoconfigure-3.2.4.jar:3.2.4]
	at org.springframework.boot.autoconfigure.batch.BatchAutoConfiguration$DataSourceInitializerConfiguration.batchDataSourceInitializer(BatchAutoConfiguration.java:156) ~[spring-boot-autoconfigure-3.2.4.jar:3.2.4]
	at java.base/jdk.internal.reflect.DirectMethodHandleAccessor.invoke(DirectMethodHandleAccessor.java:103) ~[na:na]
	at java.base/java.lang.reflect.Method.invoke(Method.java:580) ~[na:na]
	at org.springframework.beans.factory.support.SimpleInstantiationStrategy.instantiate(SimpleInstantiationStrategy.java:140) ~[spring-beans-6.1.5.jar:6.1.5]
	... 60 common frames omitted
Caused by: org.springframework.jdbc.support.MetaDataAccessException: Could not get Connection for extracting meta-data
	at org.springframework.jdbc.support.JdbcUtils.extractDatabaseMetaData(JdbcUtils.java:357) ~[spring-jdbc-6.1.5.jar:6.1.5]
	at org.springframework.boot.jdbc.init.PlatformPlaceholderDatabaseDriverResolver.getDatabaseDriver(PlatformPlaceholderDatabaseDriverResolver.java:140) ~[spring-boot-3.2.4.jar:3.2.4]
	... 71 common frames omitted
Caused by: org.springframework.jdbc.CannotGetJdbcConnectionException: Failed to obtain JDBC Connection
	at org.springframework.jdbc.datasource.DataSourceUtils.getConnection(DataSourceUtils.java:84) ~[spring-jdbc-6.1.5.jar:6.1.5]
	at org.springframework.jdbc.support.JdbcUtils.extractDatabaseMetaData(JdbcUtils.java:331) ~[spring-jdbc-6.1.5.jar:6.1.5]
	... 72 common frames omitted
Caused by: java.sql.SQLSyntaxErrorException: Unknown database 'smartwatch_leaderboard'
	at com.mysql.cj.jdbc.exceptions.SQLError.createSQLException(SQLError.java:121) ~[mysql-connector-j-8.3.0.jar:8.3.0]
	at com.mysql.cj.jdbc.exceptions.SQLExceptionsMapping.translateException(SQLExceptionsMapping.java:122) ~[mysql-connector-j-8.3.0.jar:8.3.0]
	at com.mysql.cj.jdbc.ConnectionImpl.createNewIO(ConnectionImpl.java:815) ~[mysql-connector-j-8.3.0.jar:8.3.0]
	at com.mysql.cj.jdbc.ConnectionImpl.<init>(ConnectionImpl.java:438) ~[mysql-connector-j-8.3.0.jar:8.3.0]
	at com.mysql.cj.jdbc.ConnectionImpl.getInstance(ConnectionImpl.java:241) ~[mysql-connector-j-8.3.0.jar:8.3.0]
	at com.mysql.cj.jdbc.NonRegisteringDriver.connect(NonRegisteringDriver.java:189) ~[mysql-connector-j-8.3.0.jar:8.3.0]
	at com.zaxxer.hikari.util.DriverDataSource.getConnection(DriverDataSource.java:138) ~[HikariCP-5.0.1.jar:na]
	at com.zaxxer.hikari.pool.PoolBase.newConnection(PoolBase.java:359) ~[HikariCP-5.0.1.jar:na]
	at com.zaxxer.hikari.pool.PoolBase.newPoolEntry(PoolBase.java:201) ~[HikariCP-5.0.1.jar:na]
	at com.zaxxer.hikari.pool.HikariPool.createPoolEntry(HikariPool.java:470) ~[HikariCP-5.0.1.jar:na]
	at com.zaxxer.hikari.pool.HikariPool.checkFailFast(HikariPool.java:561) ~[HikariCP-5.0.1.jar:na]
	at com.zaxxer.hikari.pool.HikariPool.<init>(HikariPool.java:100) ~[HikariCP-5.0.1.jar:na]
	at com.zaxxer.hikari.HikariDataSource.getConnection(HikariDataSource.java:112) ~[HikariCP-5.0.1.jar:na]
	at org.springframework.jdbc.datasource.DataSourceUtils.fetchConnection(DataSourceUtils.java:160) ~[spring-jdbc-6.1.5.jar:6.1.5]
	at org.springframework.jdbc.datasource.DataSourceUtils.doGetConnection(DataSourceUtils.java:118) ~[spring-jdbc-6.1.5.jar:6.1.5]
	at org.springframework.jdbc.datasource.DataSourceUtils.getConnection(DataSourceUtils.java:81) ~[spring-jdbc-6.1.5.jar:6.1.5]
	... 73 common frames omitted

2026-09-02T21:15:46.408+05:30  INFO 26680 --- [smartwatch-leaderboard] [main] c.s.leaderboard.SmartwatchLeaderboard    : Starting SmartwatchLeaderboard using Java 21.0.2 with PID 26680 (C:\Users\PC\smartwatch_application\target\classes started by PC in C:\Users\PC\smartwatch_application)
2026-09-02T21:15:46.412+05:30  INFO 26680 --- [smartwatch-leaderboard] [main] c.s.leaderboard.SmartwatchLeaderboard    : The following 1 profile is active: "local"
2026-09-02T21:15:48.777+05:30  INFO 26680 --- [smartwatch-leaderboard] [main] .s.d.r.c.RepositoryConfigurationDelegate : Bootstrapping Spring Data JPA repositories in DEFAULT mode.
2026-09-02T21:15:48.986+05:30  INFO 26680 --- [smartwatch-leaderboard] [main] .s.d.r.c.RepositoryConfigurationDelegate : Finished Spring Data repository scanning in 193 ms. Found 11 JPA repository interfaces.
2026-09-02T21:15:50.722+05:30  WARN 26680 --- [smartwatch-leaderboard] [main] trationDelegate$BeanPostProcessorChecker : Bean 'org.springframework.boot.autoconfigure.jdbc.DataSourceConfiguration$Hikari' of type [org.springframework.boot.autoconfigure.jdbc.DataSourceConfiguration$Hikari] is not eligible for getting processed by all BeanPostProcessors (for example: not eligible for auto-proxying). Is this bean getting eagerly injected into a currently created BeanPostProcessor [jobRegistryBeanPostProcessor]? Check the corresponding BeanPostProcessor declaration and its dependencies.
2026-09-02T21:15:50.764+05:30  WARN 26680 --- [smartwatch-leaderboard] [main] trationDelegate$BeanPostProcessorChecker : Bean 'spring.datasource-org.springframework.boot.autoconfigure.jdbc.DataSourceProperties' of type [org.springframework.boot.autoconfigure.jdbc.DataSourceProperties] is not eligible for getting processed by all BeanPostProcessors (for example: not eligible for auto-proxying). Is this bean getting eagerly injected into a currently created BeanPostProcessor [jobRegistryBeanPostProcessor]? Check the corresponding BeanPostProcessor declaration and its dependencies.
2026-09-02T21:15:50.776+05:30  WARN 26680 --- [smartwatch-leaderboard] [main] trationDelegate$BeanPostProcessorChecker : Bean 'org.springframework.boot.autoconfigure.jdbc.DataSourceAutoConfiguration$PooledDataSourceConfiguration' of type [org.springframework.boot.autoconfigure.jdbc.DataSourceAutoConfiguration$PooledDataSourceConfiguration] is not eligible for getting processed by all BeanPostProcessors (for example: not eligible for auto-proxying). Is this bean getting eagerly injected into a currently created BeanPostProcessor [jobRegistryBeanPostProcessor]? Check the corresponding BeanPostProcessor declaration and its dependencies.
2026-09-02T21:15:50.784+05:30  WARN 26680 --- [smartwatch-leaderboard] [main] trationDelegate$BeanPostProcessorChecker : Bean 'jdbcConnectionDetails' of type [org.springframework.boot.autoconfigure.jdbc.PropertiesJdbcConnectionDetails] is not eligible for getting processed by all BeanPostProcessors (for example: not eligible for auto-proxying). Is this bean getting eagerly injected into a currently created BeanPostProcessor [jobRegistryBeanPostProcessor]? Check the corresponding BeanPostProcessor declaration and its dependencies.
2026-09-02T21:15:50.831+05:30  WARN 26680 --- [smartwatch-leaderboard] [main] trationDelegate$BeanPostProcessorChecker : Bean 'dataSource' of type [com.zaxxer.hikari.HikariDataSource] is not eligible for getting processed by all BeanPostProcessors (for example: not eligible for auto-proxying). Is this bean getting eagerly injected into a currently created BeanPostProcessor [jobRegistryBeanPostProcessor]? Check the corresponding BeanPostProcessor declaration and its dependencies.
2026-09-02T21:15:50.879+05:30  WARN 26680 --- [smartwatch-leaderboard] [main] trationDelegate$BeanPostProcessorChecker : Bean 'spring.jpa-org.springframework.boot.autoconfigure.orm.jpa.JpaProperties' of type [org.springframework.boot.autoconfigure.orm.jpa.JpaProperties] is not eligible for getting processed by all BeanPostProcessors (for example: not eligible for auto-proxying). Is this bean getting eagerly injected into a currently created BeanPostProcessor [jobRegistryBeanPostProcessor]? Check the corresponding BeanPostProcessor declaration and its dependencies.
2026-09-02T21:15:50.911+05:30  WARN 26680 --- [smartwatch-leaderboard] [main] trationDelegate$BeanPostProcessorChecker : Bean 'spring.jpa.hibernate-org.springframework.boot.autoconfigure.orm.jpa.HibernateProperties' of type [org.springframework.boot.autoconfigure.orm.jpa.HibernateProperties] is not eligible for getting processed by all BeanPostProcessors (for example: not eligible for auto-proxying). Is this bean getting eagerly injected into a currently created BeanPostProcessor [jobRegistryBeanPostProcessor]? Check the corresponding BeanPostProcessor declaration and its dependencies.
2026-09-02T21:15:50.922+05:30  WARN 26680 --- [smartwatch-leaderboard] [main] trationDelegate$BeanPostProcessorChecker : Bean 'org.springframework.boot.autoconfigure.jdbc.metadata.DataSourcePoolMetadataProvidersConfiguration$HikariPoolDataSourceMetadataProviderConfiguration' of type [org.springframework.boot.autoconfigure.jdbc.metadata.DataSourcePoolMetadataProvidersConfiguration$HikariPoolDataSourceMetadataProviderConfiguration] is not eligible for getting processed by all BeanPostProcessors (for example: not eligible for auto-proxying). Is this bean getting eagerly injected into a currently created BeanPostProcessor [jobRegistryBeanPostProcessor]? Check the corresponding BeanPostProcessor declaration and its dependencies.
2026-09-02T21:15:50.927+05:30  WARN 26680 --- [smartwatch-leaderboard] [main] trationDelegate$BeanPostProcessorChecker : Bean 'hikariPoolDataSourceMetadataProvider' of type [org.springframework.boot.autoconfigure.jdbc.metadata.DataSourcePoolMetadataProvidersConfiguration$HikariPoolDataSourceMetadataProviderConfiguration$$Lambda/0x00000236a9448650] is not eligible for getting processed by all BeanPostProcessors (for example: not eligible for auto-proxying). Is this bean getting eagerly injected into a currently created BeanPostProcessor [jobRegistryBeanPostProcessor]? Check the corresponding BeanPostProcessor declaration and its dependencies.
2026-09-02T21:15:50.940+05:30  WARN 26680 --- [smartwatch-leaderboard] [main] trationDelegate$BeanPostProcessorChecker : Bean 'org.springframework.boot.autoconfigure.orm.jpa.HibernateJpaConfiguration' of type [org.springframework.boot.autoconfigure.orm.jpa.HibernateJpaConfiguration] is not eligible for getting processed by all BeanPostProcessors (for example: not eligible for auto-proxying). Is this bean getting eagerly injected into a currently created BeanPostProcessor [jobRegistryBeanPostProcessor]? Check the corresponding BeanPostProcessor declaration and its dependencies.
2026-09-02T21:15:50.967+05:30  WARN 26680 --- [smartwatch-leaderboard] [main] trationDelegate$BeanPostProcessorChecker : Bean 'org.springframework.boot.autoconfigure.transaction.TransactionManagerCustomizationAutoConfiguration' of type [org.springframework.boot.autoconfigure.transaction.TransactionManagerCustomizationAutoConfiguration] is not eligible for getting processed by all BeanPostProcessors (for example: not eligible for auto-proxying). Is this bean getting eagerly injected into a currently created BeanPostProcessor [jobRegistryBeanPostProcessor]? Check the corresponding BeanPostProcessor declaration and its dependencies.
2026-09-02T21:15:50.979+05:30  WARN 26680 --- [smartwatch-leaderboard] [main] trationDelegate$BeanPostProcessorChecker : Bean 'transactionExecutionListeners' of type [org.springframework.boot.autoconfigure.transaction.ExecutionListenersTransactionManagerCustomizer] is not eligible for getting processed by all BeanPostProcessors (for example: not eligible for auto-proxying). Is this bean getting eagerly injected into a currently created BeanPostProcessor [jobRegistryBeanPostProcessor]? Check the corresponding BeanPostProcessor declaration and its dependencies.
2026-09-02T21:15:50.991+05:30  WARN 26680 --- [smartwatch-leaderboard] [main] trationDelegate$BeanPostProcessorChecker : Bean 'spring.transaction-org.springframework.boot.autoconfigure.transaction.TransactionProperties' of type [org.springframework.boot.autoconfigure.transaction.TransactionProperties] is not eligible for getting processed by all BeanPostProcessors (for example: not eligible for auto-proxying). Is this bean getting eagerly injected into a currently created BeanPostProcessor [jobRegistryBeanPostProcessor]? Check the corresponding BeanPostProcessor declaration and its dependencies.
2026-09-02T21:15:50.999+05:30  WARN 26680 --- [smartwatch-leaderboard] [main] trationDelegate$BeanPostProcessorChecker : Bean 'platformTransactionManagerCustomizers' of type [org.springframework.boot.autoconfigure.transaction.TransactionManagerCustomizers] is not eligible for getting processed by all BeanPostProcessors (for example: not eligible for auto-proxying). Is this bean getting eagerly injected into a currently created BeanPostProcessor [jobRegistryBeanPostProcessor]? Check the corresponding BeanPostProcessor declaration and its dependencies.
2026-09-02T21:15:51.028+05:30  WARN 26680 --- [smartwatch-leaderboard] [main] trationDelegate$BeanPostProcessorChecker : Bean 'org.springframework.boot.autoconfigure.sql.init.DataSourceInitializationConfiguration' of type [org.springframework.boot.autoconfigure.sql.init.DataSourceInitializationConfiguration] is not eligible for getting processed by all BeanPostProcessors (for example: not eligible for auto-proxying). Is this bean getting eagerly injected into a currently created BeanPostProcessor [jobRegistryBeanPostProcessor]? Check the corresponding BeanPostProcessor declaration and its dependencies.
2026-09-02T21:15:51.041+05:30  WARN 26680 --- [smartwatch-leaderboard] [main] trationDelegate$BeanPostProcessorChecker : Bean 'spring.sql.init-org.springframework.boot.autoconfigure.sql.init.SqlInitializationProperties' of type [org.springframework.boot.autoconfigure.sql.init.SqlInitializationProperties] is not eligible for getting processed by all BeanPostProcessors (for example: not eligible for auto-proxying). Is this bean getting eagerly injected into a currently created BeanPostProcessor [jobRegistryBeanPostProcessor]? Check the corresponding BeanPostProcessor declaration and its dependencies.
2026-09-02T21:15:51.053+05:30  WARN 26680 --- [smartwatch-leaderboard] [main] trationDelegate$BeanPostProcessorChecker : Bean 'dataSourceScriptDatabaseInitializer' of type [org.springframework.boot.autoconfigure.sql.init.SqlDataSourceScriptDatabaseInitializer] is not eligible for getting processed by all BeanPostProcessors (for example: not eligible for auto-proxying). Is this bean getting eagerly injected into a currently created BeanPostProcessor [jobRegistryBeanPostProcessor]? Check the corresponding BeanPostProcessor declaration and its dependencies.
2026-09-02T21:15:51.061+05:30  WARN 26680 --- [smartwatch-leaderboard] [main] trationDelegate$BeanPostProcessorChecker : Bean 'org.springframework.boot.autoconfigure.batch.BatchAutoConfiguration$DataSourceInitializerConfiguration' of type [org.springframework.boot.autoconfigure.batch.BatchAutoConfiguration$DataSourceInitializerConfiguration] is not eligible for getting processed by all BeanPostProcessors (for example: not eligible for auto-proxying). Is this bean getting eagerly injected into a currently created BeanPostProcessor [jobRegistryBeanPostProcessor]? Check the corresponding BeanPostProcessor declaration and its dependencies.
2026-09-02T21:15:51.076+05:30  WARN 26680 --- [smartwatch-leaderboard] [main] trationDelegate$BeanPostProcessorChecker : Bean 'spring.batch-org.springframework.boot.autoconfigure.batch.BatchProperties' of type [org.springframework.boot.autoconfigure.batch.BatchProperties] is not eligible for getting processed by all BeanPostProcessors (for example: not eligible for auto-proxying). Is this bean getting eagerly injected into a currently created BeanPostProcessor [jobRegistryBeanPostProcessor]? Check the corresponding BeanPostProcessor declaration and its dependencies.
2026-09-02T21:15:51.098+05:30  INFO 26680 --- [smartwatch-leaderboard] [main] com.zaxxer.hikari.HikariDataSource       : HikariPool-1 - Starting...
2026-09-02T21:15:53.472+05:30 ERROR 26680 --- [smartwatch-leaderboard] [main] com.zaxxer.hikari.pool.HikariPool        : HikariPool-1 - Exception during pool initialization.

java.sql.SQLSyntaxErrorException: Unknown database 'smartwatch_leaderboard'
	at com.mysql.cj.jdbc.exceptions.SQLError.createSQLException(SQLError.java:121) ~[mysql-connector-j-8.3.0.jar:8.3.0]
	at com.mysql.cj.jdbc.exceptions.SQLExceptionsMapping.translateException(SQLExceptionsMapping.java:122) ~[mysql-connector-j-8.3.0.jar:8.3.0]
	at com.mysql.cj.jdbc.ConnectionImpl.createNewIO(ConnectionImpl.java:815) ~[mysql-connector-j-8.3.0.jar:8.3.0]
	at com.mysql.cj.jdbc.ConnectionImpl.<init>(ConnectionImpl.java:438) ~[mysql-connector-j-8.3.0.jar:8.3.0]
	at com.mysql.cj.jdbc.ConnectionImpl.getInstance(ConnectionImpl.java:241) ~[mysql-connector-j-8.3.0.jar:8.3.0]
	at com.mysql.cj.jdbc.NonRegisteringDriver.connect(NonRegisteringDriver.java:189) ~[mysql-connector-j-8.3.0.jar:8.3.0]
	at com.zaxxer.hikari.util.DriverDataSource.getConnection(DriverDataSource.java:138) ~[HikariCP-5.0.1.jar:na]
	at com.zaxxer.hikari.pool.PoolBase.newConnection(PoolBase.java:359) ~[HikariCP-5.0.1.jar:na]
	at com.zaxxer.hikari.pool.PoolBase.newPoolEntry(PoolBase.java:201) ~[HikariCP-5.0.1.jar:na]
	at com.zaxxer.hikari.pool.HikariPool.createPoolEntry(HikariPool.java:470) ~[HikariCP-5.0.1.jar:na]
	at com.zaxxer.hikari.pool.HikariPool.checkFailFast(HikariPool.java:561) ~[HikariCP-5.0.1.jar:na]
	at com.zaxxer.hikari.pool.HikariPool.<init>(HikariPool.java:100) ~[HikariCP-5.0.1.jar:na]
	at com.zaxxer.hikari.HikariDataSource.getConnection(HikariDataSource.java:112) ~[HikariCP-5.0.1.jar:na]
	at org.springframework.jdbc.datasource.DataSourceUtils.fetchConnection(DataSourceUtils.java:160) ~[spring-jdbc-6.1.5.jar:6.1.5]
	at org.springframework.jdbc.datasource.DataSourceUtils.doGetConnection(DataSourceUtils.java:118) ~[spring-jdbc-6.1.5.jar:6.1.5]
	at org.springframework.jdbc.datasource.DataSourceUtils.getConnection(DataSourceUtils.java:81) ~[spring-jdbc-6.1.5.jar:6.1.5]
	at org.springframework.jdbc.support.JdbcUtils.extractDatabaseMetaData(JdbcUtils.java:331) ~[spring-jdbc-6.1.5.jar:6.1.5]
	at org.springframework.boot.jdbc.init.PlatformPlaceholderDatabaseDriverResolver.getDatabaseDriver(PlatformPlaceholderDatabaseDriverResolver.java:140) ~[spring-boot-3.2.4.jar:3.2.4]
	at org.springframework.boot.jdbc.init.PlatformPlaceholderDatabaseDriverResolver.determinePlatform(PlatformPlaceholderDatabaseDriverResolver.java:132) ~[spring-boot-3.2.4.jar:3.2.4]
	at org.springframework.boot.jdbc.init.PlatformPlaceholderDatabaseDriverResolver.lambda$resolveAll$0(PlatformPlaceholderDatabaseDriverResolver.java:97) ~[spring-boot-3.2.4.jar:3.2.4]
	at org.springframework.boot.jdbc.init.PlatformPlaceholderDatabaseDriverResolver.resolveAll(PlatformPlaceholderDatabaseDriverResolver.java:122) ~[spring-boot-3.2.4.jar:3.2.4]
	at org.springframework.boot.jdbc.init.PlatformPlaceholderDatabaseDriverResolver.resolveAll(PlatformPlaceholderDatabaseDriverResolver.java:97) ~[spring-boot-3.2.4.jar:3.2.4]
	at org.springframework.boot.autoconfigure.batch.BatchDataSourceScriptDatabaseInitializer.resolveSchemaLocations(BatchDataSourceScriptDatabaseInitializer.java:83) ~[spring-boot-autoconfigure-3.2.4.jar:3.2.4]
	at org.springframework.boot.autoconfigure.batch.BatchDataSourceScriptDatabaseInitializer.getSettings(BatchDataSourceScriptDatabaseInitializer.java:72) ~[spring-boot-autoconfigure-3.2.4.jar:3.2.4]
	at org.springframework.boot.autoconfigure.batch.BatchDataSourceScriptDatabaseInitializer.<init>(BatchDataSourceScriptDatabaseInitializer.java:47) ~[spring-boot-autoconfigure-3.2.4.jar:3.2.4]
	at org.springframework.boot.autoconfigure.batch.BatchAutoConfiguration$DataSourceInitializerConfiguration.batchDataSourceInitializer(BatchAutoConfiguration.java:156) ~[spring-boot-autoconfigure-3.2.4.jar:3.2.4]
	at java.base/jdk.internal.reflect.DirectMethodHandleAccessor.invoke(DirectMethodHandleAccessor.java:103) ~[na:na]
	at java.base/java.lang.reflect.Method.invoke(Method.java:580) ~[na:na]
	at org.springframework.beans.factory.support.SimpleInstantiationStrategy.instantiate(SimpleInstantiationStrategy.java:140) ~[spring-beans-6.1.5.jar:6.1.5]
	at org.springframework.beans.factory.support.ConstructorResolver.instantiate(ConstructorResolver.java:644) ~[spring-beans-6.1.5.jar:6.1.5]
	at org.springframework.beans.factory.support.ConstructorResolver.instantiateUsingFactoryMethod(ConstructorResolver.java:636) ~[spring-beans-6.1.5.jar:6.1.5]
	at org.springframework.beans.factory.support.AbstractAutowireCapableBeanFactory.instantiateUsingFactoryMethod(AbstractAutowireCapableBeanFactory.java:1335) ~[spring-beans-6.1.5.jar:6.1.5]
	at org.springframework.beans.factory.support.AbstractAutowireCapableBeanFactory.createBeanInstance(AbstractAutowireCapableBeanFactory.java:1165) ~[spring-beans-6.1.5.jar:6.1.5]
	at org.springframework.beans.factory.support.AbstractAutowireCapableBeanFactory.doCreateBean(AbstractAutowireCapableBeanFactory.java:562) ~[spring-beans-6.1.5.jar:6.1.5]
	at org.springframework.beans.factory.support.AbstractAutowireCapableBeanFactory.createBean(AbstractAutowireCapableBeanFactory.java:522) ~[spring-beans-6.1.5.jar:6.1.5]
	at org.springframework.beans.factory.support.AbstractBeanFactory.lambda$doGetBean$0(AbstractBeanFactory.java:326) ~[spring-beans-6.1.5.jar:6.1.5]
	at org.springframework.beans.factory.support.DefaultSingletonBeanRegistry.getSingleton(DefaultSingletonBeanRegistry.java:234) ~[spring-beans-6.1.5.jar:6.1.5]
	at org.springframework.beans.factory.support.AbstractBeanFactory.doGetBean(AbstractBeanFactory.java:324) ~[spring-beans-6.1.5.jar:6.1.5]
	at org.springframework.beans.factory.support.AbstractBeanFactory.getBean(AbstractBeanFactory.java:200) ~[spring-beans-6.1.5.jar:6.1.5]
	at org.springframework.beans.factory.support.AbstractBeanFactory.doGetBean(AbstractBeanFactory.java:313) ~[spring-beans-6.1.5.jar:6.1.5]
	at org.springframework.beans.factory.support.AbstractBeanFactory.getBean(AbstractBeanFactory.java:225) ~[spring-beans-6.1.5.jar:6.1.5]
	at org.springframework.beans.factory.support.DefaultListableBeanFactory.resolveNamedBean(DefaultListableBeanFactory.java:1323) ~[spring-beans-6.1.5.jar:6.1.5]
	at org.springframework.beans.factory.support.DefaultListableBeanFactory.resolveNamedBean(DefaultListableBeanFactory.java:1284) ~[spring-beans-6.1.5.jar:6.1.5]
	at org.springframework.beans.factory.support.DefaultListableBeanFactory.resolveBean(DefaultListableBeanFactory.java:486) ~[spring-beans-6.1.5.jar:6.1.5]
	at org.springframework.beans.factory.support.DefaultListableBeanFactory.getBean(DefaultListableBeanFactory.java:341) ~[spring-beans-6.1.5.jar:6.1.5]
	at org.springframework.beans.factory.support.DefaultListableBeanFactory.getBean(DefaultListableBeanFactory.java:334) ~[spring-beans-6.1.5.jar:6.1.5]
	at org.springframework.orm.jpa.EntityManagerFactoryUtils.findEntityManagerFactory(EntityManagerFactoryUtils.java:120) ~[spring-orm-6.1.5.jar:6.1.5]
	at org.springframework.orm.jpa.JpaTransactionManager.setBeanFactory(JpaTransactionManager.java:333) ~[spring-orm-6.1.5.jar:6.1.5]
	at org.springframework.beans.factory.support.AbstractAutowireCapableBeanFactory.invokeAwareMethods(AbstractAutowireCapableBeanFactory.java:1807) ~[spring-beans-6.1.5.jar:6.1.5]
	at org.springframework.beans.factory.support.AbstractAutowireCapableBeanFactory.initializeBean(AbstractAutowireCapableBeanFactory.java:1774) ~[spring-beans-6.1.5.jar:6.1.5]
	at org.springframework.beans.factory.support.AbstractAutowireCapableBeanFactory.doCreateBean(AbstractAutowireCapableBeanFactory.java:600) ~[spring-beans-6.1.5.jar:6.1.5]
	at org.springframework.beans.factory.support.AbstractAutowireCapableBeanFactory.createBean(AbstractAutowireCapableBeanFactory.java:522) ~[spring-beans-6.1.5.jar:6.1.5]
	at org.springframework.beans.factory.support.AbstractBeanFactory.lambda$doGetBean$0(AbstractBeanFactory.java:326) ~[spring-beans-6.1.5.jar:6.1.5]
	at org.springframework.beans.factory.support.DefaultSingletonBeanRegistry.getSingleton(DefaultSingletonBeanRegistry.java:234) ~[spring-beans-6.1.5.jar:6.1.5]
	at org.springframework.beans.factory.support.AbstractBeanFactory.doGetBean(AbstractBeanFactory.java:324) ~[spring-beans-6.1.5.jar:6.1.5]
	at org.springframework.beans.factory.support.AbstractBeanFactory.getBean(AbstractBeanFactory.java:200) ~[spring-beans-6.1.5.jar:6.1.5]
	at org.springframework.beans.factory.config.DependencyDescriptor.resolveCandidate(DependencyDescriptor.java:254) ~[spring-beans-6.1.5.jar:6.1.5]
	at org.springframework.beans.factory.support.DefaultListableBeanFactory.doResolveDependency(DefaultListableBeanFactory.java:1443) ~[spring-beans-6.1.5.jar:6.1.5]
	at org.springframework.beans.factory.support.DefaultListableBeanFactory.resolveDependency(DefaultListableBeanFactory.java:1353) ~[spring-beans-6.1.5.jar:6.1.5]
	at org.springframework.beans.factory.support.ConstructorResolver.resolveAutowiredArgument(ConstructorResolver.java:904) ~[spring-beans-6.1.5.jar:6.1.5]
	at org.springframework.beans.factory.support.ConstructorResolver.createArgumentArray(ConstructorResolver.java:782) ~[spring-beans-6.1.5.jar:6.1.5]
	at org.springframework.beans.factory.support.ConstructorResolver.autowireConstructor(ConstructorResolver.java:237) ~[spring-beans-6.1.5.jar:6.1.5]
	at org.springframework.beans.factory.support.AbstractAutowireCapableBeanFactory.autowireConstructor(AbstractAutowireCapableBeanFactory.java:1355) ~[spring-beans-6.1.5.jar:6.1.5]
	at org.springframework.beans.factory.support.AbstractAutowireCapableBeanFactory.createBeanInstance(AbstractAutowireCapableBeanFactory.java:1192) ~[spring-beans-6.1.5.jar:6.1.5]
	at org.springframework.beans.factory.support.AbstractAutowireCapableBeanFactory.doCreateBean(AbstractAutowireCapableBeanFactory.java:562) ~[spring-beans-6.1.5.jar:6.1.5]
	at org.springframework.beans.factory.support.AbstractAutowireCapableBeanFactory.createBean(AbstractAutowireCapableBeanFactory.java:522) ~[spring-beans-6.1.5.jar:6.1.5]
	at org.springframework.beans.factory.support.AbstractBeanFactory.lambda$doGetBean$0(AbstractBeanFactory.java:326) ~[spring-beans-6.1.5.jar:6.1.5]
	at org.springframework.beans.factory.support.DefaultSingletonBeanRegistry.getSingleton(DefaultSingletonBeanRegistry.java:234) ~[spring-beans-6.1.5.jar:6.1.5]
	at org.springframework.beans.factory.support.AbstractBeanFactory.doGetBean(AbstractBeanFactory.java:324) ~[spring-beans-6.1.5.jar:6.1.5]
	at org.springframework.beans.factory.support.AbstractBeanFactory.getBean(AbstractBeanFactory.java:200) ~[spring-beans-6.1.5.jar:6.1.5]
	at org.springframework.beans.factory.support.ConstructorResolver.instantiateUsingFactoryMethod(ConstructorResolver.java:409) ~[spring-beans-6.1.5.jar:6.1.5]
	at org.springframework.beans.factory.support.AbstractAutowireCapableBeanFactory.instantiateUsingFactoryMethod(AbstractAutowireCapableBeanFactory.java:1335) ~[spring-beans-6.1.5.jar:6.1.5]
	at org.springframework.beans.factory.support.AbstractAutowireCapableBeanFactory.createBeanInstance(AbstractAutowireCapableBeanFactory.java:1165) ~[spring-beans-6.1.5.jar:6.1.5]
	at org.springframework.beans.factory.support.AbstractAutowireCapableBeanFactory.doCreateBean(AbstractAutowireCapableBeanFactory.java:562) ~[spring-beans-6.1.5.jar:6.1.5]
	at org.springframework.beans.factory.support.AbstractAutowireCapableBeanFactory.createBean(AbstractAutowireCapableBeanFactory.java:522) ~[spring-beans-6.1.5.jar:6.1.5]
	at org.springframework.beans.factory.support.AbstractBeanFactory.lambda$doGetBean$0(AbstractBeanFactory.java:326) ~[spring-beans-6.1.5.jar:6.1.5]
	at org.springframework.beans.factory.support.DefaultSingletonBeanRegistry.getSingleton(DefaultSingletonBeanRegistry.java:234) ~[spring-beans-6.1.5.jar:6.1.5]
	at org.springframework.beans.factory.support.AbstractBeanFactory.doGetBean(AbstractBeanFactory.java:324) ~[spring-beans-6.1.5.jar:6.1.5]
	at org.springframework.beans.factory.support.AbstractBeanFactory.getBean(AbstractBeanFactory.java:205) ~[spring-beans-6.1.5.jar:6.1.5]
	at org.springframework.context.support.PostProcessorRegistrationDelegate.registerBeanPostProcessors(PostProcessorRegistrationDelegate.java:277) ~[spring-context-6.1.5.jar:6.1.5]
	at org.springframework.context.support.AbstractApplicationContext.registerBeanPostProcessors(AbstractApplicationContext.java:805) ~[spring-context-6.1.5.jar:6.1.5]
	at org.springframework.context.support.AbstractApplicationContext.refresh(AbstractApplicationContext.java:608) ~[spring-context-6.1.5.jar:6.1.5]
	at org.springframework.boot.web.servlet.context.ServletWebServerApplicationContext.refresh(ServletWebServerApplicationContext.java:146) ~[spring-boot-3.2.4.jar:3.2.4]
	at org.springframework.boot.SpringApplication.refresh(SpringApplication.java:754) ~[spring-boot-3.2.4.jar:3.2.4]
	at org.springframework.boot.SpringApplication.refreshContext(SpringApplication.java:456) ~[spring-boot-3.2.4.jar:3.2.4]
	at org.springframework.boot.SpringApplication.run(SpringApplication.java:334) ~[spring-boot-3.2.4.jar:3.2.4]
	at org.springframework.boot.SpringApplication.run(SpringApplication.java:1354) ~[spring-boot-3.2.4.jar:3.2.4]
	at org.springframework.boot.SpringApplication.run(SpringApplication.java:1343) ~[spring-boot-3.2.4.jar:3.2.4]
	at com.smartwatch.leaderboard.SmartwatchLeaderboard.main(SmartwatchLeaderboard.java:10) ~[classes/:na]

2026-09-02T21:15:53.488+05:30  WARN 26680 --- [smartwatch-leaderboard] [main] ConfigServletWebServerApplicationContext : Exception encountered during context initialization - cancelling refresh attempt: org.springframework.beans.factory.UnsatisfiedDependencyException: Error creating bean with name 'org.springframework.boot.autoconfigure.batch.BatchAutoConfiguration$SpringBootBatchConfiguration': Unsatisfied dependency expressed through constructor parameter 2: Error creating bean with name 'transactionManager' defined in class path resource [org/springframework/boot/autoconfigure/orm/jpa/HibernateJpaConfiguration.class]: Error creating bean with name 'batchDataSourceInitializer' defined in class path resource [org/springframework/boot/autoconfigure/batch/BatchAutoConfiguration$DataSourceInitializerConfiguration.class]: Failed to instantiate [org.springframework.boot.autoconfigure.batch.BatchDataSourceScriptDatabaseInitializer]: Factory method 'batchDataSourceInitializer' threw exception with message: Failed to determine DatabaseDriver
2026-09-02T21:15:53.536+05:30  INFO 26680 --- [smartwatch-leaderboard] [main] .s.b.a.l.ConditionEvaluationReportLogger : 

Error starting ApplicationContext. To display the condition evaluation report re-run your application with 'debug' enabled.
2026-09-02T21:15:53.582+05:30 ERROR 26680 --- [smartwatch-leaderboard] [main] o.s.boot.SpringApplication               : Application run failed

org.springframework.beans.factory.UnsatisfiedDependencyException: Error creating bean with name 'org.springframework.boot.autoconfigure.batch.BatchAutoConfiguration$SpringBootBatchConfiguration': Unsatisfied dependency expressed through constructor parameter 2: Error creating bean with name 'transactionManager' defined in class path resource [org/springframework/boot/autoconfigure/orm/jpa/HibernateJpaConfiguration.class]: Error creating bean with name 'batchDataSourceInitializer' defined in class path resource [org/springframework/boot/autoconfigure/batch/BatchAutoConfiguration$DataSourceInitializerConfiguration.class]: Failed to instantiate [org.springframework.boot.autoconfigure.batch.BatchDataSourceScriptDatabaseInitializer]: Factory method 'batchDataSourceInitializer' threw exception with message: Failed to determine DatabaseDriver
	at org.springframework.beans.factory.support.ConstructorResolver.createArgumentArray(ConstructorResolver.java:795) ~[spring-beans-6.1.5.jar:6.1.5]
	at org.springframework.beans.factory.support.ConstructorResolver.autowireConstructor(ConstructorResolver.java:237) ~[spring-beans-6.1.5.jar:6.1.5]
	at org.springframework.beans.factory.support.AbstractAutowireCapableBeanFactory.autowireConstructor(AbstractAutowireCapableBeanFactory.java:1355) ~[spring-beans-6.1.5.jar:6.1.5]
	at org.springframework.beans.factory.support.AbstractAutowireCapableBeanFactory.createBeanInstance(AbstractAutowireCapableBeanFactory.java:1192) ~[spring-beans-6.1.5.jar:6.1.5]
	at org.springframework.beans.factory.support.AbstractAutowireCapableBeanFactory.doCreateBean(AbstractAutowireCapableBeanFactory.java:562) ~[spring-beans-6.1.5.jar:6.1.5]
	at org.springframework.beans.factory.support.AbstractAutowireCapableBeanFactory.createBean(AbstractAutowireCapableBeanFactory.java:522) ~[spring-beans-6.1.5.jar:6.1.5]
	at org.springframework.beans.factory.support.AbstractBeanFactory.lambda$doGetBean$0(AbstractBeanFactory.java:326) ~[spring-beans-6.1.5.jar:6.1.5]
	at org.springframework.beans.factory.support.DefaultSingletonBeanRegistry.getSingleton(DefaultSingletonBeanRegistry.java:234) ~[spring-beans-6.1.5.jar:6.1.5]
	at org.springframework.beans.factory.support.AbstractBeanFactory.doGetBean(AbstractBeanFactory.java:324) ~[spring-beans-6.1.5.jar:6.1.5]
	at org.springframework.beans.factory.support.AbstractBeanFactory.getBean(AbstractBeanFactory.java:200) ~[spring-beans-6.1.5.jar:6.1.5]
	at org.springframework.beans.factory.support.ConstructorResolver.instantiateUsingFactoryMethod(ConstructorResolver.java:409) ~[spring-beans-6.1.5.jar:6.1.5]
	at org.springframework.beans.factory.support.AbstractAutowireCapableBeanFactory.instantiateUsingFactoryMethod(AbstractAutowireCapableBeanFactory.java:1335) ~[spring-beans-6.1.5.jar:6.1.5]
	at org.springframework.beans.factory.support.AbstractAutowireCapableBeanFactory.createBeanInstance(AbstractAutowireCapableBeanFactory.java:1165) ~[spring-beans-6.1.5.jar:6.1.5]
	at org.springframework.beans.factory.support.AbstractAutowireCapableBeanFactory.doCreateBean(AbstractAutowireCapableBeanFactory.java:562) ~[spring-beans-6.1.5.jar:6.1.5]
	at org.springframework.beans.factory.support.AbstractAutowireCapableBeanFactory.createBean(AbstractAutowireCapableBeanFactory.java:522) ~[spring-beans-6.1.5.jar:6.1.5]
	at org.springframework.beans.factory.support.AbstractBeanFactory.lambda$doGetBean$0(AbstractBeanFactory.java:326) ~[spring-beans-6.1.5.jar:6.1.5]
	at org.springframework.beans.factory.support.DefaultSingletonBeanRegistry.getSingleton(DefaultSingletonBeanRegistry.java:234) ~[spring-beans-6.1.5.jar:6.1.5]
	at org.springframework.beans.factory.support.AbstractBeanFactory.doGetBean(AbstractBeanFactory.java:324) ~[spring-beans-6.1.5.jar:6.1.5]
	at org.springframework.beans.factory.support.AbstractBeanFactory.getBean(AbstractBeanFactory.java:205) ~[spring-beans-6.1.5.jar:6.1.5]
	at org.springframework.context.support.PostProcessorRegistrationDelegate.registerBeanPostProcessors(PostProcessorRegistrationDelegate.java:277) ~[spring-context-6.1.5.jar:6.1.5]
	at org.springframework.context.support.AbstractApplicationContext.registerBeanPostProcessors(AbstractApplicationContext.java:805) ~[spring-context-6.1.5.jar:6.1.5]
	at org.springframework.context.support.AbstractApplicationContext.refresh(AbstractApplicationContext.java:608) ~[spring-context-6.1.5.jar:6.1.5]
	at org.springframework.boot.web.servlet.context.ServletWebServerApplicationContext.refresh(ServletWebServerApplicationContext.java:146) ~[spring-boot-3.2.4.jar:3.2.4]
	at org.springframework.boot.SpringApplication.refresh(SpringApplication.java:754) ~[spring-boot-3.2.4.jar:3.2.4]
	at org.springframework.boot.SpringApplication.refreshContext(SpringApplication.java:456) ~[spring-boot-3.2.4.jar:3.2.4]
	at org.springframework.boot.SpringApplication.run(SpringApplication.java:334) ~[spring-boot-3.2.4.jar:3.2.4]
	at org.springframework.boot.SpringApplication.run(SpringApplication.java:1354) ~[spring-boot-3.2.4.jar:3.2.4]
	at org.springframework.boot.SpringApplication.run(SpringApplication.java:1343) ~[spring-boot-3.2.4.jar:3.2.4]
	at com.smartwatch.leaderboard.SmartwatchLeaderboard.main(SmartwatchLeaderboard.java:10) ~[classes/:na]
Caused by: org.springframework.beans.factory.BeanCreationException: Error creating bean with name 'transactionManager' defined in class path resource [org/springframework/boot/autoconfigure/orm/jpa/HibernateJpaConfiguration.class]: Error creating bean with name 'batchDataSourceInitializer' defined in class path resource [org/springframework/boot/autoconfigure/batch/BatchAutoConfiguration$DataSourceInitializerConfiguration.class]: Failed to instantiate [org.springframework.boot.autoconfigure.batch.BatchDataSourceScriptDatabaseInitializer]: Factory method 'batchDataSourceInitializer' threw exception with message: Failed to determine DatabaseDriver
	at org.springframework.beans.factory.support.AbstractAutowireCapableBeanFactory.doCreateBean(AbstractAutowireCapableBeanFactory.java:607) ~[spring-beans-6.1.5.jar:6.1.5]
	at org.springframework.beans.factory.support.AbstractAutowireCapableBeanFactory.createBean(AbstractAutowireCapableBeanFactory.java:522) ~[spring-beans-6.1.5.jar:6.1.5]
	at org.springframework.beans.factory.support.AbstractBeanFactory.lambda$doGetBean$0(AbstractBeanFactory.java:326) ~[spring-beans-6.1.5.jar:6.1.5]
	at org.springframework.beans.factory.support.DefaultSingletonBeanRegistry.getSingleton(DefaultSingletonBeanRegistry.java:234) ~[spring-beans-6.1.5.jar:6.1.5]
	at org.springframework.beans.factory.support.AbstractBeanFactory.doGetBean(AbstractBeanFactory.java:324) ~[spring-beans-6.1.5.jar:6.1.5]
	at org.springframework.beans.factory.support.AbstractBeanFactory.getBean(AbstractBeanFactory.java:200) ~[spring-beans-6.1.5.jar:6.1.5]
	at org.springframework.beans.factory.config.DependencyDescriptor.resolveCandidate(DependencyDescriptor.java:254) ~[spring-beans-6.1.5.jar:6.1.5]
	at org.springframework.beans.factory.support.DefaultListableBeanFactory.doResolveDependency(DefaultListableBeanFactory.java:1443) ~[spring-beans-6.1.5.jar:6.1.5]
	at org.springframework.beans.factory.support.DefaultListableBeanFactory.resolveDependency(DefaultListableBeanFactory.java:1353) ~[spring-beans-6.1.5.jar:6.1.5]
	at org.springframework.beans.factory.support.ConstructorResolver.resolveAutowiredArgument(ConstructorResolver.java:904) ~[spring-beans-6.1.5.jar:6.1.5]
	at org.springframework.beans.factory.support.ConstructorResolver.createArgumentArray(ConstructorResolver.java:782) ~[spring-beans-6.1.5.jar:6.1.5]
	... 28 common frames omitted
Caused by: org.springframework.beans.factory.BeanCreationException: Error creating bean with name 'batchDataSourceInitializer' defined in class path resource [org/springframework/boot/autoconfigure/batch/BatchAutoConfiguration$DataSourceInitializerConfiguration.class]: Failed to instantiate [org.springframework.boot.autoconfigure.batch.BatchDataSourceScriptDatabaseInitializer]: Factory method 'batchDataSourceInitializer' threw exception with message: Failed to determine DatabaseDriver
	at org.springframework.beans.factory.support.ConstructorResolver.instantiate(ConstructorResolver.java:648) ~[spring-beans-6.1.5.jar:6.1.5]
	at org.springframework.beans.factory.support.ConstructorResolver.instantiateUsingFactoryMethod(ConstructorResolver.java:636) ~[spring-beans-6.1.5.jar:6.1.5]
	at org.springframework.beans.factory.support.AbstractAutowireCapableBeanFactory.instantiateUsingFactoryMethod(AbstractAutowireCapableBeanFactory.java:1335) ~[spring-beans-6.1.5.jar:6.1.5]
	at org.springframework.beans.factory.support.AbstractAutowireCapableBeanFactory.createBeanInstance(AbstractAutowireCapableBeanFactory.java:1165) ~[spring-beans-6.1.5.jar:6.1.5]
	at org.springframework.beans.factory.support.AbstractAutowireCapableBeanFactory.doCreateBean(AbstractAutowireCapableBeanFactory.java:562) ~[spring-beans-6.1.5.jar:6.1.5]
	at org.springframework.beans.factory.support.AbstractAutowireCapableBeanFactory.createBean(AbstractAutowireCapableBeanFactory.java:522) ~[spring-beans-6.1.5.jar:6.1.5]
	at org.springframework.beans.factory.support.AbstractBeanFactory.lambda$doGetBean$0(AbstractBeanFactory.java:326) ~[spring-beans-6.1.5.jar:6.1.5]
	at org.springframework.beans.factory.support.DefaultSingletonBeanRegistry.getSingleton(DefaultSingletonBeanRegistry.java:234) ~[spring-beans-6.1.5.jar:6.1.5]
	at org.springframework.beans.factory.support.AbstractBeanFactory.doGetBean(AbstractBeanFactory.java:324) ~[spring-beans-6.1.5.jar:6.1.5]
	at org.springframework.beans.factory.support.AbstractBeanFactory.getBean(AbstractBeanFactory.java:200) ~[spring-beans-6.1.5.jar:6.1.5]
	at org.springframework.beans.factory.support.AbstractBeanFactory.doGetBean(AbstractBeanFactory.java:313) ~[spring-beans-6.1.5.jar:6.1.5]
	at org.springframework.beans.factory.support.AbstractBeanFactory.getBean(AbstractBeanFactory.java:225) ~[spring-beans-6.1.5.jar:6.1.5]
	at org.springframework.beans.factory.support.DefaultListableBeanFactory.resolveNamedBean(DefaultListableBeanFactory.java:1323) ~[spring-beans-6.1.5.jar:6.1.5]
	at org.springframework.beans.factory.support.DefaultListableBeanFactory.resolveNamedBean(DefaultListableBeanFactory.java:1284) ~[spring-beans-6.1.5.jar:6.1.5]
	at org.springframework.beans.factory.support.DefaultListableBeanFactory.resolveBean(DefaultListableBeanFactory.java:486) ~[spring-beans-6.1.5.jar:6.1.5]
	at org.springframework.beans.factory.support.DefaultListableBeanFactory.getBean(DefaultListableBeanFactory.java:341) ~[spring-beans-6.1.5.jar:6.1.5]
	at org.springframework.beans.factory.support.DefaultListableBeanFactory.getBean(DefaultListableBeanFactory.java:334) ~[spring-beans-6.1.5.jar:6.1.5]
	at org.springframework.orm.jpa.EntityManagerFactoryUtils.findEntityManagerFactory(EntityManagerFactoryUtils.java:120) ~[spring-orm-6.1.5.jar:6.1.5]
	at org.springframework.orm.jpa.JpaTransactionManager.setBeanFactory(JpaTransactionManager.java:333) ~[spring-orm-6.1.5.jar:6.1.5]
	at org.springframework.beans.factory.support.AbstractAutowireCapableBeanFactory.invokeAwareMethods(AbstractAutowireCapableBeanFactory.java:1807) ~[spring-beans-6.1.5.jar:6.1.5]
	at org.springframework.beans.factory.support.AbstractAutowireCapableBeanFactory.initializeBean(AbstractAutowireCapableBeanFactory.java:1774) ~[spring-beans-6.1.5.jar:6.1.5]
	at org.springframework.beans.factory.support.AbstractAutowireCapableBeanFactory.doCreateBean(AbstractAutowireCapableBeanFactory.java:600) ~[spring-beans-6.1.5.jar:6.1.5]
	... 38 common frames omitted
Caused by: org.springframework.beans.BeanInstantiationException: Failed to instantiate [org.springframework.boot.autoconfigure.batch.BatchDataSourceScriptDatabaseInitializer]: Factory method 'batchDataSourceInitializer' threw exception with message: Failed to determine DatabaseDriver
	at org.springframework.beans.factory.support.SimpleInstantiationStrategy.instantiate(SimpleInstantiationStrategy.java:177) ~[spring-beans-6.1.5.jar:6.1.5]
	at org.springframework.beans.factory.support.ConstructorResolver.instantiate(ConstructorResolver.java:644) ~[spring-beans-6.1.5.jar:6.1.5]
	... 59 common frames omitted
Caused by: java.lang.IllegalStateException: Failed to determine DatabaseDriver
	at org.springframework.boot.jdbc.init.PlatformPlaceholderDatabaseDriverResolver.getDatabaseDriver(PlatformPlaceholderDatabaseDriverResolver.java:144) ~[spring-boot-3.2.4.jar:3.2.4]
	at org.springframework.boot.jdbc.init.PlatformPlaceholderDatabaseDriverResolver.determinePlatform(PlatformPlaceholderDatabaseDriverResolver.java:132) ~[spring-boot-3.2.4.jar:3.2.4]
	at org.springframework.boot.jdbc.init.PlatformPlaceholderDatabaseDriverResolver.lambda$resolveAll$0(PlatformPlaceholderDatabaseDriverResolver.java:97) ~[spring-boot-3.2.4.jar:3.2.4]
	at org.springframework.boot.jdbc.init.PlatformPlaceholderDatabaseDriverResolver.resolveAll(PlatformPlaceholderDatabaseDriverResolver.java:122) ~[spring-boot-3.2.4.jar:3.2.4]
	at org.springframework.boot.jdbc.init.PlatformPlaceholderDatabaseDriverResolver.resolveAll(PlatformPlaceholderDatabaseDriverResolver.java:97) ~[spring-boot-3.2.4.jar:3.2.4]
	at org.springframework.boot.autoconfigure.batch.BatchDataSourceScriptDatabaseInitializer.resolveSchemaLocations(BatchDataSourceScriptDatabaseInitializer.java:83) ~[spring-boot-autoconfigure-3.2.4.jar:3.2.4]
	at org.springframework.boot.autoconfigure.batch.BatchDataSourceScriptDatabaseInitializer.getSettings(BatchDataSourceScriptDatabaseInitializer.java:72) ~[spring-boot-autoconfigure-3.2.4.jar:3.2.4]
	at org.springframework.boot.autoconfigure.batch.BatchDataSourceScriptDatabaseInitializer.<init>(BatchDataSourceScriptDatabaseInitializer.java:47) ~[spring-boot-autoconfigure-3.2.4.jar:3.2.4]
	at org.springframework.boot.autoconfigure.batch.BatchAutoConfiguration$DataSourceInitializerConfiguration.batchDataSourceInitializer(BatchAutoConfiguration.java:156) ~[spring-boot-autoconfigure-3.2.4.jar:3.2.4]
	at java.base/jdk.internal.reflect.DirectMethodHandleAccessor.invoke(DirectMethodHandleAccessor.java:103) ~[na:na]
	at java.base/java.lang.reflect.Method.invoke(Method.java:580) ~[na:na]
	at org.springframework.beans.factory.support.SimpleInstantiationStrategy.instantiate(SimpleInstantiationStrategy.java:140) ~[spring-beans-6.1.5.jar:6.1.5]
	... 60 common frames omitted
Caused by: org.springframework.jdbc.support.MetaDataAccessException: Could not get Connection for extracting meta-data
	at org.springframework.jdbc.support.JdbcUtils.extractDatabaseMetaData(JdbcUtils.java:357) ~[spring-jdbc-6.1.5.jar:6.1.5]
	at org.springframework.boot.jdbc.init.PlatformPlaceholderDatabaseDriverResolver.getDatabaseDriver(PlatformPlaceholderDatabaseDriverResolver.java:140) ~[spring-boot-3.2.4.jar:3.2.4]
	... 71 common frames omitted
Caused by: org.springframework.jdbc.CannotGetJdbcConnectionException: Failed to obtain JDBC Connection
	at org.springframework.jdbc.datasource.DataSourceUtils.getConnection(DataSourceUtils.java:84) ~[spring-jdbc-6.1.5.jar:6.1.5]
	at org.springframework.jdbc.support.JdbcUtils.extractDatabaseMetaData(JdbcUtils.java:331) ~[spring-jdbc-6.1.5.jar:6.1.5]
	... 72 common frames omitted
Caused by: java.sql.SQLSyntaxErrorException: Unknown database 'smartwatch_leaderboard'
	at com.mysql.cj.jdbc.exceptions.SQLError.createSQLException(SQLError.java:121) ~[mysql-connector-j-8.3.0.jar:8.3.0]
	at com.mysql.cj.jdbc.exceptions.SQLExceptionsMapping.translateException(SQLExceptionsMapping.java:122) ~[mysql-connector-j-8.3.0.jar:8.3.0]
	at com.mysql.cj.jdbc.ConnectionImpl.createNewIO(ConnectionImpl.java:815) ~[mysql-connector-j-8.3.0.jar:8.3.0]
	at com.mysql.cj.jdbc.ConnectionImpl.<init>(ConnectionImpl.java:438) ~[mysql-connector-j-8.3.0.jar:8.3.0]
	at com.mysql.cj.jdbc.ConnectionImpl.getInstance(ConnectionImpl.java:241) ~[mysql-connector-j-8.3.0.jar:8.3.0]
	at com.mysql.cj.jdbc.NonRegisteringDriver.connect(NonRegisteringDriver.java:189) ~[mysql-connector-j-8.3.0.jar:8.3.0]
	at com.zaxxer.hikari.util.DriverDataSource.getConnection(DriverDataSource.java:138) ~[HikariCP-5.0.1.jar:na]
	at com.zaxxer.hikari.pool.PoolBase.newConnection(PoolBase.java:359) ~[HikariCP-5.0.1.jar:na]
	at com.zaxxer.hikari.pool.PoolBase.newPoolEntry(PoolBase.java:201) ~[HikariCP-5.0.1.jar:na]
	at com.zaxxer.hikari.pool.HikariPool.createPoolEntry(HikariPool.java:470) ~[HikariCP-5.0.1.jar:na]
	at com.zaxxer.hikari.pool.HikariPool.checkFailFast(HikariPool.java:561) ~[HikariCP-5.0.1.jar:na]
	at com.zaxxer.hikari.pool.HikariPool.<init>(HikariPool.java:100) ~[HikariCP-5.0.1.jar:na]
	at com.zaxxer.hikari.HikariDataSource.getConnection(HikariDataSource.java:112) ~[HikariCP-5.0.1.jar:na]
	at org.springframework.jdbc.datasource.DataSourceUtils.fetchConnection(DataSourceUtils.java:160) ~[spring-jdbc-6.1.5.jar:6.1.5]
	at org.springframework.jdbc.datasource.DataSourceUtils.doGetConnection(DataSourceUtils.java:118) ~[spring-jdbc-6.1.5.jar:6.1.5]
	at org.springframework.jdbc.datasource.DataSourceUtils.getConnection(DataSourceUtils.java:81) ~[spring-jdbc-6.1.5.jar:6.1.5]
	... 73 common frames omitted

2026-09-02T21:19:20.405+05:30  INFO 18720 --- [smartwatch-leaderboard] [main] c.s.leaderboard.SmartwatchLeaderboard    : Starting SmartwatchLeaderboard using Java 21.0.2 with PID 18720 (C:\Users\PC\smartwatch_application\target\classes started by PC in C:\Users\PC\smartwatch_application)
2026-09-02T21:19:20.408+05:30  INFO 18720 --- [smartwatch-leaderboard] [main] c.s.leaderboard.SmartwatchLeaderboard    : The following 1 profile is active: "local"
2026-09-02T21:19:23.411+05:30  INFO 18720 --- [smartwatch-leaderboard] [main] .s.d.r.c.RepositoryConfigurationDelegate : Bootstrapping Spring Data JPA repositories in DEFAULT mode.
2026-09-02T21:19:23.567+05:30  INFO 18720 --- [smartwatch-leaderboard] [main] .s.d.r.c.RepositoryConfigurationDelegate : Finished Spring Data repository scanning in 135 ms. Found 11 JPA repository interfaces.
2026-09-02T21:19:24.539+05:30  WARN 18720 --- [smartwatch-leaderboard] [main] trationDelegate$BeanPostProcessorChecker : Bean 'org.springframework.boot.autoconfigure.jdbc.DataSourceConfiguration$Hikari' of type [org.springframework.boot.autoconfigure.jdbc.DataSourceConfiguration$Hikari] is not eligible for getting processed by all BeanPostProcessors (for example: not eligible for auto-proxying). Is this bean getting eagerly injected into a currently created BeanPostProcessor [jobRegistryBeanPostProcessor]? Check the corresponding BeanPostProcessor declaration and its dependencies.
2026-09-02T21:19:24.578+05:30  WARN 18720 --- [smartwatch-leaderboard] [main] trationDelegate$BeanPostProcessorChecker : Bean 'spring.datasource-org.springframework.boot.autoconfigure.jdbc.DataSourceProperties' of type [org.springframework.boot.autoconfigure.jdbc.DataSourceProperties] is not eligible for getting processed by all BeanPostProcessors (for example: not eligible for auto-proxying). Is this bean getting eagerly injected into a currently created BeanPostProcessor [jobRegistryBeanPostProcessor]? Check the corresponding BeanPostProcessor declaration and its dependencies.
2026-09-02T21:19:24.592+05:30  WARN 18720 --- [smartwatch-leaderboard] [main] trationDelegate$BeanPostProcessorChecker : Bean 'org.springframework.boot.autoconfigure.jdbc.DataSourceAutoConfiguration$PooledDataSourceConfiguration' of type [org.springframework.boot.autoconfigure.jdbc.DataSourceAutoConfiguration$PooledDataSourceConfiguration] is not eligible for getting processed by all BeanPostProcessors (for example: not eligible for auto-proxying). Is this bean getting eagerly injected into a currently created BeanPostProcessor [jobRegistryBeanPostProcessor]? Check the corresponding BeanPostProcessor declaration and its dependencies.
2026-09-02T21:19:24.600+05:30  WARN 18720 --- [smartwatch-leaderboard] [main] trationDelegate$BeanPostProcessorChecker : Bean 'jdbcConnectionDetails' of type [org.springframework.boot.autoconfigure.jdbc.PropertiesJdbcConnectionDetails] is not eligible for getting processed by all BeanPostProcessors (for example: not eligible for auto-proxying). Is this bean getting eagerly injected into a currently created BeanPostProcessor [jobRegistryBeanPostProcessor]? Check the corresponding BeanPostProcessor declaration and its dependencies.
2026-09-02T21:19:24.643+05:30  WARN 18720 --- [smartwatch-leaderboard] [main] trationDelegate$BeanPostProcessorChecker : Bean 'dataSource' of type [com.zaxxer.hikari.HikariDataSource] is not eligible for getting processed by all BeanPostProcessors (for example: not eligible for auto-proxying). Is this bean getting eagerly injected into a currently created BeanPostProcessor [jobRegistryBeanPostProcessor]? Check the corresponding BeanPostProcessor declaration and its dependencies.
2026-09-02T21:19:24.685+05:30  WARN 18720 --- [smartwatch-leaderboard] [main] trationDelegate$BeanPostProcessorChecker : Bean 'spring.jpa-org.springframework.boot.autoconfigure.orm.jpa.JpaProperties' of type [org.springframework.boot.autoconfigure.orm.jpa.JpaProperties] is not eligible for getting processed by all BeanPostProcessors (for example: not eligible for auto-proxying). Is this bean getting eagerly injected into a currently created BeanPostProcessor [jobRegistryBeanPostProcessor]? Check the corresponding BeanPostProcessor declaration and its dependencies.
2026-09-02T21:19:24.695+05:30  WARN 18720 --- [smartwatch-leaderboard] [main] trationDelegate$BeanPostProcessorChecker : Bean 'spring.jpa.hibernate-org.springframework.boot.autoconfigure.orm.jpa.HibernateProperties' of type [org.springframework.boot.autoconfigure.orm.jpa.HibernateProperties] is not eligible for getting processed by all BeanPostProcessors (for example: not eligible for auto-proxying). Is this bean getting eagerly injected into a currently created BeanPostProcessor [jobRegistryBeanPostProcessor]? Check the corresponding BeanPostProcessor declaration and its dependencies.
2026-09-02T21:19:24.706+05:30  WARN 18720 --- [smartwatch-leaderboard] [main] trationDelegate$BeanPostProcessorChecker : Bean 'org.springframework.boot.autoconfigure.jdbc.metadata.DataSourcePoolMetadataProvidersConfiguration$HikariPoolDataSourceMetadataProviderConfiguration' of type [org.springframework.boot.autoconfigure.jdbc.metadata.DataSourcePoolMetadataProvidersConfiguration$HikariPoolDataSourceMetadataProviderConfiguration] is not eligible for getting processed by all BeanPostProcessors (for example: not eligible for auto-proxying). Is this bean getting eagerly injected into a currently created BeanPostProcessor [jobRegistryBeanPostProcessor]? Check the corresponding BeanPostProcessor declaration and its dependencies.
2026-09-02T21:19:24.711+05:30  WARN 18720 --- [smartwatch-leaderboard] [main] trationDelegate$BeanPostProcessorChecker : Bean 'hikariPoolDataSourceMetadataProvider' of type [org.springframework.boot.autoconfigure.jdbc.metadata.DataSourcePoolMetadataProvidersConfiguration$HikariPoolDataSourceMetadataProviderConfiguration$$Lambda/0x00000211b644c228] is not eligible for getting processed by all BeanPostProcessors (for example: not eligible for auto-proxying). Is this bean getting eagerly injected into a currently created BeanPostProcessor [jobRegistryBeanPostProcessor]? Check the corresponding BeanPostProcessor declaration and its dependencies.
2026-09-02T21:19:24.722+05:30  WARN 18720 --- [smartwatch-leaderboard] [main] trationDelegate$BeanPostProcessorChecker : Bean 'org.springframework.boot.autoconfigure.orm.jpa.HibernateJpaConfiguration' of type [org.springframework.boot.autoconfigure.orm.jpa.HibernateJpaConfiguration] is not eligible for getting processed by all BeanPostProcessors (for example: not eligible for auto-proxying). Is this bean getting eagerly injected into a currently created BeanPostProcessor [jobRegistryBeanPostProcessor]? Check the corresponding BeanPostProcessor declaration and its dependencies.
2026-09-02T21:19:24.742+05:30  WARN 18720 --- [smartwatch-leaderboard] [main] trationDelegate$BeanPostProcessorChecker : Bean 'org.springframework.boot.autoconfigure.transaction.TransactionManagerCustomizationAutoConfiguration' of type [org.springframework.boot.autoconfigure.transaction.TransactionManagerCustomizationAutoConfiguration] is not eligible for getting processed by all BeanPostProcessors (for example: not eligible for auto-proxying). Is this bean getting eagerly injected into a currently created BeanPostProcessor [jobRegistryBeanPostProcessor]? Check the corresponding BeanPostProcessor declaration and its dependencies.
2026-09-02T21:19:24.750+05:30  WARN 18720 --- [smartwatch-leaderboard] [main] trationDelegate$BeanPostProcessorChecker : Bean 'transactionExecutionListeners' of type [org.springframework.boot.autoconfigure.transaction.ExecutionListenersTransactionManagerCustomizer] is not eligible for getting processed by all BeanPostProcessors (for example: not eligible for auto-proxying). Is this bean getting eagerly injected into a currently created BeanPostProcessor [jobRegistryBeanPostProcessor]? Check the corresponding BeanPostProcessor declaration and its dependencies.
2026-09-02T21:19:24.760+05:30  WARN 18720 --- [smartwatch-leaderboard] [main] trationDelegate$BeanPostProcessorChecker : Bean 'spring.transaction-org.springframework.boot.autoconfigure.transaction.TransactionProperties' of type [org.springframework.boot.autoconfigure.transaction.TransactionProperties] is not eligible for getting processed by all BeanPostProcessors (for example: not eligible for auto-proxying). Is this bean getting eagerly injected into a currently created BeanPostProcessor [jobRegistryBeanPostProcessor]? Check the corresponding BeanPostProcessor declaration and its dependencies.
2026-09-02T21:19:24.765+05:30  WARN 18720 --- [smartwatch-leaderboard] [main] trationDelegate$BeanPostProcessorChecker : Bean 'platformTransactionManagerCustomizers' of type [org.springframework.boot.autoconfigure.transaction.TransactionManagerCustomizers] is not eligible for getting processed by all BeanPostProcessors (for example: not eligible for auto-proxying). Is this bean getting eagerly injected into a currently created BeanPostProcessor [jobRegistryBeanPostProcessor]? Check the corresponding BeanPostProcessor declaration and its dependencies.
2026-09-02T21:19:24.792+05:30  WARN 18720 --- [smartwatch-leaderboard] [main] trationDelegate$BeanPostProcessorChecker : Bean 'org.springframework.boot.autoconfigure.sql.init.DataSourceInitializationConfiguration' of type [org.springframework.boot.autoconfigure.sql.init.DataSourceInitializationConfiguration] is not eligible for getting processed by all BeanPostProcessors (for example: not eligible for auto-proxying). Is this bean getting eagerly injected into a currently created BeanPostProcessor [jobRegistryBeanPostProcessor]? Check the corresponding BeanPostProcessor declaration and its dependencies.
2026-09-02T21:19:24.804+05:30  WARN 18720 --- [smartwatch-leaderboard] [main] trationDelegate$BeanPostProcessorChecker : Bean 'spring.sql.init-org.springframework.boot.autoconfigure.sql.init.SqlInitializationProperties' of type [org.springframework.boot.autoconfigure.sql.init.SqlInitializationProperties] is not eligible for getting processed by all BeanPostProcessors (for example: not eligible for auto-proxying). Is this bean getting eagerly injected into a currently created BeanPostProcessor [jobRegistryBeanPostProcessor]? Check the corresponding BeanPostProcessor declaration and its dependencies.
2026-09-02T21:19:24.817+05:30  WARN 18720 --- [smartwatch-leaderboard] [main] trationDelegate$BeanPostProcessorChecker : Bean 'dataSourceScriptDatabaseInitializer' of type [org.springframework.boot.autoconfigure.sql.init.SqlDataSourceScriptDatabaseInitializer] is not eligible for getting processed by all BeanPostProcessors (for example: not eligible for auto-proxying). Is this bean getting eagerly injected into a currently created BeanPostProcessor [jobRegistryBeanPostProcessor]? Check the corresponding BeanPostProcessor declaration and its dependencies.
2026-09-02T21:19:24.827+05:30  WARN 18720 --- [smartwatch-leaderboard] [main] trationDelegate$BeanPostProcessorChecker : Bean 'org.springframework.boot.autoconfigure.batch.BatchAutoConfiguration$DataSourceInitializerConfiguration' of type [org.springframework.boot.autoconfigure.batch.BatchAutoConfiguration$DataSourceInitializerConfiguration] is not eligible for getting processed by all BeanPostProcessors (for example: not eligible for auto-proxying). Is this bean getting eagerly injected into a currently created BeanPostProcessor [jobRegistryBeanPostProcessor]? Check the corresponding BeanPostProcessor declaration and its dependencies.
2026-09-02T21:19:24.844+05:30  WARN 18720 --- [smartwatch-leaderboard] [main] trationDelegate$BeanPostProcessorChecker : Bean 'spring.batch-org.springframework.boot.autoconfigure.batch.BatchProperties' of type [org.springframework.boot.autoconfigure.batch.BatchProperties] is not eligible for getting processed by all BeanPostProcessors (for example: not eligible for auto-proxying). Is this bean getting eagerly injected into a currently created BeanPostProcessor [jobRegistryBeanPostProcessor]? Check the corresponding BeanPostProcessor declaration and its dependencies.
2026-09-02T21:19:24.867+05:30  INFO 18720 --- [smartwatch-leaderboard] [main] com.zaxxer.hikari.HikariDataSource       : HikariPool-1 - Starting...
2026-09-02T21:19:25.293+05:30  INFO 18720 --- [smartwatch-leaderboard] [main] com.zaxxer.hikari.pool.HikariPool        : HikariPool-1 - Added connection com.mysql.cj.jdbc.ConnectionImpl@45d4421d
2026-09-02T21:19:25.297+05:30  INFO 18720 --- [smartwatch-leaderboard] [main] com.zaxxer.hikari.HikariDataSource       : HikariPool-1 - Start completed.
2026-09-02T21:19:26.951+05:30  WARN 18720 --- [smartwatch-leaderboard] [main] trationDelegate$BeanPostProcessorChecker : Bean 'batchDataSourceInitializer' of type [org.springframework.boot.autoconfigure.batch.BatchDataSourceScriptDatabaseInitializer] is not eligible for getting processed by all BeanPostProcessors (for example: not eligible for auto-proxying). Is this bean getting eagerly injected into a currently created BeanPostProcessor [jobRegistryBeanPostProcessor]? Check the corresponding BeanPostProcessor declaration and its dependencies.
2026-09-02T21:19:27.037+05:30  WARN 18720 --- [smartwatch-leaderboard] [main] trationDelegate$BeanPostProcessorChecker : Bean 'jpaVendorAdapter' of type [org.springframework.orm.jpa.vendor.HibernateJpaVendorAdapter] is not eligible for getting processed by all BeanPostProcessors (for example: not eligible for auto-proxying). Is this bean getting eagerly injected into a currently created BeanPostProcessor [jobRegistryBeanPostProcessor]? Check the corresponding BeanPostProcessor declaration and its dependencies.
2026-09-02T21:19:27.063+05:30  WARN 18720 --- [smartwatch-leaderboard] [main] trationDelegate$BeanPostProcessorChecker : Bean 'entityManagerFactoryBuilder' of type [org.springframework.boot.orm.jpa.EntityManagerFactoryBuilder] is not eligible for getting processed by all BeanPostProcessors (for example: not eligible for auto-proxying). Is this bean getting eagerly injected into a currently created BeanPostProcessor [jobRegistryBeanPostProcessor]? Check the corresponding BeanPostProcessor declaration and its dependencies.
2026-09-02T21:19:27.123+05:30  WARN 18720 --- [smartwatch-leaderboard] [main] trationDelegate$BeanPostProcessorChecker : Bean 'persistenceManagedTypes' of type [org.springframework.orm.jpa.persistenceunit.SimplePersistenceManagedTypes] is not eligible for getting processed by all BeanPostProcessors (for example: not eligible for auto-proxying). Is this bean getting eagerly injected into a currently created BeanPostProcessor [jobRegistryBeanPostProcessor]? Check the corresponding BeanPostProcessor declaration and its dependencies.
2026-09-02T21:19:27.422+05:30  INFO 18720 --- [smartwatch-leaderboard] [main] o.hibernate.jpa.internal.util.LogHelper  : HHH000204: Processing PersistenceUnitInfo [name: default]
2026-09-02T21:19:28.314+05:30  INFO 18720 --- [smartwatch-leaderboard] [main] org.hibernate.Version                    : HHH000412: Hibernate ORM core version 6.4.4.Final
2026-09-02T21:19:28.707+05:30  INFO 18720 --- [smartwatch-leaderboard] [main] o.h.c.internal.RegionFactoryInitiator    : HHH000026: Second-level cache disabled
2026-09-02T21:19:30.630+05:30  INFO 18720 --- [smartwatch-leaderboard] [main] o.s.o.j.p.SpringPersistenceUnitInfo      : No LoadTimeWeaver setup: ignoring JPA class transformer
2026-09-02T21:19:37.668+05:30  INFO 18720 --- [smartwatch-leaderboard] [main] o.h.e.t.j.p.i.JtaPlatformInitiator       : HHH000489: No JTA platform available (set 'hibernate.transaction.jta.platform' to enable JTA platform integration)
2026-09-02T21:19:47.410+05:30  INFO 18720 --- [smartwatch-leaderboard] [main] j.LocalContainerEntityManagerFactoryBean : Initialized JPA EntityManagerFactory for persistence unit 'default'
2026-09-02T21:19:47.427+05:30  WARN 18720 --- [smartwatch-leaderboard] [main] trationDelegate$BeanPostProcessorChecker : Bean 'entityManagerFactory' of type [org.springframework.orm.jpa.LocalContainerEntityManagerFactoryBean] is not eligible for getting processed by all BeanPostProcessors (for example: not eligible for auto-proxying). Is this bean getting eagerly injected into a currently created BeanPostProcessor [jobRegistryBeanPostProcessor]? Check the corresponding BeanPostProcessor declaration and its dependencies.
2026-09-02T21:19:47.486+05:30  WARN 18720 --- [smartwatch-leaderboard] [main] trationDelegate$BeanPostProcessorChecker : Bean 'entityManagerFactory' of type [jdk.proxy2.$Proxy148] is not eligible for getting processed by all BeanPostProcessors (for example: not eligible for auto-proxying). Is this bean getting eagerly injected into a currently created BeanPostProcessor [jobRegistryBeanPostProcessor]? Check the corresponding BeanPostProcessor declaration and its dependencies.
2026-09-02T21:19:47.556+05:30  WARN 18720 --- [smartwatch-leaderboard] [main] trationDelegate$BeanPostProcessorChecker : Bean 'transactionManager' of type [org.springframework.orm.jpa.JpaTransactionManager] is not eligible for getting processed by all BeanPostProcessors (for example: not eligible for auto-proxying). Is this bean getting eagerly injected into a currently created BeanPostProcessor [jobRegistryBeanPostProcessor]? Check the corresponding BeanPostProcessor declaration and its dependencies.
2026-09-02T21:19:47.634+05:30  WARN 18720 --- [smartwatch-leaderboard] [main] trationDelegate$BeanPostProcessorChecker : Bean 'org.springframework.boot.autoconfigure.batch.BatchAutoConfiguration$SpringBootBatchConfiguration' of type [org.springframework.boot.autoconfigure.batch.BatchAutoConfiguration$SpringBootBatchConfiguration] is not eligible for getting processed by all BeanPostProcessors (for example: not eligible for auto-proxying). The currently created BeanPostProcessor [jobRegistryBeanPostProcessor] is declared through a non-static factory method on that class; consider declaring it as static instead.
2026-09-02T21:19:49.533+05:30  INFO 18720 --- [smartwatch-leaderboard] [main] o.s.b.w.embedded.tomcat.TomcatWebServer  : Tomcat initialized with port 8081 (http)
2026-09-02T21:19:49.667+05:30  INFO 18720 --- [smartwatch-leaderboard] [main] o.apache.catalina.core.StandardService   : Starting service [Tomcat]
2026-09-02T21:19:49.669+05:30  INFO 18720 --- [smartwatch-leaderboard] [main] o.apache.catalina.core.StandardEngine    : Starting Servlet engine: [Apache Tomcat/10.1.19]
2026-09-02T21:19:50.237+05:30  INFO 18720 --- [smartwatch-leaderboard] [main] o.a.c.c.C.[Tomcat].[localhost].[/]       : Initializing Spring embedded WebApplicationContext
2026-09-02T21:19:50.239+05:30  INFO 18720 --- [smartwatch-leaderboard] [main] w.s.c.ServletWebServerApplicationContext : Root WebApplicationContext: initialization completed in 29729 ms
2026-09-02T21:19:52.470+05:30  INFO 18720 --- [smartwatch-leaderboard] [main] o.s.d.j.r.query.QueryEnhancerFactory     : Hibernate is in classpath; If applicable, HQL parser will be used.
2026-09-02T21:19:59.402+05:30  INFO 18720 --- [smartwatch-leaderboard] [main] o.s.b.a.e.web.EndpointLinksResolver      : Exposing 1 endpoint(s) beneath base path '/actuator'
2026-09-02T21:19:59.720+05:30  INFO 18720 --- [smartwatch-leaderboard] [main] o.s.s.web.DefaultSecurityFilterChain     : Will secure any request with [org.springframework.security.web.session.DisableEncodeUrlFilter@2119bb3d, org.springframework.security.web.context.request.async.WebAsyncManagerIntegrationFilter@95c89b4, org.springframework.security.web.context.SecurityContextHolderFilter@27ad94b3, org.springframework.security.web.header.HeaderWriterFilter@1231e446, org.springframework.web.filter.CorsFilter@b2b3a40, org.springframework.security.web.authentication.logout.LogoutFilter@4c368165, com.smartwatch.leaderboard.utils.JwtAuthFilter@6722f81a, org.springframework.security.web.savedrequest.RequestCacheAwareFilter@389ae8f1, org.springframework.security.web.servletapi.SecurityContextHolderAwareRequestFilter@11088420, org.springframework.security.web.authentication.AnonymousAuthenticationFilter@b0bb7f1, org.springframework.security.web.session.SessionManagementFilter@7c1a4a74, org.springframework.security.web.access.ExceptionTranslationFilter@2564b7f2, org.springframework.security.web.access.intercept.AuthorizationFilter@34a5dc29]
2026-09-02T21:20:01.928+05:30  INFO 18720 --- [smartwatch-leaderboard] [main] o.s.b.w.embedded.tomcat.TomcatWebServer  : Tomcat started on port 8081 (http) with context path ''
2026-09-02T21:20:02.265+05:30  INFO 18720 --- [smartwatch-leaderboard] [main] o.a.k.clients.consumer.ConsumerConfig    : ConsumerConfig values: 
	allow.auto.create.topics = true
	auto.commit.interval.ms = 5000
	auto.include.jmx.reporter = true
	auto.offset.reset = earliest
	bootstrap.servers = [localhost:9092]
	check.crcs = true
	client.dns.lookup = use_all_dns_ips
	client.id = consumer-consumer-group-1
	client.rack = 
	connections.max.idle.ms = 540000
	default.api.timeout.ms = 60000
	enable.auto.commit = false
	exclude.internal.topics = true
	fetch.max.bytes = 52428800
	fetch.max.wait.ms = 500
	fetch.min.bytes = 1
	group.id = consumer-group
	group.instance.id = null
	heartbeat.interval.ms = 3000
	interceptor.classes = []
	internal.leave.group.on.close = true
	internal.throw.on.fetch.stable.offset.unsupported = false
	isolation.level = read_uncommitted
	key.deserializer = class org.springframework.kafka.support.serializer.ErrorHandlingDeserializer
	max.partition.fetch.bytes = 1048576
	max.poll.interval.ms = 300000
	max.poll.records = 500
	metadata.max.age.ms = 300000
	metric.reporters = []
	metrics.num.samples = 2
	metrics.recording.level = INFO
	metrics.sample.window.ms = 30000
	partition.assignment.strategy = [class org.apache.kafka.clients.consumer.RangeAssignor, class org.apache.kafka.clients.consumer.CooperativeStickyAssignor]
	receive.buffer.bytes = 65536
	reconnect.backoff.max.ms = 1000
	reconnect.backoff.ms = 50
	request.timeout.ms = 30000
	retry.backoff.ms = 100
	sasl.client.callback.handler.class = null
	sasl.jaas.config = null
	sasl.kerberos.kinit.cmd = /usr/bin/kinit
	sasl.kerberos.min.time.before.relogin = 60000
	sasl.kerberos.service.name = null
	sasl.kerberos.ticket.renew.jitter = 0.05
	sasl.kerberos.ticket.renew.window.factor = 0.8
	sasl.login.callback.handler.class = null
	sasl.login.class = null
	sasl.login.connect.timeout.ms = null
	sasl.login.read.timeout.ms = null
	sasl.login.refresh.buffer.seconds = 300
	sasl.login.refresh.min.period.seconds = 60
	sasl.login.refresh.window.factor = 0.8
	sasl.login.refresh.window.jitter = 0.05
	sasl.login.retry.backoff.max.ms = 10000
	sasl.login.retry.backoff.ms = 100
	sasl.mechanism = GSSAPI
	sasl.oauthbearer.clock.skew.seconds = 30
	sasl.oauthbearer.expected.audience = null
	sasl.oauthbearer.expected.issuer = null
	sasl.oauthbearer.jwks.endpoint.refresh.ms = 3600000
	sasl.oauthbearer.jwks.endpoint.retry.backoff.max.ms = 10000
	sasl.oauthbearer.jwks.endpoint.retry.backoff.ms = 100
	sasl.oauthbearer.jwks.endpoint.url = null
	sasl.oauthbearer.scope.claim.name = scope
	sasl.oauthbearer.sub.claim.name = sub
	sasl.oauthbearer.token.endpoint.url = null
	security.protocol = PLAINTEXT
	security.providers = null
	send.buffer.bytes = 131072
	session.timeout.ms = 45000
	socket.connection.setup.timeout.max.ms = 30000
	socket.connection.setup.timeout.ms = 10000
	ssl.cipher.suites = null
	ssl.enabled.protocols = [TLSv1.2, TLSv1.3]
	ssl.endpoint.identification.algorithm = https
	ssl.engine.factory.class = null
	ssl.key.password = null
	ssl.keymanager.algorithm = SunX509
	ssl.keystore.certificate.chain = null
	ssl.keystore.key = null
	ssl.keystore.location = null
	ssl.keystore.password = null
	ssl.keystore.type = JKS
	ssl.protocol = TLSv1.3
	ssl.provider = null
	ssl.secure.random.implementation = null
	ssl.trustmanager.algorithm = PKIX
	ssl.truststore.certificates = null
	ssl.truststore.location = null
	ssl.truststore.password = null
	ssl.truststore.type = JKS
	value.deserializer = class org.springframework.kafka.support.serializer.ErrorHandlingDeserializer

2026-09-02T21:20:03.643+05:30  INFO 18720 --- [smartwatch-leaderboard] [main] o.a.kafka.common.utils.AppInfoParser     : Kafka version: 3.6.1
2026-09-02T21:20:03.644+05:30  INFO 18720 --- [smartwatch-leaderboard] [main] o.a.kafka.common.utils.AppInfoParser     : Kafka commitId: 5e3c2b738d253ff5
2026-09-02T21:20:03.644+05:30  INFO 18720 --- [smartwatch-leaderboard] [main] o.a.kafka.common.utils.AppInfoParser     : Kafka startTimeMs: 1788364203632
2026-09-02T21:20:03.703+05:30  INFO 18720 --- [smartwatch-leaderboard] [main] fkaConsumerFactory$ExtendedKafkaConsumer : [Consumer clientId=consumer-consumer-group-1, groupId=consumer-group] Subscribed to topic(s): events
2026-09-02T21:20:03.828+05:30  INFO 18720 --- [smartwatch-leaderboard] [main] c.s.leaderboard.SmartwatchLeaderboard    : Started SmartwatchLeaderboard in 44.518 seconds (process running for 45.246)
2026-09-02T21:20:05.723+05:30  INFO 18720 --- [smartwatch-leaderboard] [http-nio-8081-exec-1] o.a.c.c.C.[Tomcat].[localhost].[/]       : Initializing Spring DispatcherServlet 'dispatcherServlet'
2026-09-02T21:20:05.725+05:30  INFO 18720 --- [smartwatch-leaderboard] [http-nio-8081-exec-1] o.s.web.servlet.DispatcherServlet        : Initializing Servlet 'dispatcherServlet'
2026-09-02T21:20:05.733+05:30  INFO 18720 --- [smartwatch-leaderboard] [http-nio-8081-exec-1] o.s.web.servlet.DispatcherServlet        : Completed initialization in 5 ms
2026-09-02T21:20:05.937+05:30 DEBUG 18720 --- [smartwatch-leaderboard] [http-nio-8081-exec-1] o.s.security.web.FilterChainProxy        : Securing GET /swagger-ui/index.html
2026-09-02T21:20:06.034+05:30 DEBUG 18720 --- [smartwatch-leaderboard] [http-nio-8081-exec-1] o.s.s.w.a.AnonymousAuthenticationFilter  : Set SecurityContextHolder to anonymous SecurityContext
2026-09-02T21:20:06.091+05:30 DEBUG 18720 --- [smartwatch-leaderboard] [http-nio-8081-exec-1] o.s.security.web.FilterChainProxy        : Secured GET /swagger-ui/index.html
2026-09-02T21:20:06.307+05:30 DEBUG 18720 --- [smartwatch-leaderboard] [http-nio-8081-exec-3] o.s.security.web.FilterChainProxy        : Securing GET /swagger-ui/index.css
2026-09-02T21:20:06.308+05:30 DEBUG 18720 --- [smartwatch-leaderboard] [http-nio-8081-exec-4] o.s.security.web.FilterChainProxy        : Securing GET /swagger-ui/swagger-ui-bundle.js
2026-09-02T21:20:06.318+05:30 DEBUG 18720 --- [smartwatch-leaderboard] [http-nio-8081-exec-2] o.s.security.web.FilterChainProxy        : Securing GET /swagger-ui/swagger-ui.css
2026-09-02T21:20:06.320+05:30 DEBUG 18720 --- [smartwatch-leaderboard] [http-nio-8081-exec-3] o.s.s.w.a.AnonymousAuthenticationFilter  : Set SecurityContextHolder to anonymous SecurityContext
2026-09-02T21:20:06.324+05:30 DEBUG 18720 --- [smartwatch-leaderboard] [http-nio-8081-exec-6] o.s.security.web.FilterChainProxy        : Securing GET /swagger-ui/swagger-initializer.js
2026-09-02T21:20:06.322+05:30 DEBUG 18720 --- [smartwatch-leaderboard] [http-nio-8081-exec-5] o.s.security.web.FilterChainProxy        : Securing GET /swagger-ui/swagger-ui-standalone-preset.js
2026-09-02T21:20:06.323+05:30 DEBUG 18720 --- [smartwatch-leaderboard] [http-nio-8081-exec-4] o.s.s.w.a.AnonymousAuthenticationFilter  : Set SecurityContextHolder to anonymous SecurityContext
2026-09-02T21:20:06.329+05:30 DEBUG 18720 --- [smartwatch-leaderboard] [http-nio-8081-exec-2] o.s.s.w.a.AnonymousAuthenticationFilter  : Set SecurityContextHolder to anonymous SecurityContext
2026-09-02T21:20:06.331+05:30 DEBUG 18720 --- [smartwatch-leaderboard] [http-nio-8081-exec-3] o.s.security.web.FilterChainProxy        : Secured GET /swagger-ui/index.css
2026-09-02T21:20:06.345+05:30 DEBUG 18720 --- [smartwatch-leaderboard] [http-nio-8081-exec-4] o.s.security.web.FilterChainProxy        : Secured GET /swagger-ui/swagger-ui-bundle.js
2026-09-02T21:20:06.345+05:30 DEBUG 18720 --- [smartwatch-leaderboard] [http-nio-8081-exec-5] o.s.s.w.a.AnonymousAuthenticationFilter  : Set SecurityContextHolder to anonymous SecurityContext
2026-09-02T21:20:06.345+05:30 DEBUG 18720 --- [smartwatch-leaderboard] [http-nio-8081-exec-6] o.s.s.w.a.AnonymousAuthenticationFilter  : Set SecurityContextHolder to anonymous SecurityContext
2026-09-02T21:20:06.354+05:30 DEBUG 18720 --- [smartwatch-leaderboard] [http-nio-8081-exec-2] o.s.security.web.FilterChainProxy        : Secured GET /swagger-ui/swagger-ui.css
2026-09-02T21:20:06.369+05:30 DEBUG 18720 --- [smartwatch-leaderboard] [http-nio-8081-exec-5] o.s.security.web.FilterChainProxy        : Secured GET /swagger-ui/swagger-ui-standalone-preset.js
2026-09-02T21:20:06.381+05:30 DEBUG 18720 --- [smartwatch-leaderboard] [http-nio-8081-exec-6] o.s.security.web.FilterChainProxy        : Secured GET /swagger-ui/swagger-initializer.js
2026-09-02T21:20:06.901+05:30 DEBUG 18720 --- [smartwatch-leaderboard] [http-nio-8081-exec-7] o.s.security.web.FilterChainProxy        : Securing GET /v3/api-docs/swagger-config
2026-09-02T21:20:06.909+05:30 DEBUG 18720 --- [smartwatch-leaderboard] [http-nio-8081-exec-7] o.s.s.w.a.AnonymousAuthenticationFilter  : Set SecurityContextHolder to anonymous SecurityContext
2026-09-02T21:20:06.914+05:30 DEBUG 18720 --- [smartwatch-leaderboard] [http-nio-8081-exec-8] o.s.security.web.FilterChainProxy        : Securing GET /swagger-ui/favicon-32x32.png
2026-09-02T21:20:06.920+05:30 DEBUG 18720 --- [smartwatch-leaderboard] [http-nio-8081-exec-7] o.s.security.web.FilterChainProxy        : Secured GET /v3/api-docs/swagger-config
2026-09-02T21:20:06.923+05:30 DEBUG 18720 --- [smartwatch-leaderboard] [http-nio-8081-exec-8] o.s.s.w.a.AnonymousAuthenticationFilter  : Set SecurityContextHolder to anonymous SecurityContext
2026-09-02T21:20:06.927+05:30 DEBUG 18720 --- [smartwatch-leaderboard] [http-nio-8081-exec-8] o.s.security.web.FilterChainProxy        : Secured GET /swagger-ui/favicon-32x32.png
2026-09-02T21:20:07.053+05:30 DEBUG 18720 --- [smartwatch-leaderboard] [http-nio-8081-exec-9] o.s.security.web.FilterChainProxy        : Securing GET /v3/api-docs
2026-09-02T21:20:07.054+05:30 DEBUG 18720 --- [smartwatch-leaderboard] [http-nio-8081-exec-9] o.s.s.w.a.AnonymousAuthenticationFilter  : Set SecurityContextHolder to anonymous SecurityContext
2026-09-02T21:20:07.057+05:30 DEBUG 18720 --- [smartwatch-leaderboard] [http-nio-8081-exec-9] o.s.security.web.FilterChainProxy        : Secured GET /v3/api-docs
2026-09-02T21:20:07.896+05:30  WARN 18720 --- [smartwatch-leaderboard] [org.springframework.kafka.KafkaListenerEndpointContainer#0-0-C-1] org.apache.kafka.clients.NetworkClient   : [Consumer clientId=consumer-consumer-group-1, groupId=consumer-group] Error while fetching metadata with correlation id 2 : {events=UNKNOWN_TOPIC_OR_PARTITION}
2026-09-02T21:20:07.920+05:30  INFO 18720 --- [smartwatch-leaderboard] [org.springframework.kafka.KafkaListenerEndpointContainer#0-0-C-1] org.apache.kafka.clients.Metadata        : [Consumer clientId=consumer-consumer-group-1, groupId=consumer-group] Cluster ID: 9IKhCEzFSAeaixTAfDuUUw
2026-09-02T21:20:07.926+05:30  INFO 18720 --- [smartwatch-leaderboard] [org.springframework.kafka.KafkaListenerEndpointContainer#0-0-C-1] o.a.k.c.c.internals.ConsumerCoordinator  : [Consumer clientId=consumer-consumer-group-1, groupId=consumer-group] Discovered group coordinator localhost:9092 (id: 2147483646 rack: null)
2026-09-02T21:20:07.934+05:30  INFO 18720 --- [smartwatch-leaderboard] [org.springframework.kafka.KafkaListenerEndpointContainer#0-0-C-1] o.a.k.c.c.internals.ConsumerCoordinator  : [Consumer clientId=consumer-consumer-group-1, groupId=consumer-group] (Re-)joining group
2026-09-02T21:20:08.036+05:30  INFO 18720 --- [smartwatch-leaderboard] [org.springframework.kafka.KafkaListenerEndpointContainer#0-0-C-1] o.a.k.c.c.internals.ConsumerCoordinator  : [Consumer clientId=consumer-consumer-group-1, groupId=consumer-group] Request joining group due to: need to re-join with the given member-id: consumer-consumer-group-1-2c78ff22-12bb-4270-bbfd-653aca43813c
2026-09-02T21:20:08.039+05:30  INFO 18720 --- [smartwatch-leaderboard] [org.springframework.kafka.KafkaListenerEndpointContainer#0-0-C-1] o.a.k.c.c.internals.ConsumerCoordinator  : [Consumer clientId=consumer-consumer-group-1, groupId=consumer-group] Request joining group due to: rebalance failed due to 'The group member needs to have a valid member id before actually entering a consumer group.' (MemberIdRequiredException)
2026-09-02T21:20:08.040+05:30  INFO 18720 --- [smartwatch-leaderboard] [org.springframework.kafka.KafkaListenerEndpointContainer#0-0-C-1] o.a.k.c.c.internals.ConsumerCoordinator  : [Consumer clientId=consumer-consumer-group-1, groupId=consumer-group] (Re-)joining group
2026-09-02T21:20:09.365+05:30  INFO 18720 --- [smartwatch-leaderboard] [http-nio-8081-exec-9] o.springdoc.api.AbstractOpenApiResource  : Init duration for springdoc-openapi is: 2259 ms
2026-09-02T21:20:11.048+05:30  INFO 18720 --- [smartwatch-leaderboard] [org.springframework.kafka.KafkaListenerEndpointContainer#0-0-C-1] o.a.k.c.c.internals.ConsumerCoordinator  : [Consumer clientId=consumer-consumer-group-1, groupId=consumer-group] Successfully joined group with generation Generation{generationId=1, memberId='consumer-consumer-group-1-2c78ff22-12bb-4270-bbfd-653aca43813c', protocol='range'}
2026-09-02T21:20:11.092+05:30  INFO 18720 --- [smartwatch-leaderboard] [org.springframework.kafka.KafkaListenerEndpointContainer#0-0-C-1] o.a.k.c.c.internals.ConsumerCoordinator  : [Consumer clientId=consumer-consumer-group-1, groupId=consumer-group] Finished assignment for group at generation 1: {consumer-consumer-group-1-2c78ff22-12bb-4270-bbfd-653aca43813c=Assignment(partitions=[events-0])}
2026-09-02T21:20:11.123+05:30  INFO 18720 --- [smartwatch-leaderboard] [org.springframework.kafka.KafkaListenerEndpointContainer#0-0-C-1] o.a.k.c.c.internals.ConsumerCoordinator  : [Consumer clientId=consumer-consumer-group-1, groupId=consumer-group] Successfully synced group in generation Generation{generationId=1, memberId='consumer-consumer-group-1-2c78ff22-12bb-4270-bbfd-653aca43813c', protocol='range'}
2026-09-02T21:20:11.131+05:30  INFO 18720 --- [smartwatch-leaderboard] [org.springframework.kafka.KafkaListenerEndpointContainer#0-0-C-1] o.a.k.c.c.internals.ConsumerCoordinator  : [Consumer clientId=consumer-consumer-group-1, groupId=consumer-group] Notifying assignor about the new Assignment(partitions=[events-0])
2026-09-02T21:20:11.154+05:30  INFO 18720 --- [smartwatch-leaderboard] [org.springframework.kafka.KafkaListenerEndpointContainer#0-0-C-1] o.a.k.c.c.internals.ConsumerCoordinator  : [Consumer clientId=consumer-consumer-group-1, groupId=consumer-group] Adding newly assigned partitions: events-0
2026-09-02T21:20:11.194+05:30  INFO 18720 --- [smartwatch-leaderboard] [org.springframework.kafka.KafkaListenerEndpointContainer#0-0-C-1] o.a.k.c.c.internals.ConsumerCoordinator  : [Consumer clientId=consumer-consumer-group-1, groupId=consumer-group] Found no committed offset for partition events-0
2026-09-02T21:20:11.238+05:30  INFO 18720 --- [smartwatch-leaderboard] [org.springframework.kafka.KafkaListenerEndpointContainer#0-0-C-1] o.a.k.c.c.internals.SubscriptionState    : [Consumer clientId=consumer-consumer-group-1, groupId=consumer-group] Resetting offset for partition events-0 to position FetchPosition{offset=0, offsetEpoch=Optional.empty, currentLeader=LeaderAndEpoch{leader=Optional[localhost:9092 (id: 1 rack: null)], epoch=0}}.
2026-09-02T21:20:11.242+05:30  INFO 18720 --- [smartwatch-leaderboard] [org.springframework.kafka.KafkaListenerEndpointContainer#0-0-C-1] o.s.k.l.KafkaMessageListenerContainer    : consumer-group: partitions assigned: [events-0]
2026-09-02T21:20:22.682+05:30 DEBUG 18720 --- [smartwatch-leaderboard] [http-nio-8081-exec-10] o.s.security.web.FilterChainProxy        : Securing POST /auth/register
2026-09-02T21:20:22.684+05:30 DEBUG 18720 --- [smartwatch-leaderboard] [http-nio-8081-exec-10] o.s.s.w.a.AnonymousAuthenticationFilter  : Set SecurityContextHolder to anonymous SecurityContext
2026-09-02T21:20:22.686+05:30 DEBUG 18720 --- [smartwatch-leaderboard] [http-nio-8081-exec-10] o.s.security.web.FilterChainProxy        : Secured POST /auth/register
2026-09-02T21:20:24.083+05:30  INFO 18720 --- [smartwatch-leaderboard] [http-nio-8081-exec-10] c.s.l.controller.AuthController          : User registered successfully: pavan@gmail.com
2026-09-02T21:21:14.717+05:30 DEBUG 18720 --- [smartwatch-leaderboard] [http-nio-8081-exec-4] o.s.security.web.FilterChainProxy        : Securing POST /auth/login
2026-09-02T21:21:14.719+05:30 DEBUG 18720 --- [smartwatch-leaderboard] [http-nio-8081-exec-4] o.s.s.w.a.AnonymousAuthenticationFilter  : Set SecurityContextHolder to anonymous SecurityContext
2026-09-02T21:21:14.720+05:30 DEBUG 18720 --- [smartwatch-leaderboard] [http-nio-8081-exec-4] o.s.security.web.FilterChainProxy        : Secured POST /auth/login
2026-09-02T21:21:15.381+05:30 DEBUG 18720 --- [smartwatch-leaderboard] [http-nio-8081-exec-4] o.s.s.a.dao.DaoAuthenticationProvider    : Authenticated user
2026-09-02T21:21:15.390+05:30  INFO 18720 --- [smartwatch-leaderboard] [http-nio-8081-exec-4] c.s.l.controller.AuthController          : Login successful for email: pavan@gmail.com
2026-09-02T21:21:15.517+05:30 DEBUG 18720 --- [smartwatch-leaderboard] [http-nio-8081-exec-6] o.s.security.web.FilterChainProxy        : Securing GET /challenges
2026-09-02T21:21:15.517+05:30 DEBUG 18720 --- [smartwatch-leaderboard] [http-nio-8081-exec-8] o.s.security.web.FilterChainProxy        : Securing GET /tasks
2026-09-02T21:21:15.641+05:30 DEBUG 18720 --- [smartwatch-leaderboard] [http-nio-8081-exec-8] o.s.security.web.FilterChainProxy        : Secured GET /tasks
2026-09-02T21:21:15.643+05:30 DEBUG 18720 --- [smartwatch-leaderboard] [http-nio-8081-exec-8] horizationManagerBeforeMethodInterceptor : Authorizing method invocation ReflectiveMethodInvocation: public org.springframework.http.ResponseEntity com.smartwatch.leaderboard.controller.TaskController.getTasks(); target is of class [com.smartwatch.leaderboard.controller.TaskController]
2026-09-02T21:21:15.649+05:30 DEBUG 18720 --- [smartwatch-leaderboard] [http-nio-8081-exec-6] o.s.security.web.FilterChainProxy        : Secured GET /challenges
2026-09-02T21:21:15.651+05:30 DEBUG 18720 --- [smartwatch-leaderboard] [http-nio-8081-exec-6] horizationManagerBeforeMethodInterceptor : Authorizing method invocation ReflectiveMethodInvocation: public org.springframework.http.ResponseEntity com.smartwatch.leaderboard.controller.ChallengeController.getChallenges(org.springframework.security.core.userdetails.UserDetails); target is of class [com.smartwatch.leaderboard.controller.ChallengeController]
2026-09-02T21:21:15.706+05:30 DEBUG 18720 --- [smartwatch-leaderboard] [http-nio-8081-exec-6] horizationManagerBeforeMethodInterceptor : Authorized method invocation ReflectiveMethodInvocation: public org.springframework.http.ResponseEntity com.smartwatch.leaderboard.controller.ChallengeController.getChallenges(org.springframework.security.core.userdetails.UserDetails); target is of class [com.smartwatch.leaderboard.controller.ChallengeController]
2026-09-02T21:21:15.706+05:30 DEBUG 18720 --- [smartwatch-leaderboard] [http-nio-8081-exec-8] horizationManagerBeforeMethodInterceptor : Authorized method invocation ReflectiveMethodInvocation: public org.springframework.http.ResponseEntity com.smartwatch.leaderboard.controller.TaskController.getTasks(); target is of class [com.smartwatch.leaderboard.controller.TaskController]
2026-09-02T21:21:15.734+05:30  INFO 18720 --- [smartwatch-leaderboard] [http-nio-8081-exec-8] c.s.l.controller.TaskController          : Returned 0 tasks
2026-09-02T21:21:15.771+05:30 DEBUG 18720 --- [smartwatch-leaderboard] [http-nio-8081-exec-7] o.s.security.web.FilterChainProxy        : Securing GET /tasks
2026-09-02T21:21:15.792+05:30  INFO 18720 --- [smartwatch-leaderboard] [http-nio-8081-exec-6] c.s.l.controller.ChallengeController     : Returned 0 challenges for user: pavan@gmail.com
2026-09-02T21:21:15.799+05:30 DEBUG 18720 --- [smartwatch-leaderboard] [http-nio-8081-exec-7] o.s.security.web.FilterChainProxy        : Secured GET /tasks
2026-09-02T21:21:15.802+05:30 DEBUG 18720 --- [smartwatch-leaderboard] [http-nio-8081-exec-7] horizationManagerBeforeMethodInterceptor : Authorizing method invocation ReflectiveMethodInvocation: public org.springframework.http.ResponseEntity com.smartwatch.leaderboard.controller.TaskController.getTasks(); target is of class [com.smartwatch.leaderboard.controller.TaskController]
2026-09-02T21:21:15.806+05:30 DEBUG 18720 --- [smartwatch-leaderboard] [http-nio-8081-exec-7] horizationManagerBeforeMethodInterceptor : Authorized method invocation ReflectiveMethodInvocation: public org.springframework.http.ResponseEntity com.smartwatch.leaderboard.controller.TaskController.getTasks(); target is of class [com.smartwatch.leaderboard.controller.TaskController]
2026-09-02T21:21:15.826+05:30 DEBUG 18720 --- [smartwatch-leaderboard] [http-nio-8081-exec-9] o.s.security.web.FilterChainProxy        : Securing GET /challenges
2026-09-02T21:21:15.830+05:30  INFO 18720 --- [smartwatch-leaderboard] [http-nio-8081-exec-7] c.s.l.controller.TaskController          : Returned 0 tasks
2026-09-02T21:21:15.862+05:30 DEBUG 18720 --- [smartwatch-leaderboard] [http-nio-8081-exec-9] o.s.security.web.FilterChainProxy        : Secured GET /challenges
2026-09-02T21:21:15.888+05:30 DEBUG 18720 --- [smartwatch-leaderboard] [http-nio-8081-exec-9] horizationManagerBeforeMethodInterceptor : Authorizing method invocation ReflectiveMethodInvocation: public org.springframework.http.ResponseEntity com.smartwatch.leaderboard.controller.ChallengeController.getChallenges(org.springframework.security.core.userdetails.UserDetails); target is of class [com.smartwatch.leaderboard.controller.ChallengeController]
2026-09-02T21:21:15.931+05:30 DEBUG 18720 --- [smartwatch-leaderboard] [http-nio-8081-exec-9] horizationManagerBeforeMethodInterceptor : Authorized method invocation ReflectiveMethodInvocation: public org.springframework.http.ResponseEntity com.smartwatch.leaderboard.controller.ChallengeController.getChallenges(org.springframework.security.core.userdetails.UserDetails); target is of class [com.smartwatch.leaderboard.controller.ChallengeController]
2026-09-02T21:21:15.985+05:30  INFO 18720 --- [smartwatch-leaderboard] [http-nio-8081-exec-9] c.s.l.controller.ChallengeController     : Returned 0 challenges for user: pavan@gmail.com
2026-09-02T21:29:08.151+05:30  INFO 18720 --- [smartwatch-leaderboard] [org.springframework.kafka.KafkaListenerEndpointContainer#0-0-C-1] org.apache.kafka.clients.NetworkClient   : [Consumer clientId=consumer-consumer-group-1, groupId=consumer-group] Node -1 disconnected.
2026-09-02T21:36:17.784+05:30 DEBUG 18720 --- [smartwatch-leaderboard] [http-nio-8081-exec-1] o.s.security.web.FilterChainProxy        : Securing GET /challenges
2026-09-02T21:36:17.791+05:30 DEBUG 18720 --- [smartwatch-leaderboard] [http-nio-8081-exec-3] o.s.security.web.FilterChainProxy        : Securing GET /tasks
2026-09-02T21:36:17.801+05:30  WARN 18720 --- [smartwatch-leaderboard] [http-nio-8081-exec-3] c.s.leaderboard.utils.JwtAuthFilter      : JWT expired [/tasks]: JWT expired 812794 milliseconds ago at 2026-09-02T15:52:45.000Z. Current time: 2026-09-02T16:06:17.794Z. Allowed clock skew: 0 milliseconds.
2026-09-02T21:36:17.801+05:30  WARN 18720 --- [smartwatch-leaderboard] [http-nio-8081-exec-1] c.s.leaderboard.utils.JwtAuthFilter      : JWT expired [/challenges]: JWT expired 812792 milliseconds ago at 2026-09-02T15:52:45.000Z. Current time: 2026-09-02T16:06:17.792Z. Allowed clock skew: 0 milliseconds.
2026-09-02T21:36:17.843+05:30 DEBUG 18720 --- [smartwatch-leaderboard] [http-nio-8081-exec-2] o.s.security.web.FilterChainProxy        : Securing GET /challenges
2026-09-02T21:36:17.853+05:30  WARN 18720 --- [smartwatch-leaderboard] [http-nio-8081-exec-2] c.s.leaderboard.utils.JwtAuthFilter      : JWT expired [/challenges]: JWT expired 812849 milliseconds ago at 2026-09-02T15:52:45.000Z. Current time: 2026-09-02T16:06:17.849Z. Allowed clock skew: 0 milliseconds.
2026-09-02T21:36:17.859+05:30 DEBUG 18720 --- [smartwatch-leaderboard] [http-nio-8081-exec-5] o.s.security.web.FilterChainProxy        : Securing GET /tasks
2026-09-02T21:36:18.032+05:30  WARN 18720 --- [smartwatch-leaderboard] [http-nio-8081-exec-5] c.s.leaderboard.utils.JwtAuthFilter      : JWT expired [/tasks]: JWT expired 813030 milliseconds ago at 2026-09-02T15:52:45.000Z. Current time: 2026-09-02T16:06:18.030Z. Allowed clock skew: 0 milliseconds.
2026-09-02T21:39:27.566+05:30 DEBUG 18720 --- [smartwatch-leaderboard] [http-nio-8081-exec-8] o.s.security.web.FilterChainProxy        : Securing GET /tasks
2026-09-02T21:39:27.566+05:30 DEBUG 18720 --- [smartwatch-leaderboard] [http-nio-8081-exec-4] o.s.security.web.FilterChainProxy        : Securing GET /challenges
2026-09-02T21:39:27.571+05:30  WARN 18720 --- [smartwatch-leaderboard] [http-nio-8081-exec-4] c.s.leaderboard.utils.JwtAuthFilter      : JWT expired [/challenges]: JWT expired 1002570 milliseconds ago at 2026-09-02T15:52:45.000Z. Current time: 2026-09-02T16:09:27.570Z. Allowed clock skew: 0 milliseconds.
2026-09-02T21:39:27.571+05:30  WARN 18720 --- [smartwatch-leaderboard] [http-nio-8081-exec-8] c.s.leaderboard.utils.JwtAuthFilter      : JWT expired [/tasks]: JWT expired 1002570 milliseconds ago at 2026-09-02T15:52:45.000Z. Current time: 2026-09-02T16:09:27.570Z. Allowed clock skew: 0 milliseconds.
2026-09-02T21:39:27.611+05:30 DEBUG 18720 --- [smartwatch-leaderboard] [http-nio-8081-exec-7] o.s.security.web.FilterChainProxy        : Securing GET /tasks
2026-09-02T21:39:27.612+05:30 DEBUG 18720 --- [smartwatch-leaderboard] [http-nio-8081-exec-6] o.s.security.web.FilterChainProxy        : Securing GET /challenges
2026-09-02T21:39:27.616+05:30  WARN 18720 --- [smartwatch-leaderboard] [http-nio-8081-exec-7] c.s.leaderboard.utils.JwtAuthFilter      : JWT expired [/tasks]: JWT expired 1002614 milliseconds ago at 2026-09-02T15:52:45.000Z. Current time: 2026-09-02T16:09:27.614Z. Allowed clock skew: 0 milliseconds.
2026-09-02T21:39:27.622+05:30  WARN 18720 --- [smartwatch-leaderboard] [http-nio-8081-exec-6] c.s.leaderboard.utils.JwtAuthFilter      : JWT expired [/challenges]: JWT expired 1002621 milliseconds ago at 2026-09-02T15:52:45.000Z. Current time: 2026-09-02T16:09:27.621Z. Allowed clock skew: 0 milliseconds.
2026-09-02T21:41:16.841+05:30 DEBUG 18720 --- [smartwatch-leaderboard] [http-nio-8081-exec-9] o.s.security.web.FilterChainProxy        : Securing GET /challenges
2026-09-02T21:41:16.843+05:30 DEBUG 18720 --- [smartwatch-leaderboard] [http-nio-8081-exec-10] o.s.security.web.FilterChainProxy        : Securing GET /tasks
2026-09-02T21:41:16.847+05:30  WARN 18720 --- [smartwatch-leaderboard] [http-nio-8081-exec-9] c.s.leaderboard.utils.JwtAuthFilter      : JWT expired [/challenges]: JWT expired 1111846 milliseconds ago at 2026-09-02T15:52:45.000Z. Current time: 2026-09-02T16:11:16.846Z. Allowed clock skew: 0 milliseconds.
2026-09-02T21:41:16.847+05:30  WARN 18720 --- [smartwatch-leaderboard] [http-nio-8081-exec-10] c.s.leaderboard.utils.JwtAuthFilter      : JWT expired [/tasks]: JWT expired 1111846 milliseconds ago at 2026-09-02T15:52:45.000Z. Current time: 2026-09-02T16:11:16.846Z. Allowed clock skew: 0 milliseconds.
2026-09-02T21:41:16.878+05:30 DEBUG 18720 --- [smartwatch-leaderboard] [http-nio-8081-exec-1] o.s.security.web.FilterChainProxy        : Securing GET /tasks
2026-09-02T21:41:16.879+05:30 DEBUG 18720 --- [smartwatch-leaderboard] [http-nio-8081-exec-3] o.s.security.web.FilterChainProxy        : Securing GET /challenges
2026-09-02T21:41:16.884+05:30  WARN 18720 --- [smartwatch-leaderboard] [http-nio-8081-exec-1] c.s.leaderboard.utils.JwtAuthFilter      : JWT expired [/tasks]: JWT expired 1111884 milliseconds ago at 2026-09-02T15:52:45.000Z. Current time: 2026-09-02T16:11:16.884Z. Allowed clock skew: 0 milliseconds.
2026-09-02T21:41:16.884+05:30  WARN 18720 --- [smartwatch-leaderboard] [http-nio-8081-exec-3] c.s.leaderboard.utils.JwtAuthFilter      : JWT expired [/challenges]: JWT expired 1111884 milliseconds ago at 2026-09-02T15:52:45.000Z. Current time: 2026-09-02T16:11:16.884Z. Allowed clock skew: 0 milliseconds.
2026-09-02T21:41:36.302+05:30 DEBUG 18720 --- [smartwatch-leaderboard] [http-nio-8081-exec-2] o.s.security.web.FilterChainProxy        : Securing POST /auth/login
2026-09-02T21:41:36.303+05:30 DEBUG 18720 --- [smartwatch-leaderboard] [http-nio-8081-exec-2] o.s.s.w.a.AnonymousAuthenticationFilter  : Set SecurityContextHolder to anonymous SecurityContext
2026-09-02T21:41:36.304+05:30 DEBUG 18720 --- [smartwatch-leaderboard] [http-nio-8081-exec-2] o.s.security.web.FilterChainProxy        : Secured POST /auth/login
2026-09-02T21:41:36.532+05:30 DEBUG 18720 --- [smartwatch-leaderboard] [http-nio-8081-exec-2] o.s.s.a.dao.DaoAuthenticationProvider    : Authenticated user
2026-09-02T21:41:36.539+05:30  INFO 18720 --- [smartwatch-leaderboard] [http-nio-8081-exec-2] c.s.l.controller.AuthController          : Login successful for email: pavan@gmail.com
2026-09-02T21:41:36.638+05:30 DEBUG 18720 --- [smartwatch-leaderboard] [http-nio-8081-exec-4] o.s.security.web.FilterChainProxy        : Securing GET /tasks
2026-09-02T21:41:36.638+05:30 DEBUG 18720 --- [smartwatch-leaderboard] [http-nio-8081-exec-5] o.s.security.web.FilterChainProxy        : Securing GET /challenges
2026-09-02T21:41:36.661+05:30 DEBUG 18720 --- [smartwatch-leaderboard] [http-nio-8081-exec-4] o.s.security.web.FilterChainProxy        : Secured GET /tasks
2026-09-02T21:41:36.663+05:30 DEBUG 18720 --- [smartwatch-leaderboard] [http-nio-8081-exec-5] o.s.security.web.FilterChainProxy        : Secured GET /challenges
2026-09-02T21:41:36.670+05:30 DEBUG 18720 --- [smartwatch-leaderboard] [http-nio-8081-exec-4] horizationManagerBeforeMethodInterceptor : Authorizing method invocation ReflectiveMethodInvocation: public org.springframework.http.ResponseEntity com.smartwatch.leaderboard.controller.TaskController.getTasks(); target is of class [com.smartwatch.leaderboard.controller.TaskController]
2026-09-02T21:41:36.673+05:30 DEBUG 18720 --- [smartwatch-leaderboard] [http-nio-8081-exec-5] horizationManagerBeforeMethodInterceptor : Authorizing method invocation ReflectiveMethodInvocation: public org.springframework.http.ResponseEntity com.smartwatch.leaderboard.controller.ChallengeController.getChallenges(org.springframework.security.core.userdetails.UserDetails); target is of class [com.smartwatch.leaderboard.controller.ChallengeController]
2026-09-02T21:41:36.676+05:30 DEBUG 18720 --- [smartwatch-leaderboard] [http-nio-8081-exec-5] horizationManagerBeforeMethodInterceptor : Authorized method invocation ReflectiveMethodInvocation: public org.springframework.http.ResponseEntity com.smartwatch.leaderboard.controller.ChallengeController.getChallenges(org.springframework.security.core.userdetails.UserDetails); target is of class [com.smartwatch.leaderboard.controller.ChallengeController]
2026-09-02T21:41:36.676+05:30 DEBUG 18720 --- [smartwatch-leaderboard] [http-nio-8081-exec-4] horizationManagerBeforeMethodInterceptor : Authorized method invocation ReflectiveMethodInvocation: public org.springframework.http.ResponseEntity com.smartwatch.leaderboard.controller.TaskController.getTasks(); target is of class [com.smartwatch.leaderboard.controller.TaskController]
2026-09-02T21:41:36.700+05:30  INFO 18720 --- [smartwatch-leaderboard] [http-nio-8081-exec-4] c.s.l.controller.TaskController          : Returned 0 tasks
2026-09-02T21:41:36.708+05:30  INFO 18720 --- [smartwatch-leaderboard] [http-nio-8081-exec-5] c.s.l.controller.ChallengeController     : Returned 0 challenges for user: pavan@gmail.com
2026-09-02T21:41:36.746+05:30 DEBUG 18720 --- [smartwatch-leaderboard] [http-nio-8081-exec-8] o.s.security.web.FilterChainProxy        : Securing GET /tasks
2026-09-02T21:41:36.752+05:30 DEBUG 18720 --- [smartwatch-leaderboard] [http-nio-8081-exec-7] o.s.security.web.FilterChainProxy        : Securing GET /challenges
2026-09-02T21:41:36.779+05:30 DEBUG 18720 --- [smartwatch-leaderboard] [http-nio-8081-exec-7] o.s.security.web.FilterChainProxy        : Secured GET /challenges
2026-09-02T21:41:36.779+05:30 DEBUG 18720 --- [smartwatch-leaderboard] [http-nio-8081-exec-8] o.s.security.web.FilterChainProxy        : Secured GET /tasks
2026-09-02T21:41:36.782+05:30 DEBUG 18720 --- [smartwatch-leaderboard] [http-nio-8081-exec-7] horizationManagerBeforeMethodInterceptor : Authorizing method invocation ReflectiveMethodInvocation: public org.springframework.http.ResponseEntity com.smartwatch.leaderboard.controller.ChallengeController.getChallenges(org.springframework.security.core.userdetails.UserDetails); target is of class [com.smartwatch.leaderboard.controller.ChallengeController]
2026-09-02T21:41:36.783+05:30 DEBUG 18720 --- [smartwatch-leaderboard] [http-nio-8081-exec-7] horizationManagerBeforeMethodInterceptor : Authorized method invocation ReflectiveMethodInvocation: public org.springframework.http.ResponseEntity com.smartwatch.leaderboard.controller.ChallengeController.getChallenges(org.springframework.security.core.userdetails.UserDetails); target is of class [com.smartwatch.leaderboard.controller.ChallengeController]
2026-09-02T21:41:36.784+05:30 DEBUG 18720 --- [smartwatch-leaderboard] [http-nio-8081-exec-8] horizationManagerBeforeMethodInterceptor : Authorizing method invocation ReflectiveMethodInvocation: public org.springframework.http.ResponseEntity com.smartwatch.leaderboard.controller.TaskController.getTasks(); target is of class [com.smartwatch.leaderboard.controller.TaskController]
2026-09-02T21:41:36.785+05:30 DEBUG 18720 --- [smartwatch-leaderboard] [http-nio-8081-exec-8] horizationManagerBeforeMethodInterceptor : Authorized method invocation ReflectiveMethodInvocation: public org.springframework.http.ResponseEntity com.smartwatch.leaderboard.controller.TaskController.getTasks(); target is of class [com.smartwatch.leaderboard.controller.TaskController]
2026-09-02T21:41:36.807+05:30  INFO 18720 --- [smartwatch-leaderboard] [http-nio-8081-exec-8] c.s.l.controller.TaskController          : Returned 0 tasks
2026-09-02T21:41:36.821+05:30  INFO 18720 --- [smartwatch-leaderboard] [http-nio-8081-exec-7] c.s.l.controller.ChallengeController     : Returned 0 challenges for user: pavan@gmail.com
